WorkerThreadPool: 20 threads, 15 max low-priority.
Godot Engine v4.5.1.stable.official.f62fdbde1 - https://godotengine.org
TextServer: Added interface "Dummy"
TextServer: Added interface "ICU / HarfBuzz / Graphite (Built-in)"
Unrecognized output string "misc2" in mapping:
030000000d0f00000202000000000000,Horipad O Nintendo Switch 2 Controller,a:b1,b:b0,back:b8,dpdown:h0.4,dpleft:h0.8,dpright:h0.2,dpup:h0.1,guide:b12,leftshoulder:b4,leftstick:b10,lefttrigger:b6,leftx:a0,lefty:a1,misc1:b13,misc2:b14,rightshoulder:b5,rightstick:b11,righttrigger:b7,rightx:a2,righty:a3,start:b9,x:b3,y:b2,platform:Windows,
Unrecognized output string "misc2" in mapping:
030000000d0f00009601000000000000,Horipad Steam,a:b0,b:b1,back:b10,dpdown:h0.4,dpleft:h0.8,dpright:h0.2,dpup:h0.1,guide:b12,leftshoulder:b6,leftstick:b13,lefttrigger:b8,leftx:a0,lefty:a1,misc2:b2,paddle1:b5,paddle2:b15,paddle3:b18,paddle4:b19,rightshoulder:b7,rightstick:b14,righttrigger:b9,rightx:a3,righty:a4,start:b11,x:b3,y:b4,platform:Windows,
Unrecognized output string "misc2" in mapping:
030000007e0500006920000000000000,Nintendo Switch 2 Pro Controller,a:b0,b:b1,back:b14,dpdown:b8,dpleft:b10,dpright:b9,dpup:b11,guide:b16,leftshoulder:b12,leftstick:b15,lefttrigger:b13,leftx:a0,lefty:a1~,misc1:b17,misc2:b20,paddle1:b18,paddle2:b19,rightshoulder:b4,rightstick:b7,righttrigger:b5,rightx:a2,righty:a3~,start:b6,x:b2,y:b3,platform:Windows,
Using "default" pen tablet driver...

TextServer: Primary interface set to: "ICU / HarfBuzz / Graphite (Built-in)".
Loading resource: res://default_bus_layout.tres
CORE API HASH: 937899573
EDITOR API HASH: 1777164193
SceneTreeFTI: traversal method DEFAULT
Loading resource: C:/Users/22569/AppData/Roaming/Godot/editor_settings-4.5.tres
EditorSettings: Load OK!
EditorTheme: Generating new theme for the config '66886095'.
EditorTheme: Generating new icons.
EditorTheme: Generating new fonts.
EditorTheme: Generating new styles.
Loading resource: C:/Users/22569/AppData/Local/Godot/editor_doc_cache-4.5.res
Loaded system CA certificates
[   0% ] [90m[1mfirst_scan_filesystem[22m | Started 椤圭洰鍒濆鍖?(5 steps)[39m[0m
[   0% ] [90m[1mfirst_scan_filesystem[22m | 姝ｅ湪鎵弿鏂囦欢缁撴瀯鈥︹€?[39m[0m
[  16% ] [90m[1mfirst_scan_filesystem[22m | 姝ｅ湪鍔犺浇鍏ㄥ眬绫诲悕鈥︹€?[39m[0m
[  33% ] [90m[1mfirst_scan_filesystem[22m | 姝ｅ湪鏍￠獙 GDExtension鈥︹€?[39m[0m
[  50% ] [90m[1mfirst_scan_filesystem[22m | 姝ｅ湪鍒涘缓鑷姩鍔犺浇鑴氭湰鈥︹€?[39m[0m
Loading resource: res://systems/event_bus.gd
Loading resource: res://systems/scene_paths.gd
Loading resource: res://data/definitions/system/player_data_global.gd
Loading resource: res://systems/save_manager.gd
Loading resource: res://systems/audio_manager.gd
Loading resource: res://systems/scene_manager.gd
Loading resource: res://systems/item_use_service.gd
Loading resource: res://systems/quest_manager.gd
Loading resource: res://systems/dialogue_manager.gd
Loading resource: res://systems/tts_manager.gd
[  66% ] [90m[1mfirst_scan_filesystem[22m | 姝ｅ湪鍒濆鍖栨彃浠垛€︹€?[39m[0m
[  83% ] [90m[1mfirst_scan_filesystem[22m | 姝ｅ湪鍚姩鏂囦欢鎵弿鈥︹€?[39m[0m
[92m[ DONE ][39m [1mfirst_scan_filesystem[22m
[0m
[   0% ] [90m[1msavepack[22m | Started 鎵撳寘涓?(102 steps)[39m[0m
[   1% ] [90m[1msavepack[22m | 淇濆瓨鏂囦欢锛歳es://.godot/imported/MatelMax.mp3-76eab8e5d4912d4c0466a3a39e753727.mp3str[39m[0m
[   1% ] [90m[1msavepack[22m | 淇濆瓨鏂囦欢锛歳es://assets/audio/music/MatelMax.mp3.import[39m[0m
[   1% ] [90m[1msavepack[22m | 淇濆瓨鏂囦欢锛歳es://.godot/imported/actor01.png-5fa2da47639e9f555e4364465fbf9689.ctex[39m[0m
[   1% ] [90m[1msavepack[22m | 淇濆瓨鏂囦欢锛歳es://assets/charactor/actor01.png.import[39m[0m
[   1% ] [90m[1msavepack[22m | 淇濆瓨鏂囦欢锛歳es://.godot/imported/battle_bg.jpg-0c4e4bf7a707cffa5b41f0085344674e.ctex[39m[0m
[   1% ] [90m[1msavepack[22m | 淇濆瓨鏂囦欢锛歳es://assets/effects/background/battle_bg.jpg.import[39m[0m
[   2% ] [90m[1msavepack[22m | 淇濆瓨鏂囦欢锛歳es://.godot/imported/base_bullet.png-9b08ccef534395017e54dd18ae581346.ctex[39m[0m
[   2% ] [90m[1msavepack[22m | 淇濆瓨鏂囦欢锛歳es://assets/effects/base_bullet.png.import[39m[0m
[   2% ] [90m[1msavepack[22m | 淇濆瓨鏂囦欢锛歳es://.godot/imported/explosion_scaled_down.png-72b926d9a6a731e0197901d05937af23.ctex[39m[0m
[   2% ] [90m[1msavepack[22m | 淇濆瓨鏂囦欢锛歳es://assets/effects/explosion_scaled_down.png.import[39m[0m
[   2% ] [90m[1msavepack[22m | 淇濆瓨鏂囦欢锛歳es://.godot/imported/cells_in_microscope.jpg-f0aa08983f0426ab7eadf8922cad5342.ctex[39m[0m
[   2% ] [90m[1msavepack[22m | 淇濆瓨鏂囦欢锛歳es://assets/items/tools/cells_in_microscope.jpg.import[39m[0m
[   3% ] [90m[1msavepack[22m | 淇濆瓨鏂囦欢锛歳es://.godot/imported/microscope.webp-e0845ed04371a4fbad1034bbbfef491b.ctex[39m[0m
[   3% ] [90m[1msavepack[22m | 淇濆瓨鏂囦欢锛歳es://assets/items/tools/microscope.webp.import[39m[0m
[   3% ] [90m[1msavepack[22m | 淇濆瓨鏂囦欢锛歳es://.godot/imported/molecule_circle.png-1eebc449f36d24932703863cac08b80e.ctex[39m[0m
[   3% ] [90m[1msavepack[22m | 淇濆瓨鏂囦欢锛歳es://assets/sprites/molecules/molecule_circle.png.import[39m[0m
[   3% ] [90m[1msavepack[22m | 淇濆瓨鏂囦欢锛歳es://.godot/imported/cell_sprite.png-6885b53e86eb3a6978c70738f373a09b.ctex[39m[0m
[   3% ] [90m[1msavepack[22m | 淇濆瓨鏂囦欢锛歳es://assets/sprites/cell_sprite.png.import[39m[0m
[   4% ] [90m[1msavepack[22m | 淇濆瓨鏂囦欢锛歳es://.godot/imported/enemy.png-6b2203c402e38acd697818ffb85e8537.ctex[39m[0m
[   4% ] [90m[1msavepack[22m | 淇濆瓨鏂囦欢锛歳es://assets/sprites/enemy.png.import[39m[0m
[   4% ] [90m[1msavepack[22m | 淇濆瓨鏂囦欢锛歳es://.godot/imported/machine_gun.png-64a135095b705378c923e6d126545cbd.ctex[39m[0m
[   4% ] [90m[1msavepack[22m | 淇濆瓨鏂囦欢锛歳es://assets/sprites/machine_gun.png.import[39m[0m
[   4% ] [90m[1msavepack[22m | 淇濆瓨鏂囦欢锛歳es://.godot/imported/mitochondria.png-18b7d35aab84ea2a64a96392a7b80ece.ctex[39m[0m
[   4% ] [90m[1msavepack[22m | 淇濆瓨鏂囦欢锛歳es://assets/sprites/mitochondria.png.import[39m[0m
[   5% ] [90m[1msavepack[22m | 淇濆瓨鏂囦欢锛歳es://.godot/imported/tanks.png-d8dd18488986c1747cae69de4b6f09e2.ctex[39m[0m
[   5% ] [90m[1msavepack[22m | 淇濆瓨鏂囦欢锛歳es://assets/sprites/tanks.png.import[39m[0m
[   5% ] [90m[1msavepack[22m | 淇濆瓨鏂囦欢锛歳es://.godot/imported/tanks_main_gun.png-6a0b1300d8e4b3390b91ad4f56963b0a.ctex[39m[0m
[   5% ] [90m[1msavepack[22m | 淇濆瓨鏂囦欢锛歳es://assets/sprites/tanks_main_gun.png.import[39m[0m
[   6% ] [90m[1msavepack[22m | 淇濆瓨鏂囦欢锛歳es://.godot/imported/tanks_moving_1.png-feecf08295ee03a4c09844737beedfec.ctex[39m[0m
[   6% ] [90m[1msavepack[22m | 淇濆瓨鏂囦欢锛歳es://assets/sprites/tanks_moving_1.png.import[39m[0m
[   6% ] [90m[1msavepack[22m | 淇濆瓨鏂囦欢锛歳es://.godot/imported/tanks_moving_2.png-039059e0e7c3ce53f64f540c60cc2423.ctex[39m[0m
[   6% ] [90m[1msavepack[22m | 淇濆瓨鏂囦欢锛歳es://assets/sprites/tanks_moving_2.png.import[39m[0m
[   6% ] [90m[1msavepack[22m | 淇濆瓨鏂囦欢锛歳es://.godot/imported/Endo-environment.png-ff12b198bbd7d2893d4f9d24ebf20080.ctex[39m[0m
[   6% ] [90m[1msavepack[22m | 淇濆瓨鏂囦欢锛歳es://assets/tilesets/Endo-environment.png.import[39m[0m
[   7% ] [90m[1msavepack[22m | 淇濆瓨鏂囦欢锛歳es://.godot/imported/LightShadow_pipo.png-fce5cb9b0657276d062f7f08744f5685.ctex[39m[0m
[   7% ] [90m[1msavepack[22m | 淇濆瓨鏂囦欢锛歳es://assets/tilesets/LightShadow_pipo.png.import[39m[0m
Loading resource: res://assets/tilesets/new_tile_set.tres
Loading resource: res://assets/tilesets/[A]Dirt_pipo.png
Loading resource: res://.godot/imported/[A]Dirt_pipo.png-e6acf5b4955e7a01b75fdb44bf8792f0.ctex
Loading resource: res://assets/tilesets/[A]Grass_pipo.png
Loading resource: res://.godot/imported/[A]Grass_pipo.png-782eebed9e25e27e2862bd7c0ce746f2.ctex
ERROR: Cannot create tile. The tile is outside the texture or tiles are already present in the space the tile would cover.
   at: create_tile (scene/resources/2d/tile_set.cpp:4986)
ERROR: The TileSetAtlasSource atlas has no tile at (8, 0).
   at: has_alternative_tile (scene/resources/2d/tile_set.cpp:5438)
ERROR: TileSetAtlasSource has no tile at (8, 0).
   at: create_alternative_tile (scene/resources/2d/tile_set.cpp:5386)
ERROR: Cannot create tile. The tile is outside the texture or tiles are already present in the space the tile would cover.
   at: create_tile (scene/resources/2d/tile_set.cpp:4986)
ERROR: The TileSetAtlasSource atlas has no tile at (9, 0).
   at: has_alternative_tile (scene/resources/2d/tile_set.cpp:5438)
ERROR: TileSetAtlasSource has no tile at (9, 0).
   at: create_alternative_tile (scene/resources/2d/tile_set.cpp:5386)
ERROR: Cannot create tile. The tile is outside the texture or tiles are already present in the space the tile would cover.
   at: create_tile (scene/resources/2d/tile_set.cpp:4986)
ERROR: The TileSetAtlasSource atlas has no tile at (10, 0).
   at: has_alternative_tile (scene/resources/2d/tile_set.cpp:5438)
ERROR: TileSetAtlasSource has no tile at (10, 0).
   at: create_alternative_tile (scene/resources/2d/tile_set.cpp:5386)
ERROR: Cannot create tile. The tile is outside the texture or tiles are already present in the space the tile would cover.
   at: create_tile (scene/resources/2d/tile_set.cpp:4986)
ERROR: The TileSetAtlasSource atlas has no tile at (11, 0).
   at: has_alternative_tile (scene/resources/2d/tile_set.cpp:5438)
ERROR: TileSetAtlasSource has no tile at (11, 0).
   at: create_alternative_tile (scene/resources/2d/tile_set.cpp:5386)
ERROR: Cannot create tile. The tile is outside the texture or tiles are already present in the space the tile would cover.
   at: create_tile (scene/resources/2d/tile_set.cpp:4986)
ERROR: The TileSetAtlasSource atlas has no tile at (12, 0).
   at: has_alternative_tile (scene/resources/2d/tile_set.cpp:5438)
ERROR: TileSetAtlasSource has no tile at (12, 0).
   at: create_alternative_tile (scene/resources/2d/tile_set.cpp:5386)
ERROR: Cannot create tile. The tile is outside the texture or tiles are already present in the space the tile would cover.
   at: create_tile (scene/resources/2d/tile_set.cpp:4986)
ERROR: The TileSetAtlasSource atlas has no tile at (13, 0).
   at: has_alternative_tile (scene/resources/2d/tile_set.cpp:5438)
ERROR: TileSetAtlasSource has no tile at (13, 0).
   at: create_alternative_tile (scene/resources/2d/tile_set.cpp:5386)
ERROR: Cannot create tile. The tile is outside the texture or tiles are already present in the space the tile would cover.
   at: create_tile (scene/resources/2d/tile_set.cpp:4986)
ERROR: The TileSetAtlasSource atlas has no tile at (14, 0).
   at: has_alternative_tile (scene/resources/2d/tile_set.cpp:5438)
ERROR: TileSetAtlasSource has no tile at (14, 0).
   at: create_alternative_tile (scene/resources/2d/tile_set.cpp:5386)
ERROR: Cannot create tile. The tile is outside the texture or tiles are already present in the space the tile would cover.
   at: create_tile (scene/resources/2d/tile_set.cpp:4986)
ERROR: The TileSetAtlasSource atlas has no tile at (15, 0).
   at: has_alternative_tile (scene/resources/2d/tile_set.cpp:5438)
ERROR: TileSetAtlasSource has no tile at (15, 0).
   at: create_alternative_tile (scene/resources/2d/tile_set.cpp:5386)
ERROR: Cannot create tile. The tile is outside the texture or tiles are already present in the space the tile would cover.
   at: create_tile (scene/resources/2d/tile_set.cpp:4986)
ERROR: The TileSetAtlasSource atlas has no tile at (8, 1).
   at: has_alternative_tile (scene/resources/2d/tile_set.cpp:5438)
ERROR: TileSetAtlasSource has no tile at (8, 1).
   at: create_alternative_tile (scene/resources/2d/tile_set.cpp:5386)
ERROR: Cannot create tile. The tile is outside the texture or tiles are already present in the space the tile would cover.
   at: create_tile (scene/resources/2d/tile_set.cpp:4986)
ERROR: The TileSetAtlasSource atlas has no tile at (9, 1).
   at: has_alternative_tile (scene/resources/2d/tile_set.cpp:5438)
ERROR: TileSetAtlasSource has no tile at (9, 1).
   at: create_alternative_tile (scene/resources/2d/tile_set.cpp:5386)
ERROR: Cannot create tile. The tile is outside the texture or tiles are already present in the space the tile would cover.
   at: create_tile (scene/resources/2d/tile_set.cpp:4986)
ERROR: The TileSetAtlasSource atlas has no tile at (10, 1).
   at: has_alternative_tile (scene/resources/2d/tile_set.cpp:5438)
ERROR: TileSetAtlasSource has no tile at (10, 1).
   at: create_alternative_tile (scene/resources/2d/tile_set.cpp:5386)
ERROR: Cannot create tile. The tile is outside the texture or tiles are already present in the space the tile would cover.
   at: create_tile (scene/resources/2d/tile_set.cpp:4986)
ERROR: The TileSetAtlasSource atlas has no tile at (11, 1).
   at: has_alternative_tile (scene/resources/2d/tile_set.cpp:5438)
ERROR: TileSetAtlasSource has no tile at (11, 1).
   at: create_alternative_tile (scene/resources/2d/tile_set.cpp:5386)
ERROR: Cannot create tile. The tile is outside the texture or tiles are already present in the space the tile would cover.
   at: create_tile (scene/resources/2d/tile_set.cpp:4986)
ERROR: The TileSetAtlasSource atlas has no tile at (12, 1).
   at: has_alternative_tile (scene/resources/2d/tile_set.cpp:5438)
ERROR: TileSetAtlasSource has no tile at (12, 1).
   at: create_alternative_tile (scene/resources/2d/tile_set.cpp:5386)
ERROR: Cannot create tile. The tile is outside the texture or tiles are already present in the space the tile would cover.
   at: create_tile (scene/resources/2d/tile_set.cpp:4986)
ERROR: The TileSetAtlasSource atlas has no tile at (13, 1).
   at: has_alternative_tile (scene/resources/2d/tile_set.cpp:5438)
ERROR: TileSetAtlasSource has no tile at (13, 1).
   at: create_alternative_tile (scene/resources/2d/tile_set.cpp:5386)
ERROR: Cannot create tile. The tile is outside the texture or tiles are already present in the space the tile would cover.
   at: create_tile (scene/resources/2d/tile_set.cpp:4986)
ERROR: The TileSetAtlasSource atlas has no tile at (14, 1).
   at: has_alternative_tile (scene/resources/2d/tile_set.cpp:5438)
ERROR: TileSetAtlasSource has no tile at (14, 1).
   at: create_alternative_tile (scene/resources/2d/tile_set.cpp:5386)
ERROR: Cannot create tile. The tile is outside the texture or tiles are already present in the space the tile would cover.
   at: create_tile (scene/resources/2d/tile_set.cpp:4986)
ERROR: The TileSetAtlasSource atlas has no tile at (15, 1).
   at: has_alternative_tile (scene/resources/2d/tile_set.cpp:5438)
ERROR: TileSetAtlasSource has no tile at (15, 1).
   at: create_alternative_tile (scene/resources/2d/tile_set.cpp:5386)
ERROR: Cannot create tile. The tile is outside the texture or tiles are already present in the space the tile would cover.
   at: create_tile (scene/resources/2d/tile_set.cpp:4986)
ERROR: The TileSetAtlasSource atlas has no tile at (8, 2).
   at: has_alternative_tile (scene/resources/2d/tile_set.cpp:5438)
ERROR: TileSetAtlasSource has no tile at (8, 2).
   at: create_alternative_tile (scene/resources/2d/tile_set.cpp:5386)
ERROR: Cannot create tile. The tile is outside the texture or tiles are already present in the space the tile would cover.
   at: create_tile (scene/resources/2d/tile_set.cpp:4986)
ERROR: The TileSetAtlasSource atlas has no tile at (9, 2).
   at: has_alternative_tile (scene/resources/2d/tile_set.cpp:5438)
ERROR: TileSetAtlasSource has no tile at (9, 2).
   at: create_alternative_tile (scene/resources/2d/tile_set.cpp:5386)
ERROR: Cannot create tile. The tile is outside the texture or tiles are already present in the space the tile would cover.
   at: create_tile (scene/resources/2d/tile_set.cpp:4986)
ERROR: The TileSetAtlasSource atlas has no tile at (10, 2).
   at: has_alternative_tile (scene/resources/2d/tile_set.cpp:5438)
ERROR: TileSetAtlasSource has no tile at (10, 2).
   at: create_alternative_tile (scene/resources/2d/tile_set.cpp:5386)
ERROR: Cannot create tile. The tile is outside the texture or tiles are already present in the space the tile would cover.
   at: create_tile (scene/resources/2d/tile_set.cpp:4986)
ERROR: The TileSetAtlasSource atlas has no tile at (11, 2).
   at: has_alternative_tile (scene/resources/2d/tile_set.cpp:5438)
ERROR: TileSetAtlasSource has no tile at (11, 2).
   at: create_alternative_tile (scene/resources/2d/tile_set.cpp:5386)
ERROR: Cannot create tile. The tile is outside the texture or tiles are already present in the space the tile would cover.
   at: create_tile (scene/resources/2d/tile_set.cpp:4986)
ERROR: The TileSetAtlasSource atlas has no tile at (12, 2).
   at: has_alternative_tile (scene/resources/2d/tile_set.cpp:5438)
ERROR: TileSetAtlasSource has no tile at (12, 2).
   at: create_alternative_tile (scene/resources/2d/tile_set.cpp:5386)
ERROR: Cannot create tile. The tile is outside the texture or tiles are already present in the space the tile would cover.
   at: create_tile (scene/resources/2d/tile_set.cpp:4986)
ERROR: The TileSetAtlasSource atlas has no tile at (13, 2).
   at: has_alternative_tile (scene/resources/2d/tile_set.cpp:5438)
ERROR: TileSetAtlasSource has no tile at (13, 2).
   at: create_alternative_tile (scene/resources/2d/tile_set.cpp:5386)
ERROR: Cannot create tile. The tile is outside the texture or tiles are already present in the space the tile would cover.
   at: create_tile (scene/resources/2d/tile_set.cpp:4986)
ERROR: The TileSetAtlasSource atlas has no tile at (14, 2).
   at: has_alternative_tile (scene/resources/2d/tile_set.cpp:5438)
ERROR: TileSetAtlasSource has no tile at (14, 2).
   at: create_alternative_tile (scene/resources/2d/tile_set.cpp:5386)
ERROR: Cannot create tile. The tile is outside the texture or tiles are already present in the space the tile would cover.
   at: create_tile (scene/resources/2d/tile_set.cpp:4986)
ERROR: The TileSetAtlasSource atlas has no tile at (15, 2).
   at: has_alternative_tile (scene/resources/2d/tile_set.cpp:5438)
ERROR: TileSetAtlasSource has no tile at (15, 2).
   at: create_alternative_tile (scene/resources/2d/tile_set.cpp:5386)
ERROR: Cannot create tile. The tile is outside the texture or tiles are already present in the space the tile would cover.
   at: create_tile (scene/resources/2d/tile_set.cpp:4986)
ERROR: The TileSetAtlasSource atlas has no tile at (8, 3).
   at: has_alternative_tile (scene/resources/2d/tile_set.cpp:5438)
ERROR: TileSetAtlasSource has no tile at (8, 3).
   at: create_alternative_tile (scene/resources/2d/tile_set.cpp:5386)
ERROR: Cannot create tile. The tile is outside the texture or tiles are already present in the space the tile would cover.
   at: create_tile (scene/resources/2d/tile_set.cpp:4986)
ERROR: The TileSetAtlasSource atlas has no tile at (9, 3).
   at: has_alternative_tile (scene/resources/2d/tile_set.cpp:5438)
ERROR: TileSetAtlasSource has no tile at (9, 3).
   at: create_alternative_tile (scene/resources/2d/tile_set.cpp:5386)
ERROR: Cannot create tile. The tile is outside the texture or tiles are already present in the space the tile would cover.
   at: create_tile (scene/resources/2d/tile_set.cpp:4986)
ERROR: The TileSetAtlasSource atlas has no tile at (10, 3).
   at: has_alternative_tile (scene/resources/2d/tile_set.cpp:5438)
ERROR: TileSetAtlasSource has no tile at (10, 3).
   at: create_alternative_tile (scene/resources/2d/tile_set.cpp:5386)
ERROR: Cannot create tile. The tile is outside the texture or tiles are already present in the space the tile would cover.
   at: create_tile (scene/resources/2d/tile_set.cpp:4986)
ERROR: The TileSetAtlasSource atlas has no tile at (11, 3).
   at: has_alternative_tile (scene/resources/2d/tile_set.cpp:5438)
ERROR: TileSetAtlasSource has no tile at (11, 3).
   at: create_alternative_tile (scene/resources/2d/tile_set.cpp:5386)
ERROR: Cannot create tile. The tile is outside the texture or tiles are already present in the space the tile would cover.
   at: create_tile (scene/resources/2d/tile_set.cpp:4986)
ERROR: The TileSetAtlasSource atlas has no tile at (12, 3).
   at: has_alternative_tile (scene/resources/2d/tile_set.cpp:5438)
ERROR: TileSetAtlasSource has no tile at (12, 3).
   at: create_alternative_tile (scene/resources/2d/tile_set.cpp:5386)
ERROR: Cannot create tile. The tile is outside the texture or tiles are already present in the space the tile would cover.
   at: create_tile (scene/resources/2d/tile_set.cpp:4986)
ERROR: The TileSetAtlasSource atlas has no tile at (13, 3).
   at: has_alternative_tile (scene/resources/2d/tile_set.cpp:5438)
ERROR: TileSetAtlasSource has no tile at (13, 3).
   at: create_alternative_tile (scene/resources/2d/tile_set.cpp:5386)
ERROR: Cannot create tile. The tile is outside the texture or tiles are already present in the space the tile would cover.
   at: create_tile (scene/resources/2d/tile_set.cpp:4986)
ERROR: The TileSetAtlasSource atlas has no tile at (14, 3).
   at: has_alternative_tile (scene/resources/2d/tile_set.cpp:5438)
ERROR: TileSetAtlasSource has no tile at (14, 3).
   at: create_alternative_tile (scene/resources/2d/tile_set.cpp:5386)
ERROR: Cannot create tile. The tile is outside the texture or tiles are already present in the space the tile would cover.
   at: create_tile (scene/resources/2d/tile_set.cpp:4986)
ERROR: The TileSetAtlasSource atlas has no tile at (15, 3).
   at: has_alternative_tile (scene/resources/2d/tile_set.cpp:5438)
ERROR: TileSetAtlasSource has no tile at (15, 3).
   at: create_alternative_tile (scene/resources/2d/tile_set.cpp:5386)
ERROR: Cannot create tile. The tile is outside the texture or tiles are already present in the space the tile would cover.
   at: create_tile (scene/resources/2d/tile_set.cpp:4986)
ERROR: The TileSetAtlasSource atlas has no tile at (8, 4).
   at: has_alternative_tile (scene/resources/2d/tile_set.cpp:5438)
ERROR: TileSetAtlasSource has no tile at (8, 4).
   at: create_alternative_tile (scene/resources/2d/tile_set.cpp:5386)
ERROR: Cannot create tile. The tile is outside the texture or tiles are already present in the space the tile would cover.
   at: create_tile (scene/resources/2d/tile_set.cpp:4986)
ERROR: The TileSetAtlasSource atlas has no tile at (9, 4).
   at: has_alternative_tile (scene/resources/2d/tile_set.cpp:5438)
ERROR: TileSetAtlasSource has no tile at (9, 4).
   at: create_alternative_tile (scene/resources/2d/tile_set.cpp:5386)
ERROR: Cannot create tile. The tile is outside the texture or tiles are already present in the space the tile would cover.
   at: create_tile (scene/resources/2d/tile_set.cpp:4986)
ERROR: The TileSetAtlasSource atlas has no tile at (10, 4).
   at: has_alternative_tile (scene/resources/2d/tile_set.cpp:5438)
ERROR: TileSetAtlasSource has no tile at (10, 4).
   at: create_alternative_tile (scene/resources/2d/tile_set.cpp:5386)
ERROR: Cannot create tile. The tile is outside the texture or tiles are already present in the space the tile would cover.
   at: create_tile (scene/resources/2d/tile_set.cpp:4986)
ERROR: The TileSetAtlasSource atlas has no tile at (11, 4).
   at: has_alternative_tile (scene/resources/2d/tile_set.cpp:5438)
ERROR: TileSetAtlasSource has no tile at (11, 4).
   at: create_alternative_tile (scene/resources/2d/tile_set.cpp:5386)
ERROR: Cannot create tile. The tile is outside the texture or tiles are already present in the space the tile would cover.
   at: create_tile (scene/resources/2d/tile_set.cpp:4986)
ERROR: The TileSetAtlasSource atlas has no tile at (12, 4).
   at: has_alternative_tile (scene/resources/2d/tile_set.cpp:5438)
ERROR: TileSetAtlasSource has no tile at (12, 4).
   at: create_alternative_tile (scene/resources/2d/tile_set.cpp:5386)
ERROR: Cannot create tile. The tile is outside the texture or tiles are already present in the space the tile would cover.
   at: create_tile (scene/resources/2d/tile_set.cpp:4986)
ERROR: The TileSetAtlasSource atlas has no tile at (13, 4).
   at: has_alternative_tile (scene/resources/2d/tile_set.cpp:5438)
ERROR: TileSetAtlasSource has no tile at (13, 4).
   at: create_alternative_tile (scene/resources/2d/tile_set.cpp:5386)
ERROR: Cannot create tile. The tile is outside the texture or tiles are already present in the space the tile would cover.
   at: create_tile (scene/resources/2d/tile_set.cpp:4986)
ERROR: The TileSetAtlasSource atlas has no tile at (14, 4).
   at: has_alternative_tile (scene/resources/2d/tile_set.cpp:5438)
ERROR: TileSetAtlasSource has no tile at (14, 4).
   at: create_alternative_tile (scene/resources/2d/tile_set.cpp:5386)
ERROR: Cannot create tile. The tile is outside the texture or tiles are already present in the space the tile would cover.
   at: create_tile (scene/resources/2d/tile_set.cpp:4986)
ERROR: The TileSetAtlasSource atlas has no tile at (15, 4).
   at: has_alternative_tile (scene/resources/2d/tile_set.cpp:5438)
ERROR: TileSetAtlasSource has no tile at (15, 4).
   at: create_alternative_tile (scene/resources/2d/tile_set.cpp:5386)
ERROR: Cannot create tile. The tile is outside the texture or tiles are already present in the space the tile would cover.
   at: create_tile (scene/resources/2d/tile_set.cpp:4986)
ERROR: The TileSetAtlasSource atlas has no tile at (8, 5).
   at: has_alternative_tile (scene/resources/2d/tile_set.cpp:5438)
ERROR: TileSetAtlasSource has no tile at (8, 5).
   at: create_alternative_tile (scene/resources/2d/tile_set.cpp:5386)
ERROR: Cannot create tile. The tile is outside the texture or tiles are already present in the space the tile would cover.
   at: create_tile (scene/resources/2d/tile_set.cpp:4986)
ERROR: The TileSetAtlasSource atlas has no tile at (9, 5).
   at: has_alternative_tile (scene/resources/2d/tile_set.cpp:5438)
ERROR: TileSetAtlasSource has no tile at (9, 5).
   at: create_alternative_tile (scene/resources/2d/tile_set.cpp:5386)
ERROR: Cannot create tile. The tile is outside the texture or tiles are already present in the space the tile would cover.
   at: create_tile (scene/resources/2d/tile_set.cpp:4986)
ERROR: The TileSetAtlasSource atlas has no tile at (10, 5).
   at: has_alternative_tile (scene/resources/2d/tile_set.cpp:5438)
ERROR: TileSetAtlasSource has no tile at (10, 5).
   at: create_alternative_tile (scene/resources/2d/tile_set.cpp:5386)
ERROR: Cannot create tile. The tile is outside the texture or tiles are already present in the space the tile would cover.
   at: create_tile (scene/resources/2d/tile_set.cpp:4986)
ERROR: The TileSetAtlasSource atlas has no tile at (11, 5).
   at: has_alternative_tile (scene/resources/2d/tile_set.cpp:5438)
ERROR: TileSetAtlasSource has no tile at (11, 5).
   at: create_alternative_tile (scene/resources/2d/tile_set.cpp:5386)
ERROR: Cannot create tile. The tile is outside the texture or tiles are already present in the space the tile would cover.
   at: create_tile (scene/resources/2d/tile_set.cpp:4986)
ERROR: The TileSetAtlasSource atlas has no tile at (12, 5).
   at: has_alternative_tile (scene/resources/2d/tile_set.cpp:5438)
ERROR: TileSetAtlasSource has no tile at (12, 5).
   at: create_alternative_tile (scene/resources/2d/tile_set.cpp:5386)
ERROR: Cannot create tile. The tile is outside the texture or tiles are already present in the space the tile would cover.
   at: create_tile (scene/resources/2d/tile_set.cpp:4986)
ERROR: The TileSetAtlasSource atlas has no tile at (13, 5).
   at: has_alternative_tile (scene/resources/2d/tile_set.cpp:5438)
ERROR: TileSetAtlasSource has no tile at (13, 5).
   at: create_alternative_tile (scene/resources/2d/tile_set.cpp:5386)
ERROR: Cannot create tile. The tile is outside the texture or tiles are already present in the space the tile would cover.
   at: create_tile (scene/resources/2d/tile_set.cpp:4986)
ERROR: The TileSetAtlasSource atlas has no tile at (14, 5).
   at: has_alternative_tile (scene/resources/2d/tile_set.cpp:5438)
ERROR: TileSetAtlasSource has no tile at (14, 5).
   at: create_alternative_tile (scene/resources/2d/tile_set.cpp:5386)
ERROR: Cannot create tile. The tile is outside the texture or tiles are already present in the space the tile would cover.
   at: create_tile (scene/resources/2d/tile_set.cpp:4986)
ERROR: The TileSetAtlasSource atlas has no tile at (15, 5).
   at: has_alternative_tile (scene/resources/2d/tile_set.cpp:5438)
ERROR: TileSetAtlasSource has no tile at (15, 5).
   at: create_alternative_tile (scene/resources/2d/tile_set.cpp:5386)
ERROR: Cannot create tile. The tile is outside the texture or tiles are already present in the space the tile would cover.
   at: create_tile (scene/resources/2d/tile_set.cpp:4986)
ERROR: The TileSetAtlasSource atlas has no tile at (8, 6).
   at: has_alternative_tile (scene/resources/2d/tile_set.cpp:5438)
ERROR: TileSetAtlasSource has no tile at (8, 6).
   at: create_alternative_tile (scene/resources/2d/tile_set.cpp:5386)
ERROR: Cannot create tile. The tile is outside the texture or tiles are already present in the space the tile would cover.
   at: create_tile (scene/resources/2d/tile_set.cpp:4986)
ERROR: The TileSetAtlasSource atlas has no tile at (9, 6).
   at: has_alternative_tile (scene/resources/2d/tile_set.cpp:5438)
ERROR: TileSetAtlasSource has no tile at (9, 6).
   at: create_alternative_tile (scene/resources/2d/tile_set.cpp:5386)
ERROR: Cannot create tile. The tile is outside the texture or tiles are already present in the space the tile would cover.
   at: create_tile (scene/resources/2d/tile_set.cpp:4986)
ERROR: The TileSetAtlasSource atlas has no tile at (10, 6).
   at: has_alternative_tile (scene/resources/2d/tile_set.cpp:5438)
ERROR: TileSetAtlasSource has no tile at (10, 6).
   at: create_alternative_tile (scene/resources/2d/tile_set.cpp:5386)
ERROR: Cannot create tile. The tile is outside the texture or tiles are already present in the space the tile would cover.
   at: create_tile (scene/resources/2d/tile_set.cpp:4986)
ERROR: The TileSetAtlasSource atlas has no tile at (11, 6).
   at: has_alternative_tile (scene/resources/2d/tile_set.cpp:5438)
ERROR: TileSetAtlasSource has no tile at (11, 6).
   at: create_alternative_tile (scene/resources/2d/tile_set.cpp:5386)
ERROR: Cannot create tile. The tile is outside the texture or tiles are already present in the space the tile would cover.
   at: create_tile (scene/resources/2d/tile_set.cpp:4986)
ERROR: The TileSetAtlasSource atlas has no tile at (12, 6).
   at: has_alternative_tile (scene/resources/2d/tile_set.cpp:5438)
ERROR: TileSetAtlasSource has no tile at (12, 6).
   at: create_alternative_tile (scene/resources/2d/tile_set.cpp:5386)
ERROR: Cannot create tile. The tile is outside the texture or tiles are already present in the space the tile would cover.
   at: create_tile (scene/resources/2d/tile_set.cpp:4986)
ERROR: The TileSetAtlasSource atlas has no tile at (13, 6).
   at: has_alternative_tile (scene/resources/2d/tile_set.cpp:5438)
ERROR: TileSetAtlasSource has no tile at (13, 6).
   at: create_alternative_tile (scene/resources/2d/tile_set.cpp:5386)
ERROR: Cannot create tile. The tile is outside the texture or tiles are already present in the space the tile would cover.
   at: create_tile (scene/resources/2d/tile_set.cpp:4986)
ERROR: The TileSetAtlasSource atlas has no tile at (14, 6).
   at: has_alternative_tile (scene/resources/2d/tile_set.cpp:5438)
ERROR: TileSetAtlasSource has no tile at (14, 6).
   at: create_alternative_tile (scene/resources/2d/tile_set.cpp:5386)
ERROR: Cannot create tile. The tile is outside the texture or tiles are already present in the space the tile would cover.
   at: create_tile (scene/resources/2d/tile_set.cpp:4986)
ERROR: The TileSetAtlasSource atlas has no tile at (15, 6).
   at: has_alternative_tile (scene/resources/2d/tile_set.cpp:5438)
ERROR: TileSetAtlasSource has no tile at (15, 6).
   at: create_alternative_tile (scene/resources/2d/tile_set.cpp:5386)
ERROR: Cannot create tile. The tile is outside the texture or tiles are already present in the space the tile would cover.
   at: create_tile (scene/resources/2d/tile_set.cpp:4986)
ERROR: The TileSetAtlasSource atlas has no tile at (8, 7).
   at: has_alternative_tile (scene/resources/2d/tile_set.cpp:5438)
ERROR: TileSetAtlasSource has no tile at (8, 7).
   at: create_alternative_tile (scene/resources/2d/tile_set.cpp:5386)
ERROR: Cannot create tile. The tile is outside the texture or tiles are already present in the space the tile would cover.
   at: create_tile (scene/resources/2d/tile_set.cpp:4986)
ERROR: The TileSetAtlasSource atlas has no tile at (9, 7).
   at: has_alternative_tile (scene/resources/2d/tile_set.cpp:5438)
ERROR: TileSetAtlasSource has no tile at (9, 7).
   at: create_alternative_tile (scene/resources/2d/tile_set.cpp:5386)
ERROR: Cannot create tile. The tile is outside the texture or tiles are already present in the space the tile would cover.
   at: create_tile (scene/resources/2d/tile_set.cpp:4986)
ERROR: The TileSetAtlasSource atlas has no tile at (10, 7).
   at: has_alternative_tile (scene/resources/2d/tile_set.cpp:5438)
ERROR: TileSetAtlasSource has no tile at (10, 7).
   at: create_alternative_tile (scene/resources/2d/tile_set.cpp:5386)
ERROR: Cannot create tile. The tile is outside the texture or tiles are already present in the space the tile would cover.
   at: create_tile (scene/resources/2d/tile_set.cpp:4986)
ERROR: The TileSetAtlasSource atlas has no tile at (11, 7).
   at: has_alternative_tile (scene/resources/2d/tile_set.cpp:5438)
ERROR: TileSetAtlasSource has no tile at (11, 7).
   at: create_alternative_tile (scene/resources/2d/tile_set.cpp:5386)
ERROR: Cannot create tile. The tile is outside the texture or tiles are already present in the space the tile would cover.
   at: create_tile (scene/resources/2d/tile_set.cpp:4986)
ERROR: The TileSetAtlasSource atlas has no tile at (12, 7).
   at: has_alternative_tile (scene/resources/2d/tile_set.cpp:5438)
ERROR: TileSetAtlasSource has no tile at (12, 7).
   at: create_alternative_tile (scene/resources/2d/tile_set.cpp:5386)
ERROR: Cannot create tile. The tile is outside the texture or tiles are already present in the space the tile would cover.
   at: create_tile (scene/resources/2d/tile_set.cpp:4986)
ERROR: The TileSetAtlasSource atlas has no tile at (13, 7).
   at: has_alternative_tile (scene/resources/2d/tile_set.cpp:5438)
ERROR: TileSetAtlasSource has no tile at (13, 7).
   at: create_alternative_tile (scene/resources/2d/tile_set.cpp:5386)
ERROR: Cannot create tile. The tile is outside the texture or tiles are already present in the space the tile would cover.
   at: create_tile (scene/resources/2d/tile_set.cpp:4986)
ERROR: The TileSetAtlasSource atlas has no tile at (14, 7).
   at: has_alternative_tile (scene/resources/2d/tile_set.cpp:5438)
ERROR: TileSetAtlasSource has no tile at (14, 7).
   at: create_alternative_tile (scene/resources/2d/tile_set.cpp:5386)
ERROR: Cannot create tile. The tile is outside the texture or tiles are already present in the space the tile would cover.
   at: create_tile (scene/resources/2d/tile_set.cpp:4986)
ERROR: The TileSetAtlasSource atlas has no tile at (15, 7).
   at: has_alternative_tile (scene/resources/2d/tile_set.cpp:5438)
ERROR: TileSetAtlasSource has no tile at (15, 7).
   at: create_alternative_tile (scene/resources/2d/tile_set.cpp:5386)
ERROR: Cannot create tile. The tile is outside the texture or tiles are already present in the space the tile would cover.
   at: create_tile (scene/resources/2d/tile_set.cpp:4986)
ERROR: The TileSetAtlasSource atlas has no tile at (8, 8).
   at: has_alternative_tile (scene/resources/2d/tile_set.cpp:5438)
ERROR: TileSetAtlasSource has no tile at (8, 8).
   at: create_alternative_tile (scene/resources/2d/tile_set.cpp:5386)
ERROR: Cannot create tile. The tile is outside the texture or tiles are already present in the space the tile would cover.
   at: create_tile (scene/resources/2d/tile_set.cpp:4986)
ERROR: The TileSetAtlasSource atlas has no tile at (9, 8).
   at: has_alternative_tile (scene/resources/2d/tile_set.cpp:5438)
ERROR: TileSetAtlasSource has no tile at (9, 8).
   at: create_alternative_tile (scene/resources/2d/tile_set.cpp:5386)
ERROR: Cannot create tile. The tile is outside the texture or tiles are already present in the space the tile would cover.
   at: create_tile (scene/resources/2d/tile_set.cpp:4986)
ERROR: The TileSetAtlasSource atlas has no tile at (10, 8).
   at: has_alternative_tile (scene/resources/2d/tile_set.cpp:5438)
ERROR: TileSetAtlasSource has no tile at (10, 8).
   at: create_alternative_tile (scene/resources/2d/tile_set.cpp:5386)
ERROR: Cannot create tile. The tile is outside the texture or tiles are already present in the space the tile would cover.
   at: create_tile (scene/resources/2d/tile_set.cpp:4986)
ERROR: The TileSetAtlasSource atlas has no tile at (11, 8).
   at: has_alternative_tile (scene/resources/2d/tile_set.cpp:5438)
ERROR: TileSetAtlasSource has no tile at (11, 8).
   at: create_alternative_tile (scene/resources/2d/tile_set.cpp:5386)
ERROR: Cannot create tile. The tile is outside the texture or tiles are already present in the space the tile would cover.
   at: create_tile (scene/resources/2d/tile_set.cpp:4986)
ERROR: The TileSetAtlasSource atlas has no tile at (12, 8).
   at: has_alternative_tile (scene/resources/2d/tile_set.cpp:5438)
ERROR: TileSetAtlasSource has no tile at (12, 8).
   at: create_alternative_tile (scene/resources/2d/tile_set.cpp:5386)
ERROR: Cannot create tile. The tile is outside the texture or tiles are already present in the space the tile would cover.
   at: create_tile (scene/resources/2d/tile_set.cpp:4986)
ERROR: The TileSetAtlasSource atlas has no tile at (13, 8).
   at: has_alternative_tile (scene/resources/2d/tile_set.cpp:5438)
ERROR: TileSetAtlasSource has no tile at (13, 8).
   at: create_alternative_tile (scene/resources/2d/tile_set.cpp:5386)
ERROR: Cannot create tile. The tile is outside the texture or tiles are already present in the space the tile would cover.
   at: create_tile (scene/resources/2d/tile_set.cpp:4986)
ERROR: The TileSetAtlasSource atlas has no tile at (14, 8).
   at: has_alternative_tile (scene/resources/2d/tile_set.cpp:5438)
ERROR: TileSetAtlasSource has no tile at (14, 8).
   at: create_alternative_tile (scene/resources/2d/tile_set.cpp:5386)
ERROR: Cannot create tile. The tile is outside the texture or tiles are already present in the space the tile would cover.
   at: create_tile (scene/resources/2d/tile_set.cpp:4986)
ERROR: The TileSetAtlasSource atlas has no tile at (15, 8).
   at: has_alternative_tile (scene/resources/2d/tile_set.cpp:5438)
ERROR: TileSetAtlasSource has no tile at (15, 8).
   at: create_alternative_tile (scene/resources/2d/tile_set.cpp:5386)
ERROR: Cannot create tile. The tile is outside the texture or tiles are already present in the space the tile would cover.
   at: create_tile (scene/resources/2d/tile_set.cpp:4986)
ERROR: The TileSetAtlasSource atlas has no tile at (8, 9).
   at: has_alternative_tile (scene/resources/2d/tile_set.cpp:5438)
ERROR: TileSetAtlasSource has no tile at (8, 9).
   at: create_alternative_tile (scene/resources/2d/tile_set.cpp:5386)
ERROR: Cannot create tile. The tile is outside the texture or tiles are already present in the space the tile would cover.
   at: create_tile (scene/resources/2d/tile_set.cpp:4986)
ERROR: The TileSetAtlasSource atlas has no tile at (9, 9).
   at: has_alternative_tile (scene/resources/2d/tile_set.cpp:5438)
ERROR: TileSetAtlasSource has no tile at (9, 9).
   at: create_alternative_tile (scene/resources/2d/tile_set.cpp:5386)
ERROR: Cannot create tile. The tile is outside the texture or tiles are already present in the space the tile would cover.
   at: create_tile (scene/resources/2d/tile_set.cpp:4986)
ERROR: The TileSetAtlasSource atlas has no tile at (10, 9).
   at: has_alternative_tile (scene/resources/2d/tile_set.cpp:5438)
ERROR: TileSetAtlasSource has no tile at (10, 9).
   at: create_alternative_tile (scene/resources/2d/tile_set.cpp:5386)
ERROR: Cannot create tile. The tile is outside the texture or tiles are already present in the space the tile would cover.
   at: create_tile (scene/resources/2d/tile_set.cpp:4986)
ERROR: The TileSetAtlasSource atlas has no tile at (11, 9).
   at: has_alternative_tile (scene/resources/2d/tile_set.cpp:5438)
ERROR: TileSetAtlasSource has no tile at (11, 9).
   at: create_alternative_tile (scene/resources/2d/tile_set.cpp:5386)
ERROR: Cannot create tile. The tile is outside the texture or tiles are already present in the space the tile would cover.
   at: create_tile (scene/resources/2d/tile_set.cpp:4986)
ERROR: The TileSetAtlasSource atlas has no tile at (12, 9).
   at: has_alternative_tile (scene/resources/2d/tile_set.cpp:5438)
ERROR: TileSetAtlasSource has no tile at (12, 9).
   at: create_alternative_tile (scene/resources/2d/tile_set.cpp:5386)
ERROR: Cannot create tile. The tile is outside the texture or tiles are already present in the space the tile would cover.
   at: create_tile (scene/resources/2d/tile_set.cpp:4986)
ERROR: The TileSetAtlasSource atlas has no tile at (13, 9).
   at: has_alternative_tile (scene/resources/2d/tile_set.cpp:5438)
ERROR: TileSetAtlasSource has no tile at (13, 9).
   at: create_alternative_tile (scene/resources/2d/tile_set.cpp:5386)
ERROR: Cannot create tile. The tile is outside the texture or tiles are already present in the space the tile would cover.
   at: create_tile (scene/resources/2d/tile_set.cpp:4986)
ERROR: The TileSetAtlasSource atlas has no tile at (14, 9).
   at: has_alternative_tile (scene/resources/2d/tile_set.cpp:5438)
ERROR: TileSetAtlasSource has no tile at (14, 9).
   at: create_alternative_tile (scene/resources/2d/tile_set.cpp:5386)
ERROR: Cannot create tile. The tile is outside the texture or tiles are already present in the space the tile would cover.
   at: create_tile (scene/resources/2d/tile_set.cpp:4986)
ERROR: The TileSetAtlasSource atlas has no tile at (15, 9).
   at: has_alternative_tile (scene/resources/2d/tile_set.cpp:5438)
ERROR: TileSetAtlasSource has no tile at (15, 9).
   at: create_alternative_tile (scene/resources/2d/tile_set.cpp:5386)
ERROR: Cannot create tile. The tile is outside the texture or tiles are already present in the space the tile would cover.
   at: create_tile (scene/resources/2d/tile_set.cpp:4986)
ERROR: The TileSetAtlasSource atlas has no tile at (8, 10).
   at: has_alternative_tile (scene/resources/2d/tile_set.cpp:5438)
ERROR: TileSetAtlasSource has no tile at (8, 10).
   at: create_alternative_tile (scene/resources/2d/tile_set.cpp:5386)
ERROR: Cannot create tile. The tile is outside the texture or tiles are already present in the space the tile would cover.
   at: create_tile (scene/resources/2d/tile_set.cpp:4986)
ERROR: The TileSetAtlasSource atlas has no tile at (9, 10).
   at: has_alternative_tile (scene/resources/2d/tile_set.cpp:5438)
ERROR: TileSetAtlasSource has no tile at (9, 10).
   at: create_alternative_tile (scene/resources/2d/tile_set.cpp:5386)
ERROR: Cannot create tile. The tile is outside the texture or tiles are already present in the space the tile would cover.
   at: create_tile (scene/resources/2d/tile_set.cpp:4986)
ERROR: The TileSetAtlasSource atlas has no tile at (10, 10).
   at: has_alternative_tile (scene/resources/2d/tile_set.cpp:5438)
ERROR: TileSetAtlasSource has no tile at (10, 10).
   at: create_alternative_tile (scene/resources/2d/tile_set.cpp:5386)
ERROR: Cannot create tile. The tile is outside the texture or tiles are already present in the space the tile would cover.
   at: create_tile (scene/resources/2d/tile_set.cpp:4986)
ERROR: The TileSetAtlasSource atlas has no tile at (11, 10).
   at: has_alternative_tile (scene/resources/2d/tile_set.cpp:5438)
ERROR: TileSetAtlasSource has no tile at (11, 10).
   at: create_alternative_tile (scene/resources/2d/tile_set.cpp:5386)
ERROR: Cannot create tile. The tile is outside the texture or tiles are already present in the space the tile would cover.
   at: create_tile (scene/resources/2d/tile_set.cpp:4986)
ERROR: The TileSetAtlasSource atlas has no tile at (12, 10).
   at: has_alternative_tile (scene/resources/2d/tile_set.cpp:5438)
ERROR: TileSetAtlasSource has no tile at (12, 10).
   at: create_alternative_tile (scene/resources/2d/tile_set.cpp:5386)
ERROR: Cannot create tile. The tile is outside the texture or tiles are already present in the space the tile would cover.
   at: create_tile (scene/resources/2d/tile_set.cpp:4986)
ERROR: The TileSetAtlasSource atlas has no tile at (13, 10).
   at: has_alternative_tile (scene/resources/2d/tile_set.cpp:5438)
ERROR: TileSetAtlasSource has no tile at (13, 10).
   at: create_alternative_tile (scene/resources/2d/tile_set.cpp:5386)
ERROR: Cannot create tile. The tile is outside the texture or tiles are already present in the space the tile would cover.
   at: create_tile (scene/resources/2d/tile_set.cpp:4986)
ERROR: The TileSetAtlasSource atlas has no tile at (8, 11).
   at: has_alternative_tile (scene/resources/2d/tile_set.cpp:5438)
ERROR: TileSetAtlasSource has no tile at (8, 11).
   at: create_alternative_tile (scene/resources/2d/tile_set.cpp:5386)
ERROR: Cannot create tile. The tile is outside the texture or tiles are already present in the space the tile would cover.
   at: create_tile (scene/resources/2d/tile_set.cpp:4986)
ERROR: The TileSetAtlasSource atlas has no tile at (9, 11).
   at: has_alternative_tile (scene/resources/2d/tile_set.cpp:5438)
ERROR: TileSetAtlasSource has no tile at (9, 11).
   at: create_alternative_tile (scene/resources/2d/tile_set.cpp:5386)
ERROR: Cannot create tile. The tile is outside the texture or tiles are already present in the space the tile would cover.
   at: create_tile (scene/resources/2d/tile_set.cpp:4986)
ERROR: The TileSetAtlasSource atlas has no tile at (10, 11).
   at: has_alternative_tile (scene/resources/2d/tile_set.cpp:5438)
ERROR: TileSetAtlasSource has no tile at (10, 11).
   at: create_alternative_tile (scene/resources/2d/tile_set.cpp:5386)
ERROR: Cannot create tile. The tile is outside the texture or tiles are already present in the space the tile would cover.
   at: create_tile (scene/resources/2d/tile_set.cpp:4986)
ERROR: The TileSetAtlasSource atlas has no tile at (11, 11).
   at: has_alternative_tile (scene/resources/2d/tile_set.cpp:5438)
ERROR: TileSetAtlasSource has no tile at (11, 11).
   at: create_alternative_tile (scene/resources/2d/tile_set.cpp:5386)
ERROR: Cannot create tile. The tile is outside the texture or tiles are already present in the space the tile would cover.
   at: create_tile (scene/resources/2d/tile_set.cpp:4986)
ERROR: The TileSetAtlasSource atlas has no tile at (12, 11).
   at: has_alternative_tile (scene/resources/2d/tile_set.cpp:5438)
ERROR: TileSetAtlasSource has no tile at (12, 11).
   at: create_alternative_tile (scene/resources/2d/tile_set.cpp:5386)
ERROR: Cannot create tile. The tile is outside the texture or tiles are already present in the space the tile would cover.
   at: create_tile (scene/resources/2d/tile_set.cpp:4986)
ERROR: The TileSetAtlasSource atlas has no tile at (13, 11).
   at: has_alternative_tile (scene/resources/2d/tile_set.cpp:5438)
ERROR: TileSetAtlasSource has no tile at (13, 11).
   at: create_alternative_tile (scene/resources/2d/tile_set.cpp:5386)
ERROR: Cannot create tile. The tile is outside the texture or tiles are already present in the space the tile would cover.
   at: create_tile (scene/resources/2d/tile_set.cpp:4986)
ERROR: The TileSetAtlasSource atlas has no tile at (8, 12).
   at: has_alternative_tile (scene/resources/2d/tile_set.cpp:5438)
ERROR: TileSetAtlasSource has no tile at (8, 12).
   at: create_alternative_tile (scene/resources/2d/tile_set.cpp:5386)
ERROR: Cannot create tile. The tile is outside the texture or tiles are already present in the space the tile would cover.
   at: create_tile (scene/resources/2d/tile_set.cpp:4986)
ERROR: The TileSetAtlasSource atlas has no tile at (9, 12).
   at: has_alternative_tile (scene/resources/2d/tile_set.cpp:5438)
ERROR: TileSetAtlasSource has no tile at (9, 12).
   at: create_alternative_tile (scene/resources/2d/tile_set.cpp:5386)
ERROR: Cannot create tile. The tile is outside the texture or tiles are already present in the space the tile would cover.
   at: create_tile (scene/resources/2d/tile_set.cpp:4986)
ERROR: The TileSetAtlasSource atlas has no tile at (10, 12).
   at: has_alternative_tile (scene/resources/2d/tile_set.cpp:5438)
ERROR: TileSetAtlasSource has no tile at (10, 12).
   at: create_alternative_tile (scene/resources/2d/tile_set.cpp:5386)
ERROR: Cannot create tile. The tile is outside the texture or tiles are already present in the space the tile would cover.
   at: create_tile (scene/resources/2d/tile_set.cpp:4986)
ERROR: The TileSetAtlasSource atlas has no tile at (11, 12).
   at: has_alternative_tile (scene/resources/2d/tile_set.cpp:5438)
ERROR: TileSetAtlasSource has no tile at (11, 12).
   at: create_alternative_tile (scene/resources/2d/tile_set.cpp:5386)
ERROR: Cannot create tile. The tile is outside the texture or tiles are already present in the space the tile would cover.
   at: create_tile (scene/resources/2d/tile_set.cpp:4986)
ERROR: The TileSetAtlasSource atlas has no tile at (12, 12).
   at: has_alternative_tile (scene/resources/2d/tile_set.cpp:5438)
ERROR: TileSetAtlasSource has no tile at (12, 12).
   at: create_alternative_tile (scene/resources/2d/tile_set.cpp:5386)
ERROR: Cannot create tile. The tile is outside the texture or tiles are already present in the space the tile would cover.
   at: create_tile (scene/resources/2d/tile_set.cpp:4986)
ERROR: The TileSetAtlasSource atlas has no tile at (13, 12).
   at: has_alternative_tile (scene/resources/2d/tile_set.cpp:5438)
ERROR: TileSetAtlasSource has no tile at (13, 12).
   at: create_alternative_tile (scene/resources/2d/tile_set.cpp:5386)
ERROR: Cannot create tile. The tile is outside the texture or tiles are already present in the space the tile would cover.
   at: create_tile (scene/resources/2d/tile_set.cpp:4986)
ERROR: The TileSetAtlasSource atlas has no tile at (14, 12).
   at: has_alternative_tile (scene/resources/2d/tile_set.cpp:5438)
ERROR: TileSetAtlasSource has no tile at (14, 12).
   at: create_alternative_tile (scene/resources/2d/tile_set.cpp:5386)
ERROR: Cannot create tile. The tile is outside the texture or tiles are already present in the space the tile would cover.
   at: create_tile (scene/resources/2d/tile_set.cpp:4986)
ERROR: The TileSetAtlasSource atlas has no tile at (15, 12).
   at: has_alternative_tile (scene/resources/2d/tile_set.cpp:5438)
ERROR: TileSetAtlasSource has no tile at (15, 12).
   at: create_alternative_tile (scene/resources/2d/tile_set.cpp:5386)
ERROR: Cannot create tile. The tile is outside the texture or tiles are already present in the space the tile would cover.
   at: create_tile (scene/resources/2d/tile_set.cpp:4986)
ERROR: The TileSetAtlasSource atlas has no tile at (8, 13).
   at: has_alternative_tile (scene/resources/2d/tile_set.cpp:5438)
ERROR: TileSetAtlasSource has no tile at (8, 13).
   at: create_alternative_tile (scene/resources/2d/tile_set.cpp:5386)
ERROR: Cannot create tile. The tile is outside the texture or tiles are already present in the space the tile would cover.
   at: create_tile (scene/resources/2d/tile_set.cpp:4986)
ERROR: The TileSetAtlasSource atlas has no tile at (9, 13).
   at: has_alternative_tile (scene/resources/2d/tile_set.cpp:5438)
ERROR: TileSetAtlasSource has no tile at (9, 13).
   at: create_alternative_tile (scene/resources/2d/tile_set.cpp:5386)
ERROR: Cannot create tile. The tile is outside the texture or tiles are already present in the space the tile would cover.
   at: create_tile (scene/resources/2d/tile_set.cpp:4986)
ERROR: The TileSetAtlasSource atlas has no tile at (10, 13).
   at: has_alternative_tile (scene/resources/2d/tile_set.cpp:5438)
ERROR: TileSetAtlasSource has no tile at (10, 13).
   at: create_alternative_tile (scene/resources/2d/tile_set.cpp:5386)
ERROR: Cannot create tile. The tile is outside the texture or tiles are already present in the space the tile would cover.
   at: create_tile (scene/resources/2d/tile_set.cpp:4986)
ERROR: The TileSetAtlasSource atlas has no tile at (11, 13).
   at: has_alternative_tile (scene/resources/2d/tile_set.cpp:5438)
ERROR: TileSetAtlasSource has no tile at (11, 13).
   at: create_alternative_tile (scene/resources/2d/tile_set.cpp:5386)
ERROR: Cannot create tile. The tile is outside the texture or tiles are already present in the space the tile would cover.
   at: create_tile (scene/resources/2d/tile_set.cpp:4986)
ERROR: The TileSetAtlasSource atlas has no tile at (12, 13).
   at: has_alternative_tile (scene/resources/2d/tile_set.cpp:5438)
ERROR: TileSetAtlasSource has no tile at (12, 13).
   at: create_alternative_tile (scene/resources/2d/tile_set.cpp:5386)
ERROR: Cannot create tile. The tile is outside the texture or tiles are already present in the space the tile would cover.
   at: create_tile (scene/resources/2d/tile_set.cpp:4986)
ERROR: The TileSetAtlasSource atlas has no tile at (13, 13).
   at: has_alternative_tile (scene/resources/2d/tile_set.cpp:5438)
ERROR: TileSetAtlasSource has no tile at (13, 13).
   at: create_alternative_tile (scene/resources/2d/tile_set.cpp:5386)
ERROR: Cannot create tile. The tile is outside the texture or tiles are already present in the space the tile would cover.
   at: create_tile (scene/resources/2d/tile_set.cpp:4986)
ERROR: The TileSetAtlasSource atlas has no tile at (14, 13).
   at: has_alternative_tile (scene/resources/2d/tile_set.cpp:5438)
ERROR: TileSetAtlasSource has no tile at (14, 13).
   at: create_alternative_tile (scene/resources/2d/tile_set.cpp:5386)
ERROR: Cannot create tile. The tile is outside the texture or tiles are already present in the space the tile would cover.
   at: create_tile (scene/resources/2d/tile_set.cpp:4986)
ERROR: The TileSetAtlasSource atlas has no tile at (15, 13).
   at: has_alternative_tile (scene/resources/2d/tile_set.cpp:5438)
ERROR: TileSetAtlasSource has no tile at (15, 13).
   at: create_alternative_tile (scene/resources/2d/tile_set.cpp:5386)
ERROR: Cannot create tile. The tile is outside the texture or tiles are already present in the space the tile would cover.
   at: create_tile (scene/resources/2d/tile_set.cpp:4986)
ERROR: The TileSetAtlasSource atlas has no tile at (8, 14).
   at: has_alternative_tile (scene/resources/2d/tile_set.cpp:5438)
ERROR: TileSetAtlasSource has no tile at (8, 14).
   at: create_alternative_tile (scene/resources/2d/tile_set.cpp:5386)
ERROR: Cannot create tile. The tile is outside the texture or tiles are already present in the space the tile would cover.
   at: create_tile (scene/resources/2d/tile_set.cpp:4986)
ERROR: The TileSetAtlasSource atlas has no tile at (9, 14).
   at: has_alternative_tile (scene/resources/2d/tile_set.cpp:5438)
ERROR: TileSetAtlasSource has no tile at (9, 14).
   at: create_alternative_tile (scene/resources/2d/tile_set.cpp:5386)
ERROR: Cannot create tile. The tile is outside the texture or tiles are already present in the space the tile would cover.
   at: create_tile (scene/resources/2d/tile_set.cpp:4986)
ERROR: The TileSetAtlasSource atlas has no tile at (10, 14).
   at: has_alternative_tile (scene/resources/2d/tile_set.cpp:5438)
ERROR: TileSetAtlasSource has no tile at (10, 14).
   at: create_alternative_tile (scene/resources/2d/tile_set.cpp:5386)
ERROR: Cannot create tile. The tile is outside the texture or tiles are already present in the space the tile would cover.
   at: create_tile (scene/resources/2d/tile_set.cpp:4986)
ERROR: The TileSetAtlasSource atlas has no tile at (11, 14).
   at: has_alternative_tile (scene/resources/2d/tile_set.cpp:5438)
ERROR: TileSetAtlasSource has no tile at (11, 14).
   at: create_alternative_tile (scene/resources/2d/tile_set.cpp:5386)
ERROR: Cannot create tile. The tile is outside the texture or tiles are already present in the space the tile would cover.
   at: create_tile (scene/resources/2d/tile_set.cpp:4986)
ERROR: The TileSetAtlasSource atlas has no tile at (12, 14).
   at: has_alternative_tile (scene/resources/2d/tile_set.cpp:5438)
ERROR: TileSetAtlasSource has no tile at (12, 14).
   at: create_alternative_tile (scene/resources/2d/tile_set.cpp:5386)
ERROR: Cannot create tile. The tile is outside the texture or tiles are already present in the space the tile would cover.
   at: create_tile (scene/resources/2d/tile_set.cpp:4986)
ERROR: The TileSetAtlasSource atlas has no tile at (13, 14).
   at: has_alternative_tile (scene/resources/2d/tile_set.cpp:5438)
ERROR: TileSetAtlasSource has no tile at (13, 14).
   at: create_alternative_tile (scene/resources/2d/tile_set.cpp:5386)
ERROR: Cannot create tile. The tile is outside the texture or tiles are already present in the space the tile would cover.
   at: create_tile (scene/resources/2d/tile_set.cpp:4986)
ERROR: The TileSetAtlasSource atlas has no tile at (14, 14).
   at: has_alternative_tile (scene/resources/2d/tile_set.cpp:5438)
ERROR: TileSetAtlasSource has no tile at (14, 14).
   at: create_alternative_tile (scene/resources/2d/tile_set.cpp:5386)
ERROR: Cannot create tile. The tile is outside the texture or tiles are already present in the space the tile would cover.
   at: create_tile (scene/resources/2d/tile_set.cpp:4986)
ERROR: The TileSetAtlasSource atlas has no tile at (15, 14).
   at: has_alternative_tile (scene/resources/2d/tile_set.cpp:5438)
ERROR: TileSetAtlasSource has no tile at (15, 14).
   at: create_alternative_tile (scene/resources/2d/tile_set.cpp:5386)
ERROR: Cannot create tile. The tile is outside the texture or tiles are already present in the space the tile would cover.
   at: create_tile (scene/resources/2d/tile_set.cpp:4986)
ERROR: The TileSetAtlasSource atlas has no tile at (8, 15).
   at: has_alternative_tile (scene/resources/2d/tile_set.cpp:5438)
ERROR: TileSetAtlasSource has no tile at (8, 15).
   at: create_alternative_tile (scene/resources/2d/tile_set.cpp:5386)
ERROR: Cannot create tile. The tile is outside the texture or tiles are already present in the space the tile would cover.
   at: create_tile (scene/resources/2d/tile_set.cpp:4986)
ERROR: The TileSetAtlasSource atlas has no tile at (9, 15).
   at: has_alternative_tile (scene/resources/2d/tile_set.cpp:5438)
ERROR: TileSetAtlasSource has no tile at (9, 15).
   at: create_alternative_tile (scene/resources/2d/tile_set.cpp:5386)
ERROR: Cannot create tile. The tile is outside the texture or tiles are already present in the space the tile would cover.
   at: create_tile (scene/resources/2d/tile_set.cpp:4986)
ERROR: The TileSetAtlasSource atlas has no tile at (10, 15).
   at: has_alternative_tile (scene/resources/2d/tile_set.cpp:5438)
ERROR: TileSetAtlasSource has no tile at (10, 15).
   at: create_alternative_tile (scene/resources/2d/tile_set.cpp:5386)
ERROR: Cannot create tile. The tile is outside the texture or tiles are already present in the space the tile would cover.
   at: create_tile (scene/resources/2d/tile_set.cpp:4986)
ERROR: The TileSetAtlasSource atlas has no tile at (11, 15).
   at: has_alternative_tile (scene/resources/2d/tile_set.cpp:5438)
ERROR: TileSetAtlasSource has no tile at (11, 15).
   at: create_alternative_tile (scene/resources/2d/tile_set.cpp:5386)
ERROR: Cannot create tile. The tile is outside the texture or tiles are already present in the space the tile would cover.
   at: create_tile (scene/resources/2d/tile_set.cpp:4986)
ERROR: The TileSetAtlasSource atlas has no tile at (12, 15).
   at: has_alternative_tile (scene/resources/2d/tile_set.cpp:5438)
ERROR: TileSetAtlasSource has no tile at (12, 15).
   at: create_alternative_tile (scene/resources/2d/tile_set.cpp:5386)
ERROR: Cannot create tile. The tile is outside the texture or tiles are already present in the space the tile would cover.
   at: create_tile (scene/resources/2d/tile_set.cpp:4986)
ERROR: The TileSetAtlasSource atlas has no tile at (13, 15).
   at: has_alternative_tile (scene/resources/2d/tile_set.cpp:5438)
ERROR: TileSetAtlasSource has no tile at (13, 15).
   at: create_alternative_tile (scene/resources/2d/tile_set.cpp:5386)
ERROR: Cannot create tile. The tile is outside the texture or tiles are already present in the space the tile would cover.
   at: create_tile (scene/resources/2d/tile_set.cpp:4986)
ERROR: The TileSetAtlasSource atlas has no tile at (14, 15).
   at: has_alternative_tile (scene/resources/2d/tile_set.cpp:5438)
ERROR: TileSetAtlasSource has no tile at (14, 15).
   at: create_alternative_tile (scene/resources/2d/tile_set.cpp:5386)
ERROR: Cannot create tile. The tile is outside the texture or tiles are already present in the space the tile would cover.
   at: create_tile (scene/resources/2d/tile_set.cpp:4986)
ERROR: The TileSetAtlasSource atlas has no tile at (15, 15).
   at: has_alternative_tile (scene/resources/2d/tile_set.cpp:5438)
ERROR: TileSetAtlasSource has no tile at (15, 15).
   at: create_alternative_tile (scene/resources/2d/tile_set.cpp:5386)
ERROR: Cannot create tile. The tile is outside the texture or tiles are already present in the space the tile would cover.
   at: create_tile (scene/resources/2d/tile_set.cpp:4986)
ERROR: The TileSetAtlasSource atlas has no tile at (8, 16).
   at: has_alternative_tile (scene/resources/2d/tile_set.cpp:5438)
ERROR: TileSetAtlasSource has no tile at (8, 16).
   at: create_alternative_tile (scene/resources/2d/tile_set.cpp:5386)
ERROR: Cannot create tile. The tile is outside the texture or tiles are already present in the space the tile would cover.
   at: create_tile (scene/resources/2d/tile_set.cpp:4986)
ERROR: The TileSetAtlasSource atlas has no tile at (9, 16).
   at: has_alternative_tile (scene/resources/2d/tile_set.cpp:5438)
ERROR: TileSetAtlasSource has no tile at (9, 16).
   at: create_alternative_tile (scene/resources/2d/tile_set.cpp:5386)
ERROR: Cannot create tile. The tile is outside the texture or tiles are already present in the space the tile would cover.
   at: create_tile (scene/resources/2d/tile_set.cpp:4986)
ERROR: The TileSetAtlasSource atlas has no tile at (10, 16).
   at: has_alternative_tile (scene/resources/2d/tile_set.cpp:5438)
ERROR: TileSetAtlasSource has no tile at (10, 16).
   at: create_alternative_tile (scene/resources/2d/tile_set.cpp:5386)
ERROR: Cannot create tile. The tile is outside the texture or tiles are already present in the space the tile would cover.
   at: create_tile (scene/resources/2d/tile_set.cpp:4986)
ERROR: The TileSetAtlasSource atlas has no tile at (11, 16).
   at: has_alternative_tile (scene/resources/2d/tile_set.cpp:5438)
ERROR: TileSetAtlasSource has no tile at (11, 16).
   at: create_alternative_tile (scene/resources/2d/tile_set.cpp:5386)
ERROR: Cannot create tile. The tile is outside the texture or tiles are already present in the space the tile would cover.
   at: create_tile (scene/resources/2d/tile_set.cpp:4986)
ERROR: The TileSetAtlasSource atlas has no tile at (12, 16).
   at: has_alternative_tile (scene/resources/2d/tile_set.cpp:5438)
ERROR: TileSetAtlasSource has no tile at (12, 16).
   at: create_alternative_tile (scene/resources/2d/tile_set.cpp:5386)
ERROR: Cannot create tile. The tile is outside the texture or tiles are already present in the space the tile would cover.
   at: create_tile (scene/resources/2d/tile_set.cpp:4986)
ERROR: The TileSetAtlasSource atlas has no tile at (13, 16).
   at: has_alternative_tile (scene/resources/2d/tile_set.cpp:5438)
ERROR: TileSetAtlasSource has no tile at (13, 16).
   at: create_alternative_tile (scene/resources/2d/tile_set.cpp:5386)
ERROR: Cannot create tile. The tile is outside the texture or tiles are already present in the space the tile would cover.
   at: create_tile (scene/resources/2d/tile_set.cpp:4986)
ERROR: The TileSetAtlasSource atlas has no tile at (14, 16).
   at: has_alternative_tile (scene/resources/2d/tile_set.cpp:5438)
ERROR: TileSetAtlasSource has no tile at (14, 16).
   at: create_alternative_tile (scene/resources/2d/tile_set.cpp:5386)
ERROR: Cannot create tile. The tile is outside the texture or tiles are already present in the space the tile would cover.
   at: create_tile (scene/resources/2d/tile_set.cpp:4986)
ERROR: The TileSetAtlasSource atlas has no tile at (15, 16).
   at: has_alternative_tile (scene/resources/2d/tile_set.cpp:5438)
ERROR: TileSetAtlasSource has no tile at (15, 16).
   at: create_alternative_tile (scene/resources/2d/tile_set.cpp:5386)
ERROR: Cannot create tile. The tile is outside the texture or tiles are already present in the space the tile would cover.
   at: create_tile (scene/resources/2d/tile_set.cpp:4986)
ERROR: The TileSetAtlasSource atlas has no tile at (8, 17).
   at: has_alternative_tile (scene/resources/2d/tile_set.cpp:5438)
ERROR: TileSetAtlasSource has no tile at (8, 17).
   at: create_alternative_tile (scene/resources/2d/tile_set.cpp:5386)
ERROR: Cannot create tile. The tile is outside the texture or tiles are already present in the space the tile would cover.
   at: create_tile (scene/resources/2d/tile_set.cpp:4986)
ERROR: The TileSetAtlasSource atlas has no tile at (9, 17).
   at: has_alternative_tile (scene/resources/2d/tile_set.cpp:5438)
ERROR: TileSetAtlasSource has no tile at (9, 17).
   at: create_alternative_tile (scene/resources/2d/tile_set.cpp:5386)
ERROR: Cannot create tile. The tile is outside the texture or tiles are already present in the space the tile would cover.
   at: create_tile (scene/resources/2d/tile_set.cpp:4986)
ERROR: The TileSetAtlasSource atlas has no tile at (10, 17).
   at: has_alternative_tile (scene/resources/2d/tile_set.cpp:5438)
ERROR: TileSetAtlasSource has no tile at (10, 17).
   at: create_alternative_tile (scene/resources/2d/tile_set.cpp:5386)
ERROR: Cannot create tile. The tile is outside the texture or tiles are already present in the space the tile would cover.
   at: create_tile (scene/resources/2d/tile_set.cpp:4986)
ERROR: The TileSetAtlasSource atlas has no tile at (11, 17).
   at: has_alternative_tile (scene/resources/2d/tile_set.cpp:5438)
ERROR: TileSetAtlasSource has no tile at (11, 17).
   at: create_alternative_tile (scene/resources/2d/tile_set.cpp:5386)
ERROR: Cannot create tile. The tile is outside the texture or tiles are already present in the space the tile would cover.
   at: create_tile (scene/resources/2d/tile_set.cpp:4986)
ERROR: The TileSetAtlasSource atlas has no tile at (12, 17).
   at: has_alternative_tile (scene/resources/2d/tile_set.cpp:5438)
ERROR: TileSetAtlasSource has no tile at (12, 17).
   at: create_alternative_tile (scene/resources/2d/tile_set.cpp:5386)
ERROR: Cannot create tile. The tile is outside the texture or tiles are already present in the space the tile would cover.
   at: create_tile (scene/resources/2d/tile_set.cpp:4986)
ERROR: The TileSetAtlasSource atlas has no tile at (13, 17).
   at: has_alternative_tile (scene/resources/2d/tile_set.cpp:5438)
ERROR: TileSetAtlasSource has no tile at (13, 17).
   at: create_alternative_tile (scene/resources/2d/tile_set.cpp:5386)
ERROR: Cannot create tile. The tile is outside the texture or tiles are already present in the space the tile would cover.
   at: create_tile (scene/resources/2d/tile_set.cpp:4986)
ERROR: The TileSetAtlasSource atlas has no tile at (14, 17).
   at: has_alternative_tile (scene/resources/2d/tile_set.cpp:5438)
ERROR: TileSetAtlasSource has no tile at (14, 17).
   at: create_alternative_tile (scene/resources/2d/tile_set.cpp:5386)
ERROR: Cannot create tile. The tile is outside the texture or tiles are already present in the space the tile would cover.
   at: create_tile (scene/resources/2d/tile_set.cpp:4986)
ERROR: The TileSetAtlasSource atlas has no tile at (15, 17).
   at: has_alternative_tile (scene/resources/2d/tile_set.cpp:5438)
ERROR: TileSetAtlasSource has no tile at (15, 17).
   at: create_alternative_tile (scene/resources/2d/tile_set.cpp:5386)
ERROR: Cannot create tile. The tile is outside the texture or tiles are already present in the space the tile would cover.
   at: create_tile (scene/resources/2d/tile_set.cpp:4986)
ERROR: The TileSetAtlasSource atlas has no tile at (8, 18).
   at: has_alternative_tile (scene/resources/2d/tile_set.cpp:5438)
ERROR: TileSetAtlasSource has no tile at (8, 18).
   at: create_alternative_tile (scene/resources/2d/tile_set.cpp:5386)
ERROR: Cannot create tile. The tile is outside the texture or tiles are already present in the space the tile would cover.
   at: create_tile (scene/resources/2d/tile_set.cpp:4986)
ERROR: The TileSetAtlasSource atlas has no tile at (9, 18).
   at: has_alternative_tile (scene/resources/2d/tile_set.cpp:5438)
ERROR: TileSetAtlasSource has no tile at (9, 18).
   at: create_alternative_tile (scene/resources/2d/tile_set.cpp:5386)
ERROR: Cannot create tile. The tile is outside the texture or tiles are already present in the space the tile would cover.
   at: create_tile (scene/resources/2d/tile_set.cpp:4986)
ERROR: The TileSetAtlasSource atlas has no tile at (10, 18).
   at: has_alternative_tile (scene/resources/2d/tile_set.cpp:5438)
ERROR: TileSetAtlasSource has no tile at (10, 18).
   at: create_alternative_tile (scene/resources/2d/tile_set.cpp:5386)
ERROR: Cannot create tile. The tile is outside the texture or tiles are already present in the space the tile would cover.
   at: create_tile (scene/resources/2d/tile_set.cpp:4986)
ERROR: The TileSetAtlasSource atlas has no tile at (11, 18).
   at: has_alternative_tile (scene/resources/2d/tile_set.cpp:5438)
ERROR: TileSetAtlasSource has no tile at (11, 18).
   at: create_alternative_tile (scene/resources/2d/tile_set.cpp:5386)
ERROR: Cannot create tile. The tile is outside the texture or tiles are already present in the space the tile would cover.
   at: create_tile (scene/resources/2d/tile_set.cpp:4986)
ERROR: The TileSetAtlasSource atlas has no tile at (12, 18).
   at: has_alternative_tile (scene/resources/2d/tile_set.cpp:5438)
ERROR: TileSetAtlasSource has no tile at (12, 18).
   at: create_alternative_tile (scene/resources/2d/tile_set.cpp:5386)
ERROR: Cannot create tile. The tile is outside the texture or tiles are already present in the space the tile would cover.
   at: create_tile (scene/resources/2d/tile_set.cpp:4986)
ERROR: The TileSetAtlasSource atlas has no tile at (13, 18).
   at: has_alternative_tile (scene/resources/2d/tile_set.cpp:5438)
ERROR: TileSetAtlasSource has no tile at (13, 18).
   at: create_alternative_tile (scene/resources/2d/tile_set.cpp:5386)
ERROR: Cannot create tile. The tile is outside the texture or tiles are already present in the space the tile would cover.
   at: create_tile (scene/resources/2d/tile_set.cpp:4986)
ERROR: The TileSetAtlasSource atlas has no tile at (14, 18).
   at: has_alternative_tile (scene/resources/2d/tile_set.cpp:5438)
ERROR: TileSetAtlasSource has no tile at (14, 18).
   at: create_alternative_tile (scene/resources/2d/tile_set.cpp:5386)
ERROR: Cannot create tile. The tile is outside the texture or tiles are already present in the space the tile would cover.
   at: create_tile (scene/resources/2d/tile_set.cpp:4986)
ERROR: The TileSetAtlasSource atlas has no tile at (15, 18).
   at: has_alternative_tile (scene/resources/2d/tile_set.cpp:5438)
ERROR: TileSetAtlasSource has no tile at (15, 18).
   at: create_alternative_tile (scene/resources/2d/tile_set.cpp:5386)
ERROR: Cannot create tile. The tile is outside the texture or tiles are already present in the space the tile would cover.
   at: create_tile (scene/resources/2d/tile_set.cpp:4986)
ERROR: The TileSetAtlasSource atlas has no tile at (8, 19).
   at: has_alternative_tile (scene/resources/2d/tile_set.cpp:5438)
ERROR: TileSetAtlasSource has no tile at (8, 19).
   at: create_alternative_tile (scene/resources/2d/tile_set.cpp:5386)
ERROR: Cannot create tile. The tile is outside the texture or tiles are already present in the space the tile would cover.
   at: create_tile (scene/resources/2d/tile_set.cpp:4986)
ERROR: The TileSetAtlasSource atlas has no tile at (9, 19).
   at: has_alternative_tile (scene/resources/2d/tile_set.cpp:5438)
ERROR: TileSetAtlasSource has no tile at (9, 19).
   at: create_alternative_tile (scene/resources/2d/tile_set.cpp:5386)
ERROR: Cannot create tile. The tile is outside the texture or tiles are already present in the space the tile would cover.
   at: create_tile (scene/resources/2d/tile_set.cpp:4986)
ERROR: The TileSetAtlasSource atlas has no tile at (10, 19).
   at: has_alternative_tile (scene/resources/2d/tile_set.cpp:5438)
ERROR: TileSetAtlasSource has no tile at (10, 19).
   at: create_alternative_tile (scene/resources/2d/tile_set.cpp:5386)
ERROR: Cannot create tile. The tile is outside the texture or tiles are already present in the space the tile would cover.
   at: create_tile (scene/resources/2d/tile_set.cpp:4986)
ERROR: The TileSetAtlasSource atlas has no tile at (11, 19).
   at: has_alternative_tile (scene/resources/2d/tile_set.cpp:5438)
ERROR: TileSetAtlasSource has no tile at (11, 19).
   at: create_alternative_tile (scene/resources/2d/tile_set.cpp:5386)
ERROR: Cannot create tile. The tile is outside the texture or tiles are already present in the space the tile would cover.
   at: create_tile (scene/resources/2d/tile_set.cpp:4986)
ERROR: The TileSetAtlasSource atlas has no tile at (12, 19).
   at: has_alternative_tile (scene/resources/2d/tile_set.cpp:5438)
ERROR: TileSetAtlasSource has no tile at (12, 19).
   at: create_alternative_tile (scene/resources/2d/tile_set.cpp:5386)
ERROR: Cannot create tile. The tile is outside the texture or tiles are already present in the space the tile would cover.
   at: create_tile (scene/resources/2d/tile_set.cpp:4986)
ERROR: The TileSetAtlasSource atlas has no tile at (13, 19).
   at: has_alternative_tile (scene/resources/2d/tile_set.cpp:5438)
ERROR: TileSetAtlasSource has no tile at (13, 19).
   at: create_alternative_tile (scene/resources/2d/tile_set.cpp:5386)
ERROR: Cannot create tile. The tile is outside the texture or tiles are already present in the space the tile would cover.
   at: create_tile (scene/resources/2d/tile_set.cpp:4986)
ERROR: The TileSetAtlasSource atlas has no tile at (14, 19).
   at: has_alternative_tile (scene/resources/2d/tile_set.cpp:5438)
ERROR: TileSetAtlasSource has no tile at (14, 19).
   at: create_alternative_tile (scene/resources/2d/tile_set.cpp:5386)
ERROR: Cannot create tile. The tile is outside the texture or tiles are already present in the space the tile would cover.
   at: create_tile (scene/resources/2d/tile_set.cpp:4986)
ERROR: The TileSetAtlasSource atlas has no tile at (15, 19).
   at: has_alternative_tile (scene/resources/2d/tile_set.cpp:5438)
ERROR: TileSetAtlasSource has no tile at (15, 19).
   at: create_alternative_tile (scene/resources/2d/tile_set.cpp:5386)
ERROR: Cannot create tile. The tile is outside the texture or tiles are already present in the space the tile would cover.
   at: create_tile (scene/resources/2d/tile_set.cpp:4986)
ERROR: The TileSetAtlasSource atlas has no tile at (8, 20).
   at: has_alternative_tile (scene/resources/2d/tile_set.cpp:5438)
ERROR: TileSetAtlasSource has no tile at (8, 20).
   at: create_alternative_tile (scene/resources/2d/tile_set.cpp:5386)
ERROR: Cannot create tile. The tile is outside the texture or tiles are already present in the space the tile would cover.
   at: create_tile (scene/resources/2d/tile_set.cpp:4986)
ERROR: The TileSetAtlasSource atlas has no tile at (9, 20).
   at: has_alternative_tile (scene/resources/2d/tile_set.cpp:5438)
ERROR: TileSetAtlasSource has no tile at (9, 20).
   at: create_alternative_tile (scene/resources/2d/tile_set.cpp:5386)
ERROR: Cannot create tile. The tile is outside the texture or tiles are already present in the space the tile would cover.
   at: create_tile (scene/resources/2d/tile_set.cpp:4986)
ERROR: The TileSetAtlasSource atlas has no tile at (10, 20).
   at: has_alternative_tile (scene/resources/2d/tile_set.cpp:5438)
ERROR: TileSetAtlasSource has no tile at (10, 20).
   at: create_alternative_tile (scene/resources/2d/tile_set.cpp:5386)
ERROR: Cannot create tile. The tile is outside the texture or tiles are already present in the space the tile would cover.
   at: create_tile (scene/resources/2d/tile_set.cpp:4986)
ERROR: The TileSetAtlasSource atlas has no tile at (11, 20).
   at: has_alternative_tile (scene/resources/2d/tile_set.cpp:5438)
ERROR: TileSetAtlasSource has no tile at (11, 20).
   at: create_alternative_tile (scene/resources/2d/tile_set.cpp:5386)
ERROR: Cannot create tile. The tile is outside the texture or tiles are already present in the space the tile would cover.
   at: create_tile (scene/resources/2d/tile_set.cpp:4986)
ERROR: The TileSetAtlasSource atlas has no tile at (12, 20).
   at: has_alternative_tile (scene/resources/2d/tile_set.cpp:5438)
ERROR: TileSetAtlasSource has no tile at (12, 20).
   at: create_alternative_tile (scene/resources/2d/tile_set.cpp:5386)
ERROR: Cannot create tile. The tile is outside the texture or tiles are already present in the space the tile would cover.
   at: create_tile (scene/resources/2d/tile_set.cpp:4986)
ERROR: The TileSetAtlasSource atlas has no tile at (13, 20).
   at: has_alternative_tile (scene/resources/2d/tile_set.cpp:5438)
ERROR: TileSetAtlasSource has no tile at (13, 20).
   at: create_alternative_tile (scene/resources/2d/tile_set.cpp:5386)
ERROR: Cannot create tile. The tile is outside the texture or tiles are already present in the space the tile would cover.
   at: create_tile (scene/resources/2d/tile_set.cpp:4986)
ERROR: The TileSetAtlasSource atlas has no tile at (14, 20).
   at: has_alternative_tile (scene/resources/2d/tile_set.cpp:5438)
ERROR: TileSetAtlasSource has no tile at (14, 20).
   at: create_alternative_tile (scene/resources/2d/tile_set.cpp:5386)
ERROR: Cannot create tile. The tile is outside the texture or tiles are already present in the space the tile would cover.
   at: create_tile (scene/resources/2d/tile_set.cpp:4986)
ERROR: The TileSetAtlasSource atlas has no tile at (15, 20).
   at: has_alternative_tile (scene/resources/2d/tile_set.cpp:5438)
ERROR: TileSetAtlasSource has no tile at (15, 20).
   at: create_alternative_tile (scene/resources/2d/tile_set.cpp:5386)
ERROR: Cannot create tile. The tile is outside the texture or tiles are already present in the space the tile would cover.
   at: create_tile (scene/resources/2d/tile_set.cpp:4986)
ERROR: The TileSetAtlasSource atlas has no tile at (8, 21).
   at: has_alternative_tile (scene/resources/2d/tile_set.cpp:5438)
ERROR: TileSetAtlasSource has no tile at (8, 21).
   at: create_alternative_tile (scene/resources/2d/tile_set.cpp:5386)
ERROR: Cannot create tile. The tile is outside the texture or tiles are already present in the space the tile would cover.
   at: create_tile (scene/resources/2d/tile_set.cpp:4986)
ERROR: The TileSetAtlasSource atlas has no tile at (9, 21).
   at: has_alternative_tile (scene/resources/2d/tile_set.cpp:5438)
ERROR: TileSetAtlasSource has no tile at (9, 21).
   at: create_alternative_tile (scene/resources/2d/tile_set.cpp:5386)
ERROR: Cannot create tile. The tile is outside the texture or tiles are already present in the space the tile would cover.
   at: create_tile (scene/resources/2d/tile_set.cpp:4986)
ERROR: The TileSetAtlasSource atlas has no tile at (10, 21).
   at: has_alternative_tile (scene/resources/2d/tile_set.cpp:5438)
ERROR: TileSetAtlasSource has no tile at (10, 21).
   at: create_alternative_tile (scene/resources/2d/tile_set.cpp:5386)
ERROR: Cannot create tile. The tile is outside the texture or tiles are already present in the space the tile would cover.
   at: create_tile (scene/resources/2d/tile_set.cpp:4986)
ERROR: The TileSetAtlasSource atlas has no tile at (11, 21).
   at: has_alternative_tile (scene/resources/2d/tile_set.cpp:5438)
ERROR: TileSetAtlasSource has no tile at (11, 21).
   at: create_alternative_tile (scene/resources/2d/tile_set.cpp:5386)
ERROR: Cannot create tile. The tile is outside the texture or tiles are already present in the space the tile would cover.
   at: create_tile (scene/resources/2d/tile_set.cpp:4986)
ERROR: The TileSetAtlasSource atlas has no tile at (12, 21).
   at: has_alternative_tile (scene/resources/2d/tile_set.cpp:5438)
ERROR: TileSetAtlasSource has no tile at (12, 21).
   at: create_alternative_tile (scene/resources/2d/tile_set.cpp:5386)
ERROR: Cannot create tile. The tile is outside the texture or tiles are already present in the space the tile would cover.
   at: create_tile (scene/resources/2d/tile_set.cpp:4986)
ERROR: The TileSetAtlasSource atlas has no tile at (13, 21).
   at: has_alternative_tile (scene/resources/2d/tile_set.cpp:5438)
ERROR: TileSetAtlasSource has no tile at (13, 21).
   at: create_alternative_tile (scene/resources/2d/tile_set.cpp:5386)
ERROR: Cannot create tile. The tile is outside the texture or tiles are already present in the space the tile would cover.
   at: create_tile (scene/resources/2d/tile_set.cpp:4986)
ERROR: The TileSetAtlasSource atlas has no tile at (14, 21).
   at: has_alternative_tile (scene/resources/2d/tile_set.cpp:5438)
ERROR: TileSetAtlasSource has no tile at (14, 21).
   at: create_alternative_tile (scene/resources/2d/tile_set.cpp:5386)
ERROR: Cannot create tile. The tile is outside the texture or tiles are already present in the space the tile would cover.
   at: create_tile (scene/resources/2d/tile_set.cpp:4986)
ERROR: The TileSetAtlasSource atlas has no tile at (15, 21).
   at: has_alternative_tile (scene/resources/2d/tile_set.cpp:5438)
ERROR: TileSetAtlasSource has no tile at (15, 21).
   at: create_alternative_tile (scene/resources/2d/tile_set.cpp:5386)
ERROR: Cannot create tile. The tile is outside the texture or tiles are already present in the space the tile would cover.
   at: create_tile (scene/resources/2d/tile_set.cpp:4986)
ERROR: The TileSetAtlasSource atlas has no tile at (8, 22).
   at: has_alternative_tile (scene/resources/2d/tile_set.cpp:5438)
ERROR: TileSetAtlasSource has no tile at (8, 22).
   at: create_alternative_tile (scene/resources/2d/tile_set.cpp:5386)
ERROR: Cannot create tile. The tile is outside the texture or tiles are already present in the space the tile would cover.
   at: create_tile (scene/resources/2d/tile_set.cpp:4986)
ERROR: The TileSetAtlasSource atlas has no tile at (9, 22).
   at: has_alternative_tile (scene/resources/2d/tile_set.cpp:5438)
ERROR: TileSetAtlasSource has no tile at (9, 22).
   at: create_alternative_tile (scene/resources/2d/tile_set.cpp:5386)
ERROR: Cannot create tile. The tile is outside the texture or tiles are already present in the space the tile would cover.
   at: create_tile (scene/resources/2d/tile_set.cpp:4986)
ERROR: The TileSetAtlasSource atlas has no tile at (10, 22).
   at: has_alternative_tile (scene/resources/2d/tile_set.cpp:5438)
ERROR: TileSetAtlasSource has no tile at (10, 22).
   at: create_alternative_tile (scene/resources/2d/tile_set.cpp:5386)
ERROR: Cannot create tile. The tile is outside the texture or tiles are already present in the space the tile would cover.
   at: create_tile (scene/resources/2d/tile_set.cpp:4986)
ERROR: The TileSetAtlasSource atlas has no tile at (11, 22).
   at: has_alternative_tile (scene/resources/2d/tile_set.cpp:5438)
ERROR: TileSetAtlasSource has no tile at (11, 22).
   at: create_alternative_tile (scene/resources/2d/tile_set.cpp:5386)
ERROR: Cannot create tile. The tile is outside the texture or tiles are already present in the space the tile would cover.
   at: create_tile (scene/resources/2d/tile_set.cpp:4986)
ERROR: The TileSetAtlasSource atlas has no tile at (12, 22).
   at: has_alternative_tile (scene/resources/2d/tile_set.cpp:5438)
ERROR: TileSetAtlasSource has no tile at (12, 22).
   at: create_alternative_tile (scene/resources/2d/tile_set.cpp:5386)
ERROR: Cannot create tile. The tile is outside the texture or tiles are already present in the space the tile would cover.
   at: create_tile (scene/resources/2d/tile_set.cpp:4986)
ERROR: The TileSetAtlasSource atlas has no tile at (13, 22).
   at: has_alternative_tile (scene/resources/2d/tile_set.cpp:5438)
ERROR: TileSetAtlasSource has no tile at (13, 22).
   at: create_alternative_tile (scene/resources/2d/tile_set.cpp:5386)
ERROR: Cannot create tile. The tile is outside the texture or tiles are already present in the space the tile would cover.
   at: create_tile (scene/resources/2d/tile_set.cpp:4986)
ERROR: The TileSetAtlasSource atlas has no tile at (8, 23).
   at: has_alternative_tile (scene/resources/2d/tile_set.cpp:5438)
ERROR: TileSetAtlasSource has no tile at (8, 23).
   at: create_alternative_tile (scene/resources/2d/tile_set.cpp:5386)
ERROR: Cannot create tile. The tile is outside the texture or tiles are already present in the space the tile would cover.
   at: create_tile (scene/resources/2d/tile_set.cpp:4986)
ERROR: The TileSetAtlasSource atlas has no tile at (9, 23).
   at: has_alternative_tile (scene/resources/2d/tile_set.cpp:5438)
ERROR: TileSetAtlasSource has no tile at (9, 23).
   at: create_alternative_tile (scene/resources/2d/tile_set.cpp:5386)
ERROR: Cannot create tile. The tile is outside the texture or tiles are already present in the space the tile would cover.
   at: create_tile (scene/resources/2d/tile_set.cpp:4986)
ERROR: The TileSetAtlasSource atlas has no tile at (10, 23).
   at: has_alternative_tile (scene/resources/2d/tile_set.cpp:5438)
ERROR: TileSetAtlasSource has no tile at (10, 23).
   at: create_alternative_tile (scene/resources/2d/tile_set.cpp:5386)
ERROR: Cannot create tile. The tile is outside the texture or tiles are already present in the space the tile would cover.
   at: create_tile (scene/resources/2d/tile_set.cpp:4986)
ERROR: The TileSetAtlasSource atlas has no tile at (11, 23).
   at: has_alternative_tile (scene/resources/2d/tile_set.cpp:5438)
ERROR: TileSetAtlasSource has no tile at (11, 23).
   at: create_alternative_tile (scene/resources/2d/tile_set.cpp:5386)
ERROR: Cannot create tile. The tile is outside the texture or tiles are already present in the space the tile would cover.
   at: create_tile (scene/resources/2d/tile_set.cpp:4986)
ERROR: The TileSetAtlasSource atlas has no tile at (12, 23).
   at: has_alternative_tile (scene/resources/2d/tile_set.cpp:5438)
ERROR: TileSetAtlasSource has no tile at (12, 23).
   at: create_alternative_tile (scene/resources/2d/tile_set.cpp:5386)
ERROR: Cannot create tile. The tile is outside the texture or tiles are already present in the space the tile would cover.
   at: create_tile (scene/resources/2d/tile_set.cpp:4986)
ERROR: The TileSetAtlasSource atlas has no tile at (13, 23).
   at: has_alternative_tile (scene/resources/2d/tile_set.cpp:5438)
ERROR: TileSetAtlasSource has no tile at (13, 23).
   at: create_alternative_tile (scene/resources/2d/tile_set.cpp:5386)
ERROR: Cannot create tile. The tile is outside the texture or tiles are already present in the space the tile would cover.
   at: create_tile (scene/resources/2d/tile_set.cpp:4986)
ERROR: The TileSetAtlasSource atlas has no tile at (8, 24).
   at: has_alternative_tile (scene/resources/2d/tile_set.cpp:5438)
ERROR: TileSetAtlasSource has no tile at (8, 24).
   at: create_alternative_tile (scene/resources/2d/tile_set.cpp:5386)
ERROR: Cannot create tile. The tile is outside the texture or tiles are already present in the space the tile would cover.
   at: create_tile (scene/resources/2d/tile_set.cpp:4986)
ERROR: The TileSetAtlasSource atlas has no tile at (9, 24).
   at: has_alternative_tile (scene/resources/2d/tile_set.cpp:5438)
ERROR: TileSetAtlasSource has no tile at (9, 24).
   at: create_alternative_tile (scene/resources/2d/tile_set.cpp:5386)
ERROR: Cannot create tile. The tile is outside the texture or tiles are already present in the space the tile would cover.
   at: create_tile (scene/resources/2d/tile_set.cpp:4986)
ERROR: The TileSetAtlasSource atlas has no tile at (10, 24).
   at: has_alternative_tile (scene/resources/2d/tile_set.cpp:5438)
ERROR: TileSetAtlasSource has no tile at (10, 24).
   at: create_alternative_tile (scene/resources/2d/tile_set.cpp:5386)
ERROR: Cannot create tile. The tile is outside the texture or tiles are already present in the space the tile would cover.
   at: create_tile (scene/resources/2d/tile_set.cpp:4986)
ERROR: The TileSetAtlasSource atlas has no tile at (11, 24).
   at: has_alternative_tile (scene/resources/2d/tile_set.cpp:5438)
ERROR: TileSetAtlasSource has no tile at (11, 24).
   at: create_alternative_tile (scene/resources/2d/tile_set.cpp:5386)
ERROR: Cannot create tile. The tile is outside the texture or tiles are already present in the space the tile would cover.
   at: create_tile (scene/resources/2d/tile_set.cpp:4986)
ERROR: The TileSetAtlasSource atlas has no tile at (12, 24).
   at: has_alternative_tile (scene/resources/2d/tile_set.cpp:5438)
ERROR: TileSetAtlasSource has no tile at (12, 24).
   at: create_alternative_tile (scene/resources/2d/tile_set.cpp:5386)
ERROR: Cannot create tile. The tile is outside the texture or tiles are already present in the space the tile would cover.
   at: create_tile (scene/resources/2d/tile_set.cpp:4986)
ERROR: The TileSetAtlasSource atlas has no tile at (13, 24).
   at: has_alternative_tile (scene/resources/2d/tile_set.cpp:5438)
ERROR: TileSetAtlasSource has no tile at (13, 24).
   at: create_alternative_tile (scene/resources/2d/tile_set.cpp:5386)
ERROR: Cannot create tile. The tile is outside the texture or tiles are already present in the space the tile would cover.
   at: create_tile (scene/resources/2d/tile_set.cpp:4986)
ERROR: The TileSetAtlasSource atlas has no tile at (14, 24).
   at: has_alternative_tile (scene/resources/2d/tile_set.cpp:5438)
ERROR: TileSetAtlasSource has no tile at (14, 24).
   at: create_alternative_tile (scene/resources/2d/tile_set.cpp:5386)
ERROR: Cannot create tile. The tile is outside the texture or tiles are already present in the space the tile would cover.
   at: create_tile (scene/resources/2d/tile_set.cpp:4986)
ERROR: The TileSetAtlasSource atlas has no tile at (15, 24).
   at: has_alternative_tile (scene/resources/2d/tile_set.cpp:5438)
ERROR: TileSetAtlasSource has no tile at (15, 24).
   at: create_alternative_tile (scene/resources/2d/tile_set.cpp:5386)
ERROR: Cannot create tile. The tile is outside the texture or tiles are already present in the space the tile would cover.
   at: create_tile (scene/resources/2d/tile_set.cpp:4986)
ERROR: The TileSetAtlasSource atlas has no tile at (8, 25).
   at: has_alternative_tile (scene/resources/2d/tile_set.cpp:5438)
ERROR: TileSetAtlasSource has no tile at (8, 25).
   at: create_alternative_tile (scene/resources/2d/tile_set.cpp:5386)
ERROR: Cannot create tile. The tile is outside the texture or tiles are already present in the space the tile would cover.
   at: create_tile (scene/resources/2d/tile_set.cpp:4986)
ERROR: The TileSetAtlasSource atlas has no tile at (9, 25).
   at: has_alternative_tile (scene/resources/2d/tile_set.cpp:5438)
ERROR: TileSetAtlasSource has no tile at (9, 25).
   at: create_alternative_tile (scene/resources/2d/tile_set.cpp:5386)
ERROR: Cannot create tile. The tile is outside the texture or tiles are already present in the space the tile would cover.
   at: create_tile (scene/resources/2d/tile_set.cpp:4986)
ERROR: The TileSetAtlasSource atlas has no tile at (10, 25).
   at: has_alternative_tile (scene/resources/2d/tile_set.cpp:5438)
ERROR: TileSetAtlasSource has no tile at (10, 25).
   at: create_alternative_tile (scene/resources/2d/tile_set.cpp:5386)
ERROR: Cannot create tile. The tile is outside the texture or tiles are already present in the space the tile would cover.
   at: create_tile (scene/resources/2d/tile_set.cpp:4986)
ERROR: The TileSetAtlasSource atlas has no tile at (11, 25).
   at: has_alternative_tile (scene/resources/2d/tile_set.cpp:5438)
ERROR: TileSetAtlasSource has no tile at (11, 25).
   at: create_alternative_tile (scene/resources/2d/tile_set.cpp:5386)
ERROR: Cannot create tile. The tile is outside the texture or tiles are already present in the space the tile would cover.
   at: create_tile (scene/resources/2d/tile_set.cpp:4986)
ERROR: The TileSetAtlasSource atlas has no tile at (12, 25).
   at: has_alternative_tile (scene/resources/2d/tile_set.cpp:5438)
ERROR: TileSetAtlasSource has no tile at (12, 25).
   at: create_alternative_tile (scene/resources/2d/tile_set.cpp:5386)
ERROR: Cannot create tile. The tile is outside the texture or tiles are already present in the space the tile would cover.
   at: create_tile (scene/resources/2d/tile_set.cpp:4986)
ERROR: The TileSetAtlasSource atlas has no tile at (13, 25).
   at: has_alternative_tile (scene/resources/2d/tile_set.cpp:5438)
ERROR: TileSetAtlasSource has no tile at (13, 25).
   at: create_alternative_tile (scene/resources/2d/tile_set.cpp:5386)
ERROR: Cannot create tile. The tile is outside the texture or tiles are already present in the space the tile would cover.
   at: create_tile (scene/resources/2d/tile_set.cpp:4986)
ERROR: The TileSetAtlasSource atlas has no tile at (14, 25).
   at: has_alternative_tile (scene/resources/2d/tile_set.cpp:5438)
ERROR: TileSetAtlasSource has no tile at (14, 25).
   at: create_alternative_tile (scene/resources/2d/tile_set.cpp:5386)
ERROR: Cannot create tile. The tile is outside the texture or tiles are already present in the space the tile would cover.
   at: create_tile (scene/resources/2d/tile_set.cpp:4986)
ERROR: The TileSetAtlasSource atlas has no tile at (15, 25).
   at: has_alternative_tile (scene/resources/2d/tile_set.cpp:5438)
ERROR: TileSetAtlasSource has no tile at (15, 25).
   at: create_alternative_tile (scene/resources/2d/tile_set.cpp:5386)
ERROR: Cannot create tile. The tile is outside the texture or tiles are already present in the space the tile would cover.
   at: create_tile (scene/resources/2d/tile_set.cpp:4986)
ERROR: The TileSetAtlasSource atlas has no tile at (8, 26).
   at: has_alternative_tile (scene/resources/2d/tile_set.cpp:5438)
ERROR: TileSetAtlasSource has no tile at (8, 26).
   at: create_alternative_tile (scene/resources/2d/tile_set.cpp:5386)
ERROR: Cannot create tile. The tile is outside the texture or tiles are already present in the space the tile would cover.
   at: create_tile (scene/resources/2d/tile_set.cpp:4986)
ERROR: The TileSetAtlasSource atlas has no tile at (9, 26).
   at: has_alternative_tile (scene/resources/2d/tile_set.cpp:5438)
ERROR: TileSetAtlasSource has no tile at (9, 26).
   at: create_alternative_tile (scene/resources/2d/tile_set.cpp:5386)
ERROR: Cannot create tile. The tile is outside the texture or tiles are already present in the space the tile would cover.
   at: create_tile (scene/resources/2d/tile_set.cpp:4986)
ERROR: The TileSetAtlasSource atlas has no tile at (10, 26).
   at: has_alternative_tile (scene/resources/2d/tile_set.cpp:5438)
ERROR: TileSetAtlasSource has no tile at (10, 26).
   at: create_alternative_tile (scene/resources/2d/tile_set.cpp:5386)
ERROR: Cannot create tile. The tile is outside the texture or tiles are already present in the space the tile would cover.
   at: create_tile (scene/resources/2d/tile_set.cpp:4986)
ERROR: The TileSetAtlasSource atlas has no tile at (11, 26).
   at: has_alternative_tile (scene/resources/2d/tile_set.cpp:5438)
ERROR: TileSetAtlasSource has no tile at (11, 26).
   at: create_alternative_tile (scene/resources/2d/tile_set.cpp:5386)
ERROR: Cannot create tile. The tile is outside the texture or tiles are already present in the space the tile would cover.
   at: create_tile (scene/resources/2d/tile_set.cpp:4986)
ERROR: The TileSetAtlasSource atlas has no tile at (12, 26).
   at: has_alternative_tile (scene/resources/2d/tile_set.cpp:5438)
ERROR: TileSetAtlasSource has no tile at (12, 26).
   at: create_alternative_tile (scene/resources/2d/tile_set.cpp:5386)
ERROR: Cannot create tile. The tile is outside the texture or tiles are already present in the space the tile would cover.
   at: create_tile (scene/resources/2d/tile_set.cpp:4986)
ERROR: The TileSetAtlasSource atlas has no tile at (13, 26).
   at: has_alternative_tile (scene/resources/2d/tile_set.cpp:5438)
ERROR: TileSetAtlasSource has no tile at (13, 26).
   at: create_alternative_tile (scene/resources/2d/tile_set.cpp:5386)
ERROR: Cannot create tile. The tile is outside the texture or tiles are already present in the space the tile would cover.
   at: create_tile (scene/resources/2d/tile_set.cpp:4986)
ERROR: The TileSetAtlasSource atlas has no tile at (14, 26).
   at: has_alternative_tile (scene/resources/2d/tile_set.cpp:5438)
ERROR: TileSetAtlasSource has no tile at (14, 26).
   at: create_alternative_tile (scene/resources/2d/tile_set.cpp:5386)
ERROR: Cannot create tile. The tile is outside the texture or tiles are already present in the space the tile would cover.
   at: create_tile (scene/resources/2d/tile_set.cpp:4986)
ERROR: The TileSetAtlasSource atlas has no tile at (15, 26).
   at: has_alternative_tile (scene/resources/2d/tile_set.cpp:5438)
ERROR: TileSetAtlasSource has no tile at (15, 26).
   at: create_alternative_tile (scene/resources/2d/tile_set.cpp:5386)
ERROR: Cannot create tile. The tile is outside the texture or tiles are already present in the space the tile would cover.
   at: create_tile (scene/resources/2d/tile_set.cpp:4986)
ERROR: The TileSetAtlasSource atlas has no tile at (8, 27).
   at: has_alternative_tile (scene/resources/2d/tile_set.cpp:5438)
ERROR: TileSetAtlasSource has no tile at (8, 27).
   at: create_alternative_tile (scene/resources/2d/tile_set.cpp:5386)
ERROR: Cannot create tile. The tile is outside the texture or tiles are already present in the space the tile would cover.
   at: create_tile (scene/resources/2d/tile_set.cpp:4986)
ERROR: The TileSetAtlasSource atlas has no tile at (9, 27).
   at: has_alternative_tile (scene/resources/2d/tile_set.cpp:5438)
ERROR: TileSetAtlasSource has no tile at (9, 27).
   at: create_alternative_tile (scene/resources/2d/tile_set.cpp:5386)
ERROR: Cannot create tile. The tile is outside the texture or tiles are already present in the space the tile would cover.
   at: create_tile (scene/resources/2d/tile_set.cpp:4986)
ERROR: The TileSetAtlasSource atlas has no tile at (10, 27).
   at: has_alternative_tile (scene/resources/2d/tile_set.cpp:5438)
ERROR: TileSetAtlasSource has no tile at (10, 27).
   at: create_alternative_tile (scene/resources/2d/tile_set.cpp:5386)
ERROR: Cannot create tile. The tile is outside the texture or tiles are already present in the space the tile would cover.
   at: create_tile (scene/resources/2d/tile_set.cpp:4986)
ERROR: The TileSetAtlasSource atlas has no tile at (11, 27).
   at: has_alternative_tile (scene/resources/2d/tile_set.cpp:5438)
ERROR: TileSetAtlasSource has no tile at (11, 27).
   at: create_alternative_tile (scene/resources/2d/tile_set.cpp:5386)
ERROR: Cannot create tile. The tile is outside the texture or tiles are already present in the space the tile would cover.
   at: create_tile (scene/resources/2d/tile_set.cpp:4986)
ERROR: The TileSetAtlasSource atlas has no tile at (12, 27).
   at: has_alternative_tile (scene/resources/2d/tile_set.cpp:5438)
ERROR: TileSetAtlasSource has no tile at (12, 27).
   at: create_alternative_tile (scene/resources/2d/tile_set.cpp:5386)
ERROR: Cannot create tile. The tile is outside the texture or tiles are already present in the space the tile would cover.
   at: create_tile (scene/resources/2d/tile_set.cpp:4986)
ERROR: The TileSetAtlasSource atlas has no tile at (13, 27).
   at: has_alternative_tile (scene/resources/2d/tile_set.cpp:5438)
ERROR: TileSetAtlasSource has no tile at (13, 27).
   at: create_alternative_tile (scene/resources/2d/tile_set.cpp:5386)
ERROR: Cannot create tile. The tile is outside the texture or tiles are already present in the space the tile would cover.
   at: create_tile (scene/resources/2d/tile_set.cpp:4986)
ERROR: The TileSetAtlasSource atlas has no tile at (14, 27).
   at: has_alternative_tile (scene/resources/2d/tile_set.cpp:5438)
ERROR: TileSetAtlasSource has no tile at (14, 27).
   at: create_alternative_tile (scene/resources/2d/tile_set.cpp:5386)
ERROR: Cannot create tile. The tile is outside the texture or tiles are already present in the space the tile would cover.
   at: create_tile (scene/resources/2d/tile_set.cpp:4986)
ERROR: The TileSetAtlasSource atlas has no tile at (15, 27).
   at: has_alternative_tile (scene/resources/2d/tile_set.cpp:5438)
ERROR: TileSetAtlasSource has no tile at (15, 27).
   at: create_alternative_tile (scene/resources/2d/tile_set.cpp:5386)
ERROR: Cannot create tile. The tile is outside the texture or tiles are already present in the space the tile would cover.
   at: create_tile (scene/resources/2d/tile_set.cpp:4986)
ERROR: The TileSetAtlasSource atlas has no tile at (8, 28).
   at: has_alternative_tile (scene/resources/2d/tile_set.cpp:5438)
ERROR: TileSetAtlasSource has no tile at (8, 28).
   at: create_alternative_tile (scene/resources/2d/tile_set.cpp:5386)
ERROR: Cannot create tile. The tile is outside the texture or tiles are already present in the space the tile would cover.
   at: create_tile (scene/resources/2d/tile_set.cpp:4986)
ERROR: The TileSetAtlasSource atlas has no tile at (9, 28).
   at: has_alternative_tile (scene/resources/2d/tile_set.cpp:5438)
ERROR: TileSetAtlasSource has no tile at (9, 28).
   at: create_alternative_tile (scene/resources/2d/tile_set.cpp:5386)
ERROR: Cannot create tile. The tile is outside the texture or tiles are already present in the space the tile would cover.
   at: create_tile (scene/resources/2d/tile_set.cpp:4986)
ERROR: The TileSetAtlasSource atlas has no tile at (10, 28).
   at: has_alternative_tile (scene/resources/2d/tile_set.cpp:5438)
ERROR: TileSetAtlasSource has no tile at (10, 28).
   at: create_alternative_tile (scene/resources/2d/tile_set.cpp:5386)
ERROR: Cannot create tile. The tile is outside the texture or tiles are already present in the space the tile would cover.
   at: create_tile (scene/resources/2d/tile_set.cpp:4986)
ERROR: The TileSetAtlasSource atlas has no tile at (11, 28).
   at: has_alternative_tile (scene/resources/2d/tile_set.cpp:5438)
ERROR: TileSetAtlasSource has no tile at (11, 28).
   at: create_alternative_tile (scene/resources/2d/tile_set.cpp:5386)
ERROR: Cannot create tile. The tile is outside the texture or tiles are already present in the space the tile would cover.
   at: create_tile (scene/resources/2d/tile_set.cpp:4986)
ERROR: The TileSetAtlasSource atlas has no tile at (12, 28).
   at: has_alternative_tile (scene/resources/2d/tile_set.cpp:5438)
ERROR: TileSetAtlasSource has no tile at (12, 28).
   at: create_alternative_tile (scene/resources/2d/tile_set.cpp:5386)
ERROR: Cannot create tile. The tile is outside the texture or tiles are already present in the space the tile would cover.
   at: create_tile (scene/resources/2d/tile_set.cpp:4986)
ERROR: The TileSetAtlasSource atlas has no tile at (13, 28).
   at: has_alternative_tile (scene/resources/2d/tile_set.cpp:5438)
ERROR: TileSetAtlasSource has no tile at (13, 28).
   at: create_alternative_tile (scene/resources/2d/tile_set.cpp:5386)
ERROR: Cannot create tile. The tile is outside the texture or tiles are already present in the space the tile would cover.
   at: create_tile (scene/resources/2d/tile_set.cpp:4986)
ERROR: The TileSetAtlasSource atlas has no tile at (14, 28).
   at: has_alternative_tile (scene/resources/2d/tile_set.cpp:5438)
ERROR: TileSetAtlasSource has no tile at (14, 28).
   at: create_alternative_tile (scene/resources/2d/tile_set.cpp:5386)
ERROR: Cannot create tile. The tile is outside the texture or tiles are already present in the space the tile would cover.
   at: create_tile (scene/resources/2d/tile_set.cpp:4986)
ERROR: The TileSetAtlasSource atlas has no tile at (15, 28).
   at: has_alternative_tile (scene/resources/2d/tile_set.cpp:5438)
ERROR: TileSetAtlasSource has no tile at (15, 28).
   at: create_alternative_tile (scene/resources/2d/tile_set.cpp:5386)
ERROR: Cannot create tile. The tile is outside the texture or tiles are already present in the space the tile would cover.
   at: create_tile (scene/resources/2d/tile_set.cpp:4986)
ERROR: The TileSetAtlasSource atlas has no tile at (8, 29).
   at: has_alternative_tile (scene/resources/2d/tile_set.cpp:5438)
ERROR: TileSetAtlasSource has no tile at (8, 29).
   at: create_alternative_tile (scene/resources/2d/tile_set.cpp:5386)
ERROR: Cannot create tile. The tile is outside the texture or tiles are already present in the space the tile would cover.
   at: create_tile (scene/resources/2d/tile_set.cpp:4986)
ERROR: The TileSetAtlasSource atlas has no tile at (9, 29).
   at: has_alternative_tile (scene/resources/2d/tile_set.cpp:5438)
ERROR: TileSetAtlasSource has no tile at (9, 29).
   at: create_alternative_tile (scene/resources/2d/tile_set.cpp:5386)
ERROR: Cannot create tile. The tile is outside the texture or tiles are already present in the space the tile would cover.
   at: create_tile (scene/resources/2d/tile_set.cpp:4986)
ERROR: The TileSetAtlasSource atlas has no tile at (10, 29).
   at: has_alternative_tile (scene/resources/2d/tile_set.cpp:5438)
ERROR: TileSetAtlasSource has no tile at (10, 29).
   at: create_alternative_tile (scene/resources/2d/tile_set.cpp:5386)
ERROR: Cannot create tile. The tile is outside the texture or tiles are already present in the space the tile would cover.
   at: create_tile (scene/resources/2d/tile_set.cpp:4986)
ERROR: The TileSetAtlasSource atlas has no tile at (11, 29).
   at: has_alternative_tile (scene/resources/2d/tile_set.cpp:5438)
ERROR: TileSetAtlasSource has no tile at (11, 29).
   at: create_alternative_tile (scene/resources/2d/tile_set.cpp:5386)
ERROR: Cannot create tile. The tile is outside the texture or tiles are already present in the space the tile would cover.
   at: create_tile (scene/resources/2d/tile_set.cpp:4986)
ERROR: The TileSetAtlasSource atlas has no tile at (12, 29).
   at: has_alternative_tile (scene/resources/2d/tile_set.cpp:5438)
ERROR: TileSetAtlasSource has no tile at (12, 29).
   at: create_alternative_tile (scene/resources/2d/tile_set.cpp:5386)
ERROR: Cannot create tile. The tile is outside the texture or tiles are already present in the space the tile would cover.
   at: create_tile (scene/resources/2d/tile_set.cpp:4986)
ERROR: The TileSetAtlasSource atlas has no tile at (13, 29).
   at: has_alternative_tile (scene/resources/2d/tile_set.cpp:5438)
ERROR: TileSetAtlasSource has no tile at (13, 29).
   at: create_alternative_tile (scene/resources/2d/tile_set.cpp:5386)
ERROR: Cannot create tile. The tile is outside the texture or tiles are already present in the space the tile would cover.
   at: create_tile (scene/resources/2d/tile_set.cpp:4986)
ERROR: The TileSetAtlasSource atlas has no tile at (14, 29).
   at: has_alternative_tile (scene/resources/2d/tile_set.cpp:5438)
ERROR: TileSetAtlasSource has no tile at (14, 29).
   at: create_alternative_tile (scene/resources/2d/tile_set.cpp:5386)
ERROR: Cannot create tile. The tile is outside the texture or tiles are already present in the space the tile would cover.
   at: create_tile (scene/resources/2d/tile_set.cpp:4986)
ERROR: The TileSetAtlasSource atlas has no tile at (15, 29).
   at: has_alternative_tile (scene/resources/2d/tile_set.cpp:5438)
ERROR: TileSetAtlasSource has no tile at (15, 29).
   at: create_alternative_tile (scene/resources/2d/tile_set.cpp:5386)
ERROR: Cannot create tile. The tile is outside the texture or tiles are already present in the space the tile would cover.
   at: create_tile (scene/resources/2d/tile_set.cpp:4986)
ERROR: The TileSetAtlasSource atlas has no tile at (8, 30).
   at: has_alternative_tile (scene/resources/2d/tile_set.cpp:5438)
ERROR: TileSetAtlasSource has no tile at (8, 30).
   at: create_alternative_tile (scene/resources/2d/tile_set.cpp:5386)
ERROR: Cannot create tile. The tile is outside the texture or tiles are already present in the space the tile would cover.
   at: create_tile (scene/resources/2d/tile_set.cpp:4986)
ERROR: The TileSetAtlasSource atlas has no tile at (9, 30).
   at: has_alternative_tile (scene/resources/2d/tile_set.cpp:5438)
ERROR: TileSetAtlasSource has no tile at (9, 30).
   at: create_alternative_tile (scene/resources/2d/tile_set.cpp:5386)
ERROR: Cannot create tile. The tile is outside the texture or tiles are already present in the space the tile would cover.
   at: create_tile (scene/resources/2d/tile_set.cpp:4986)
ERROR: The TileSetAtlasSource atlas has no tile at (10, 30).
   at: has_alternative_tile (scene/resources/2d/tile_set.cpp:5438)
ERROR: TileSetAtlasSource has no tile at (10, 30).
   at: create_alternative_tile (scene/resources/2d/tile_set.cpp:5386)
ERROR: Cannot create tile. The tile is outside the texture or tiles are already present in the space the tile would cover.
   at: create_tile (scene/resources/2d/tile_set.cpp:4986)
ERROR: The TileSetAtlasSource atlas has no tile at (11, 30).
   at: has_alternative_tile (scene/resources/2d/tile_set.cpp:5438)
ERROR: TileSetAtlasSource has no tile at (11, 30).
   at: create_alternative_tile (scene/resources/2d/tile_set.cpp:5386)
ERROR: Cannot create tile. The tile is outside the texture or tiles are already present in the space the tile would cover.
   at: create_tile (scene/resources/2d/tile_set.cpp:4986)
ERROR: The TileSetAtlasSource atlas has no tile at (12, 30).
   at: has_alternative_tile (scene/resources/2d/tile_set.cpp:5438)
ERROR: TileSetAtlasSource has no tile at (12, 30).
   at: create_alternative_tile (scene/resources/2d/tile_set.cpp:5386)
ERROR: Cannot create tile. The tile is outside the texture or tiles are already present in the space the tile would cover.
   at: create_tile (scene/resources/2d/tile_set.cpp:4986)
ERROR: The TileSetAtlasSource atlas has no tile at (13, 30).
   at: has_alternative_tile (scene/resources/2d/tile_set.cpp:5438)
ERROR: TileSetAtlasSource has no tile at (13, 30).
   at: create_alternative_tile (scene/resources/2d/tile_set.cpp:5386)
ERROR: Cannot create tile. The tile is outside the texture or tiles are already present in the space the tile would cover.
   at: create_tile (scene/resources/2d/tile_set.cpp:4986)
ERROR: The TileSetAtlasSource atlas has no tile at (14, 30).
   at: has_alternative_tile (scene/resources/2d/tile_set.cpp:5438)
ERROR: TileSetAtlasSource has no tile at (14, 30).
   at: create_alternative_tile (scene/resources/2d/tile_set.cpp:5386)
ERROR: Cannot create tile. The tile is outside the texture or tiles are already present in the space the tile would cover.
   at: create_tile (scene/resources/2d/tile_set.cpp:4986)
ERROR: The TileSetAtlasSource atlas has no tile at (15, 30).
   at: has_alternative_tile (scene/resources/2d/tile_set.cpp:5438)
ERROR: TileSetAtlasSource has no tile at (15, 30).
   at: create_alternative_tile (scene/resources/2d/tile_set.cpp:5386)
ERROR: Cannot create tile. The tile is outside the texture or tiles are already present in the space the tile would cover.
   at: create_tile (scene/resources/2d/tile_set.cpp:4986)
ERROR: The TileSetAtlasSource atlas has no tile at (8, 31).
   at: has_alternative_tile (scene/resources/2d/tile_set.cpp:5438)
ERROR: TileSetAtlasSource has no tile at (8, 31).
   at: create_alternative_tile (scene/resources/2d/tile_set.cpp:5386)
ERROR: Cannot create tile. The tile is outside the texture or tiles are already present in the space the tile would cover.
   at: create_tile (scene/resources/2d/tile_set.cpp:4986)
ERROR: The TileSetAtlasSource atlas has no tile at (9, 31).
   at: has_alternative_tile (scene/resources/2d/tile_set.cpp:5438)
ERROR: TileSetAtlasSource has no tile at (9, 31).
   at: create_alternative_tile (scene/resources/2d/tile_set.cpp:5386)
ERROR: Cannot create tile. The tile is outside the texture or tiles are already present in the space the tile would cover.
   at: create_tile (scene/resources/2d/tile_set.cpp:4986)
ERROR: The TileSetAtlasSource atlas has no tile at (10, 31).
   at: has_alternative_tile (scene/resources/2d/tile_set.cpp:5438)
ERROR: TileSetAtlasSource has no tile at (10, 31).
   at: create_alternative_tile (scene/resources/2d/tile_set.cpp:5386)
ERROR: Cannot create tile. The tile is outside the texture or tiles are already present in the space the tile would cover.
   at: create_tile (scene/resources/2d/tile_set.cpp:4986)
ERROR: The TileSetAtlasSource atlas has no tile at (11, 31).
   at: has_alternative_tile (scene/resources/2d/tile_set.cpp:5438)
ERROR: TileSetAtlasSource has no tile at (11, 31).
   at: create_alternative_tile (scene/resources/2d/tile_set.cpp:5386)
ERROR: Cannot create tile. The tile is outside the texture or tiles are already present in the space the tile would cover.
   at: create_tile (scene/resources/2d/tile_set.cpp:4986)
ERROR: The TileSetAtlasSource atlas has no tile at (12, 31).
   at: has_alternative_tile (scene/resources/2d/tile_set.cpp:5438)
ERROR: TileSetAtlasSource has no tile at (12, 31).
   at: create_alternative_tile (scene/resources/2d/tile_set.cpp:5386)
ERROR: Cannot create tile. The tile is outside the texture or tiles are already present in the space the tile would cover.
   at: create_tile (scene/resources/2d/tile_set.cpp:4986)
ERROR: The TileSetAtlasSource atlas has no tile at (13, 31).
   at: has_alternative_tile (scene/resources/2d/tile_set.cpp:5438)
ERROR: TileSetAtlasSource has no tile at (13, 31).
   at: create_alternative_tile (scene/resources/2d/tile_set.cpp:5386)
ERROR: Cannot create tile. The tile is outside the texture or tiles are already present in the space the tile would cover.
   at: create_tile (scene/resources/2d/tile_set.cpp:4986)
ERROR: The TileSetAtlasSource atlas has no tile at (14, 31).
   at: has_alternative_tile (scene/resources/2d/tile_set.cpp:5438)
ERROR: TileSetAtlasSource has no tile at (14, 31).
   at: create_alternative_tile (scene/resources/2d/tile_set.cpp:5386)
ERROR: Cannot create tile. The tile is outside the texture or tiles are already present in the space the tile would cover.
   at: create_tile (scene/resources/2d/tile_set.cpp:4986)
ERROR: The TileSetAtlasSource atlas has no tile at (15, 31).
   at: has_alternative_tile (scene/resources/2d/tile_set.cpp:5438)
ERROR: TileSetAtlasSource has no tile at (15, 31).
   at: create_alternative_tile (scene/resources/2d/tile_set.cpp:5386)
ERROR: Cannot create tile. The tile is outside the texture or tiles are already present in the space the tile would cover.
   at: create_tile (scene/resources/2d/tile_set.cpp:4986)
ERROR: The TileSetAtlasSource atlas has no tile at (8, 32).
   at: has_alternative_tile (scene/resources/2d/tile_set.cpp:5438)
ERROR: TileSetAtlasSource has no tile at (8, 32).
   at: create_alternative_tile (scene/resources/2d/tile_set.cpp:5386)
ERROR: Cannot create tile. The tile is outside the texture or tiles are already present in the space the tile would cover.
   at: create_tile (scene/resources/2d/tile_set.cpp:4986)
ERROR: The TileSetAtlasSource atlas has no tile at (9, 32).
   at: has_alternative_tile (scene/resources/2d/tile_set.cpp:5438)
ERROR: TileSetAtlasSource has no tile at (9, 32).
   at: create_alternative_tile (scene/resources/2d/tile_set.cpp:5386)
ERROR: Cannot create tile. The tile is outside the texture or tiles are already present in the space the tile would cover.
   at: create_tile (scene/resources/2d/tile_set.cpp:4986)
ERROR: The TileSetAtlasSource atlas has no tile at (10, 32).
   at: has_alternative_tile (scene/resources/2d/tile_set.cpp:5438)
ERROR: TileSetAtlasSource has no tile at (10, 32).
   at: create_alternative_tile (scene/resources/2d/tile_set.cpp:5386)
ERROR: Cannot create tile. The tile is outside the texture or tiles are already present in the space the tile would cover.
   at: create_tile (scene/resources/2d/tile_set.cpp:4986)
ERROR: The TileSetAtlasSource atlas has no tile at (11, 32).
   at: has_alternative_tile (scene/resources/2d/tile_set.cpp:5438)
ERROR: TileSetAtlasSource has no tile at (11, 32).
   at: create_alternative_tile (scene/resources/2d/tile_set.cpp:5386)
ERROR: Cannot create tile. The tile is outside the texture or tiles are already present in the space the tile would cover.
   at: create_tile (scene/resources/2d/tile_set.cpp:4986)
ERROR: The TileSetAtlasSource atlas has no tile at (12, 32).
   at: has_alternative_tile (scene/resources/2d/tile_set.cpp:5438)
ERROR: TileSetAtlasSource has no tile at (12, 32).
   at: create_alternative_tile (scene/resources/2d/tile_set.cpp:5386)
ERROR: Cannot create tile. The tile is outside the texture or tiles are already present in the space the tile would cover.
   at: create_tile (scene/resources/2d/tile_set.cpp:4986)
ERROR: The TileSetAtlasSource atlas has no tile at (13, 32).
   at: has_alternative_tile (scene/resources/2d/tile_set.cpp:5438)
ERROR: TileSetAtlasSource has no tile at (13, 32).
   at: create_alternative_tile (scene/resources/2d/tile_set.cpp:5386)
ERROR: Cannot create tile. The tile is outside the texture or tiles are already present in the space the tile would cover.
   at: create_tile (scene/resources/2d/tile_set.cpp:4986)
ERROR: The TileSetAtlasSource atlas has no tile at (14, 32).
   at: has_alternative_tile (scene/resources/2d/tile_set.cpp:5438)
ERROR: TileSetAtlasSource has no tile at (14, 32).
   at: create_alternative_tile (scene/resources/2d/tile_set.cpp:5386)
ERROR: Cannot create tile. The tile is outside the texture or tiles are already present in the space the tile would cover.
   at: create_tile (scene/resources/2d/tile_set.cpp:4986)
ERROR: The TileSetAtlasSource atlas has no tile at (15, 32).
   at: has_alternative_tile (scene/resources/2d/tile_set.cpp:5438)
ERROR: TileSetAtlasSource has no tile at (15, 32).
   at: create_alternative_tile (scene/resources/2d/tile_set.cpp:5386)
ERROR: Cannot create tile. The tile is outside the texture or tiles are already present in the space the tile would cover.
   at: create_tile (scene/resources/2d/tile_set.cpp:4986)
ERROR: The TileSetAtlasSource atlas has no tile at (8, 33).
   at: has_alternative_tile (scene/resources/2d/tile_set.cpp:5438)
ERROR: TileSetAtlasSource has no tile at (8, 33).
   at: create_alternative_tile (scene/resources/2d/tile_set.cpp:5386)
ERROR: Cannot create tile. The tile is outside the texture or tiles are already present in the space the tile would cover.
   at: create_tile (scene/resources/2d/tile_set.cpp:4986)
ERROR: The TileSetAtlasSource atlas has no tile at (9, 33).
   at: has_alternative_tile (scene/resources/2d/tile_set.cpp:5438)
ERROR: TileSetAtlasSource has no tile at (9, 33).
   at: create_alternative_tile (scene/resources/2d/tile_set.cpp:5386)
ERROR: Cannot create tile. The tile is outside the texture or tiles are already present in the space the tile would cover.
   at: create_tile (scene/resources/2d/tile_set.cpp:4986)
ERROR: The TileSetAtlasSource atlas has no tile at (10, 33).
   at: has_alternative_tile (scene/resources/2d/tile_set.cpp:5438)
ERROR: TileSetAtlasSource has no tile at (10, 33).
   at: create_alternative_tile (scene/resources/2d/tile_set.cpp:5386)
ERROR: Cannot create tile. The tile is outside the texture or tiles are already present in the space the tile would cover.
   at: create_tile (scene/resources/2d/tile_set.cpp:4986)
ERROR: The TileSetAtlasSource atlas has no tile at (11, 33).
   at: has_alternative_tile (scene/resources/2d/tile_set.cpp:5438)
ERROR: TileSetAtlasSource has no tile at (11, 33).
   at: create_alternative_tile (scene/resources/2d/tile_set.cpp:5386)
ERROR: Cannot create tile. The tile is outside the texture or tiles are already present in the space the tile would cover.
   at: create_tile (scene/resources/2d/tile_set.cpp:4986)
ERROR: The TileSetAtlasSource atlas has no tile at (12, 33).
   at: has_alternative_tile (scene/resources/2d/tile_set.cpp:5438)
ERROR: TileSetAtlasSource has no tile at (12, 33).
   at: create_alternative_tile (scene/resources/2d/tile_set.cpp:5386)
ERROR: Cannot create tile. The tile is outside the texture or tiles are already present in the space the tile would cover.
   at: create_tile (scene/resources/2d/tile_set.cpp:4986)
ERROR: The TileSetAtlasSource atlas has no tile at (13, 33).
   at: has_alternative_tile (scene/resources/2d/tile_set.cpp:5438)
ERROR: TileSetAtlasSource has no tile at (13, 33).
   at: create_alternative_tile (scene/resources/2d/tile_set.cpp:5386)
ERROR: Cannot create tile. The tile is outside the texture or tiles are already present in the space the tile would cover.
   at: create_tile (scene/resources/2d/tile_set.cpp:4986)
ERROR: The TileSetAtlasSource atlas has no tile at (14, 33).
   at: has_alternative_tile (scene/resources/2d/tile_set.cpp:5438)
ERROR: TileSetAtlasSource has no tile at (14, 33).
   at: create_alternative_tile (scene/resources/2d/tile_set.cpp:5386)
ERROR: Cannot create tile. The tile is outside the texture or tiles are already present in the space the tile would cover.
   at: create_tile (scene/resources/2d/tile_set.cpp:4986)
ERROR: The TileSetAtlasSource atlas has no tile at (15, 33).
   at: has_alternative_tile (scene/resources/2d/tile_set.cpp:5438)
ERROR: TileSetAtlasSource has no tile at (15, 33).
   at: create_alternative_tile (scene/resources/2d/tile_set.cpp:5386)
ERROR: Cannot create tile. The tile is outside the texture or tiles are already present in the space the tile would cover.
   at: create_tile (scene/resources/2d/tile_set.cpp:4986)
ERROR: The TileSetAtlasSource atlas has no tile at (8, 34).
   at: has_alternative_tile (scene/resources/2d/tile_set.cpp:5438)
ERROR: TileSetAtlasSource has no tile at (8, 34).
   at: create_alternative_tile (scene/resources/2d/tile_set.cpp:5386)
ERROR: Cannot create tile. The tile is outside the texture or tiles are already present in the space the tile would cover.
   at: create_tile (scene/resources/2d/tile_set.cpp:4986)
ERROR: The TileSetAtlasSource atlas has no tile at (9, 34).
   at: has_alternative_tile (scene/resources/2d/tile_set.cpp:5438)
ERROR: TileSetAtlasSource has no tile at (9, 34).
   at: create_alternative_tile (scene/resources/2d/tile_set.cpp:5386)
ERROR: Cannot create tile. The tile is outside the texture or tiles are already present in the space the tile would cover.
   at: create_tile (scene/resources/2d/tile_set.cpp:4986)
ERROR: The TileSetAtlasSource atlas has no tile at (10, 34).
   at: has_alternative_tile (scene/resources/2d/tile_set.cpp:5438)
ERROR: TileSetAtlasSource has no tile at (10, 34).
   at: create_alternative_tile (scene/resources/2d/tile_set.cpp:5386)
ERROR: Cannot create tile. The tile is outside the texture or tiles are already present in the space the tile would cover.
   at: create_tile (scene/resources/2d/tile_set.cpp:4986)
ERROR: The TileSetAtlasSource atlas has no tile at (11, 34).
   at: has_alternative_tile (scene/resources/2d/tile_set.cpp:5438)
ERROR: TileSetAtlasSource has no tile at (11, 34).
   at: create_alternative_tile (scene/resources/2d/tile_set.cpp:5386)
ERROR: Cannot create tile. The tile is outside the texture or tiles are already present in the space the tile would cover.
   at: create_tile (scene/resources/2d/tile_set.cpp:4986)
ERROR: The TileSetAtlasSource atlas has no tile at (12, 34).
   at: has_alternative_tile (scene/resources/2d/tile_set.cpp:5438)
ERROR: TileSetAtlasSource has no tile at (12, 34).
   at: create_alternative_tile (scene/resources/2d/tile_set.cpp:5386)
ERROR: Cannot create tile. The tile is outside the texture or tiles are already present in the space the tile would cover.
   at: create_tile (scene/resources/2d/tile_set.cpp:4986)
ERROR: The TileSetAtlasSource atlas has no tile at (13, 34).
   at: has_alternative_tile (scene/resources/2d/tile_set.cpp:5438)
ERROR: TileSetAtlasSource has no tile at (13, 34).
   at: create_alternative_tile (scene/resources/2d/tile_set.cpp:5386)
ERROR: Cannot create tile. The tile is outside the texture or tiles are already present in the space the tile would cover.
   at: create_tile (scene/resources/2d/tile_set.cpp:4986)
ERROR: The TileSetAtlasSource atlas has no tile at (8, 35).
   at: has_alternative_tile (scene/resources/2d/tile_set.cpp:5438)
ERROR: TileSetAtlasSource has no tile at (8, 35).
   at: create_alternative_tile (scene/resources/2d/tile_set.cpp:5386)
ERROR: Cannot create tile. The tile is outside the texture or tiles are already present in the space the tile would cover.
   at: create_tile (scene/resources/2d/tile_set.cpp:4986)
ERROR: The TileSetAtlasSource atlas has no tile at (9, 35).
   at: has_alternative_tile (scene/resources/2d/tile_set.cpp:5438)
ERROR: TileSetAtlasSource has no tile at (9, 35).
   at: create_alternative_tile (scene/resources/2d/tile_set.cpp:5386)
ERROR: Cannot create tile. The tile is outside the texture or tiles are already present in the space the tile would cover.
   at: create_tile (scene/resources/2d/tile_set.cpp:4986)
ERROR: The TileSetAtlasSource atlas has no tile at (10, 35).
   at: has_alternative_tile (scene/resources/2d/tile_set.cpp:5438)
ERROR: TileSetAtlasSource has no tile at (10, 35).
   at: create_alternative_tile (scene/resources/2d/tile_set.cpp:5386)
ERROR: Cannot create tile. The tile is outside the texture or tiles are already present in the space the tile would cover.
   at: create_tile (scene/resources/2d/tile_set.cpp:4986)
ERROR: The TileSetAtlasSource atlas has no tile at (11, 35).
   at: has_alternative_tile (scene/resources/2d/tile_set.cpp:5438)
ERROR: TileSetAtlasSource has no tile at (11, 35).
   at: create_alternative_tile (scene/resources/2d/tile_set.cpp:5386)
ERROR: Cannot create tile. The tile is outside the texture or tiles are already present in the space the tile would cover.
   at: create_tile (scene/resources/2d/tile_set.cpp:4986)
ERROR: The TileSetAtlasSource atlas has no tile at (12, 35).
   at: has_alternative_tile (scene/resources/2d/tile_set.cpp:5438)
ERROR: TileSetAtlasSource has no tile at (12, 35).
   at: create_alternative_tile (scene/resources/2d/tile_set.cpp:5386)
ERROR: Cannot create tile. The tile is outside the texture or tiles are already present in the space the tile would cover.
   at: create_tile (scene/resources/2d/tile_set.cpp:4986)
ERROR: The TileSetAtlasSource atlas has no tile at (13, 35).
   at: has_alternative_tile (scene/resources/2d/tile_set.cpp:5438)
ERROR: TileSetAtlasSource has no tile at (13, 35).
   at: create_alternative_tile (scene/resources/2d/tile_set.cpp:5386)
ERROR: Cannot create tile. The tile is outside the texture or tiles are already present in the space the tile would cover.
   at: create_tile (scene/resources/2d/tile_set.cpp:4986)
ERROR: The TileSetAtlasSource atlas has no tile at (8, 36).
   at: has_alternative_tile (scene/resources/2d/tile_set.cpp:5438)
ERROR: TileSetAtlasSource has no tile at (8, 36).
   at: create_alternative_tile (scene/resources/2d/tile_set.cpp:5386)
ERROR: Cannot create tile. The tile is outside the texture or tiles are already present in the space the tile would cover.
   at: create_tile (scene/resources/2d/tile_set.cpp:4986)
ERROR: The TileSetAtlasSource atlas has no tile at (9, 36).
   at: has_alternative_tile (scene/resources/2d/tile_set.cpp:5438)
ERROR: TileSetAtlasSource has no tile at (9, 36).
   at: create_alternative_tile (scene/resources/2d/tile_set.cpp:5386)
ERROR: Cannot create tile. The tile is outside the texture or tiles are already present in the space the tile would cover.
   at: create_tile (scene/resources/2d/tile_set.cpp:4986)
ERROR: The TileSetAtlasSource atlas has no tile at (10, 36).
   at: has_alternative_tile (scene/resources/2d/tile_set.cpp:5438)
ERROR: TileSetAtlasSource has no tile at (10, 36).
   at: create_alternative_tile (scene/resources/2d/tile_set.cpp:5386)
ERROR: Cannot create tile. The tile is outside the texture or tiles are already present in the space the tile would cover.
   at: create_tile (scene/resources/2d/tile_set.cpp:4986)
ERROR: The TileSetAtlasSource atlas has no tile at (11, 36).
   at: has_alternative_tile (scene/resources/2d/tile_set.cpp:5438)
ERROR: TileSetAtlasSource has no tile at (11, 36).
   at: create_alternative_tile (scene/resources/2d/tile_set.cpp:5386)
ERROR: Cannot create tile. The tile is outside the texture or tiles are already present in the space the tile would cover.
   at: create_tile (scene/resources/2d/tile_set.cpp:4986)
ERROR: The TileSetAtlasSource atlas has no tile at (12, 36).
   at: has_alternative_tile (scene/resources/2d/tile_set.cpp:5438)
ERROR: TileSetAtlasSource has no tile at (12, 36).
   at: create_alternative_tile (scene/resources/2d/tile_set.cpp:5386)
ERROR: Cannot create tile. The tile is outside the texture or tiles are already present in the space the tile would cover.
   at: create_tile (scene/resources/2d/tile_set.cpp:4986)
ERROR: The TileSetAtlasSource atlas has no tile at (13, 36).
   at: has_alternative_tile (scene/resources/2d/tile_set.cpp:5438)
ERROR: TileSetAtlasSource has no tile at (13, 36).
   at: create_alternative_tile (scene/resources/2d/tile_set.cpp:5386)
ERROR: Cannot create tile. The tile is outside the texture or tiles are already present in the space the tile would cover.
   at: create_tile (scene/resources/2d/tile_set.cpp:4986)
ERROR: The TileSetAtlasSource atlas has no tile at (14, 36).
   at: has_alternative_tile (scene/resources/2d/tile_set.cpp:5438)
ERROR: TileSetAtlasSource has no tile at (14, 36).
   at: create_alternative_tile (scene/resources/2d/tile_set.cpp:5386)
ERROR: Cannot create tile. The tile is outside the texture or tiles are already present in the space the tile would cover.
   at: create_tile (scene/resources/2d/tile_set.cpp:4986)
ERROR: The TileSetAtlasSource atlas has no tile at (15, 36).
   at: has_alternative_tile (scene/resources/2d/tile_set.cpp:5438)
ERROR: TileSetAtlasSource has no tile at (15, 36).
   at: create_alternative_tile (scene/resources/2d/tile_set.cpp:5386)
ERROR: Cannot create tile. The tile is outside the texture or tiles are already present in the space the tile would cover.
   at: create_tile (scene/resources/2d/tile_set.cpp:4986)
ERROR: The TileSetAtlasSource atlas has no tile at (8, 37).
   at: has_alternative_tile (scene/resources/2d/tile_set.cpp:5438)
ERROR: TileSetAtlasSource has no tile at (8, 37).
   at: create_alternative_tile (scene/resources/2d/tile_set.cpp:5386)
ERROR: Cannot create tile. The tile is outside the texture or tiles are already present in the space the tile would cover.
   at: create_tile (scene/resources/2d/tile_set.cpp:4986)
ERROR: The TileSetAtlasSource atlas has no tile at (9, 37).
   at: has_alternative_tile (scene/resources/2d/tile_set.cpp:5438)
ERROR: TileSetAtlasSource has no tile at (9, 37).
   at: create_alternative_tile (scene/resources/2d/tile_set.cpp:5386)
ERROR: Cannot create tile. The tile is outside the texture or tiles are already present in the space the tile would cover.
   at: create_tile (scene/resources/2d/tile_set.cpp:4986)
ERROR: The TileSetAtlasSource atlas has no tile at (10, 37).
   at: has_alternative_tile (scene/resources/2d/tile_set.cpp:5438)
ERROR: TileSetAtlasSource has no tile at (10, 37).
   at: create_alternative_tile (scene/resources/2d/tile_set.cpp:5386)
ERROR: Cannot create tile. The tile is outside the texture or tiles are already present in the space the tile would cover.
   at: create_tile (scene/resources/2d/tile_set.cpp:4986)
ERROR: The TileSetAtlasSource atlas has no tile at (11, 37).
   at: has_alternative_tile (scene/resources/2d/tile_set.cpp:5438)
ERROR: TileSetAtlasSource has no tile at (11, 37).
   at: create_alternative_tile (scene/resources/2d/tile_set.cpp:5386)
ERROR: Cannot create tile. The tile is outside the texture or tiles are already present in the space the tile would cover.
   at: create_tile (scene/resources/2d/tile_set.cpp:4986)
ERROR: The TileSetAtlasSource atlas has no tile at (12, 37).
   at: has_alternative_tile (scene/resources/2d/tile_set.cpp:5438)
ERROR: TileSetAtlasSource has no tile at (12, 37).
   at: create_alternative_tile (scene/resources/2d/tile_set.cpp:5386)
ERROR: Cannot create tile. The tile is outside the texture or tiles are already present in the space the tile would cover.
   at: create_tile (scene/resources/2d/tile_set.cpp:4986)
ERROR: The TileSetAtlasSource atlas has no tile at (13, 37).
   at: has_alternative_tile (scene/resources/2d/tile_set.cpp:5438)
ERROR: TileSetAtlasSource has no tile at (13, 37).
   at: create_alternative_tile (scene/resources/2d/tile_set.cpp:5386)
ERROR: Cannot create tile. The tile is outside the texture or tiles are already present in the space the tile would cover.
   at: create_tile (scene/resources/2d/tile_set.cpp:4986)
ERROR: The TileSetAtlasSource atlas has no tile at (14, 37).
   at: has_alternative_tile (scene/resources/2d/tile_set.cpp:5438)
ERROR: TileSetAtlasSource has no tile at (14, 37).
   at: create_alternative_tile (scene/resources/2d/tile_set.cpp:5386)
ERROR: Cannot create tile. The tile is outside the texture or tiles are already present in the space the tile would cover.
   at: create_tile (scene/resources/2d/tile_set.cpp:4986)
ERROR: The TileSetAtlasSource atlas has no tile at (15, 37).
   at: has_alternative_tile (scene/resources/2d/tile_set.cpp:5438)
ERROR: TileSetAtlasSource has no tile at (15, 37).
   at: create_alternative_tile (scene/resources/2d/tile_set.cpp:5386)
ERROR: Cannot create tile. The tile is outside the texture or tiles are already present in the space the tile would cover.
   at: create_tile (scene/resources/2d/tile_set.cpp:4986)
ERROR: The TileSetAtlasSource atlas has no tile at (8, 38).
   at: has_alternative_tile (scene/resources/2d/tile_set.cpp:5438)
ERROR: TileSetAtlasSource has no tile at (8, 38).
   at: create_alternative_tile (scene/resources/2d/tile_set.cpp:5386)
ERROR: Cannot create tile. The tile is outside the texture or tiles are already present in the space the tile would cover.
   at: create_tile (scene/resources/2d/tile_set.cpp:4986)
ERROR: The TileSetAtlasSource atlas has no tile at (9, 38).
   at: has_alternative_tile (scene/resources/2d/tile_set.cpp:5438)
ERROR: TileSetAtlasSource has no tile at (9, 38).
   at: create_alternative_tile (scene/resources/2d/tile_set.cpp:5386)
ERROR: Cannot create tile. The tile is outside the texture or tiles are already present in the space the tile would cover.
   at: create_tile (scene/resources/2d/tile_set.cpp:4986)
ERROR: The TileSetAtlasSource atlas has no tile at (10, 38).
   at: has_alternative_tile (scene/resources/2d/tile_set.cpp:5438)
ERROR: TileSetAtlasSource has no tile at (10, 38).
   at: create_alternative_tile (scene/resources/2d/tile_set.cpp:5386)
ERROR: Cannot create tile. The tile is outside the texture or tiles are already present in the space the tile would cover.
   at: create_tile (scene/resources/2d/tile_set.cpp:4986)
ERROR: The TileSetAtlasSource atlas has no tile at (11, 38).
   at: has_alternative_tile (scene/resources/2d/tile_set.cpp:5438)
ERROR: TileSetAtlasSource has no tile at (11, 38).
   at: create_alternative_tile (scene/resources/2d/tile_set.cpp:5386)
ERROR: Cannot create tile. The tile is outside the texture or tiles are already present in the space the tile would cover.
   at: create_tile (scene/resources/2d/tile_set.cpp:4986)
ERROR: The TileSetAtlasSource atlas has no tile at (12, 38).
   at: has_alternative_tile (scene/resources/2d/tile_set.cpp:5438)
ERROR: TileSetAtlasSource has no tile at (12, 38).
   at: create_alternative_tile (scene/resources/2d/tile_set.cpp:5386)
ERROR: Cannot create tile. The tile is outside the texture or tiles are already present in the space the tile would cover.
   at: create_tile (scene/resources/2d/tile_set.cpp:4986)
ERROR: The TileSetAtlasSource atlas has no tile at (13, 38).
   at: has_alternative_tile (scene/resources/2d/tile_set.cpp:5438)
ERROR: TileSetAtlasSource has no tile at (13, 38).
   at: create_alternative_tile (scene/resources/2d/tile_set.cpp:5386)
ERROR: Cannot create tile. The tile is outside the texture or tiles are already present in the space the tile would cover.
   at: create_tile (scene/resources/2d/tile_set.cpp:4986)
ERROR: The TileSetAtlasSource atlas has no tile at (14, 38).
   at: has_alternative_tile (scene/resources/2d/tile_set.cpp:5438)
ERROR: TileSetAtlasSource has no tile at (14, 38).
   at: create_alternative_tile (scene/resources/2d/tile_set.cpp:5386)
ERROR: Cannot create tile. The tile is outside the texture or tiles are already present in the space the tile would cover.
   at: create_tile (scene/resources/2d/tile_set.cpp:4986)
ERROR: The TileSetAtlasSource atlas has no tile at (15, 38).
   at: has_alternative_tile (scene/resources/2d/tile_set.cpp:5438)
ERROR: TileSetAtlasSource has no tile at (15, 38).
   at: create_alternative_tile (scene/resources/2d/tile_set.cpp:5386)
ERROR: Cannot create tile. The tile is outside the texture or tiles are already present in the space the tile would cover.
   at: create_tile (scene/resources/2d/tile_set.cpp:4986)
ERROR: The TileSetAtlasSource atlas has no tile at (8, 39).
   at: has_alternative_tile (scene/resources/2d/tile_set.cpp:5438)
ERROR: TileSetAtlasSource has no tile at (8, 39).
   at: create_alternative_tile (scene/resources/2d/tile_set.cpp:5386)
ERROR: Cannot create tile. The tile is outside the texture or tiles are already present in the space the tile would cover.
   at: create_tile (scene/resources/2d/tile_set.cpp:4986)
ERROR: The TileSetAtlasSource atlas has no tile at (9, 39).
   at: has_alternative_tile (scene/resources/2d/tile_set.cpp:5438)
ERROR: TileSetAtlasSource has no tile at (9, 39).
   at: create_alternative_tile (scene/resources/2d/tile_set.cpp:5386)
ERROR: Cannot create tile. The tile is outside the texture or tiles are already present in the space the tile would cover.
   at: create_tile (scene/resources/2d/tile_set.cpp:4986)
ERROR: The TileSetAtlasSource atlas has no tile at (10, 39).
   at: has_alternative_tile (scene/resources/2d/tile_set.cpp:5438)
ERROR: TileSetAtlasSource has no tile at (10, 39).
   at: create_alternative_tile (scene/resources/2d/tile_set.cpp:5386)
ERROR: Cannot create tile. The tile is outside the texture or tiles are already present in the space the tile would cover.
   at: create_tile (scene/resources/2d/tile_set.cpp:4986)
ERROR: The TileSetAtlasSource atlas has no tile at (11, 39).
   at: has_alternative_tile (scene/resources/2d/tile_set.cpp:5438)
ERROR: TileSetAtlasSource has no tile at (11, 39).
   at: create_alternative_tile (scene/resources/2d/tile_set.cpp:5386)
ERROR: Cannot create tile. The tile is outside the texture or tiles are already present in the space the tile would cover.
   at: create_tile (scene/resources/2d/tile_set.cpp:4986)
ERROR: The TileSetAtlasSource atlas has no tile at (12, 39).
   at: has_alternative_tile (scene/resources/2d/tile_set.cpp:5438)
ERROR: TileSetAtlasSource has no tile at (12, 39).
   at: create_alternative_tile (scene/resources/2d/tile_set.cpp:5386)
ERROR: Cannot create tile. The tile is outside the texture or tiles are already present in the space the tile would cover.
   at: create_tile (scene/resources/2d/tile_set.cpp:4986)
ERROR: The TileSetAtlasSource atlas has no tile at (13, 39).
   at: has_alternative_tile (scene/resources/2d/tile_set.cpp:5438)
ERROR: TileSetAtlasSource has no tile at (13, 39).
   at: create_alternative_tile (scene/resources/2d/tile_set.cpp:5386)
ERROR: Cannot create tile. The tile is outside the texture or tiles are already present in the space the tile would cover.
   at: create_tile (scene/resources/2d/tile_set.cpp:4986)
ERROR: The TileSetAtlasSource atlas has no tile at (14, 39).
   at: has_alternative_tile (scene/resources/2d/tile_set.cpp:5438)
ERROR: TileSetAtlasSource has no tile at (14, 39).
   at: create_alternative_tile (scene/resources/2d/tile_set.cpp:5386)
ERROR: Cannot create tile. The tile is outside the texture or tiles are already present in the space the tile would cover.
   at: create_tile (scene/resources/2d/tile_set.cpp:4986)
ERROR: The TileSetAtlasSource atlas has no tile at (15, 39).
   at: has_alternative_tile (scene/resources/2d/tile_set.cpp:5438)
ERROR: TileSetAtlasSource has no tile at (15, 39).
   at: create_alternative_tile (scene/resources/2d/tile_set.cpp:5386)
ERROR: Cannot create tile. The tile is outside the texture or tiles are already present in the space the tile would cover.
   at: create_tile (scene/resources/2d/tile_set.cpp:4986)
ERROR: The TileSetAtlasSource atlas has no tile at (8, 40).
   at: has_alternative_tile (scene/resources/2d/tile_set.cpp:5438)
ERROR: TileSetAtlasSource has no tile at (8, 40).
   at: create_alternative_tile (scene/resources/2d/tile_set.cpp:5386)
ERROR: Cannot create tile. The tile is outside the texture or tiles are already present in the space the tile would cover.
   at: create_tile (scene/resources/2d/tile_set.cpp:4986)
ERROR: The TileSetAtlasSource atlas has no tile at (9, 40).
   at: has_alternative_tile (scene/resources/2d/tile_set.cpp:5438)
ERROR: TileSetAtlasSource has no tile at (9, 40).
   at: create_alternative_tile (scene/resources/2d/tile_set.cpp:5386)
ERROR: Cannot create tile. The tile is outside the texture or tiles are already present in the space the tile would cover.
   at: create_tile (scene/resources/2d/tile_set.cpp:4986)
ERROR: The TileSetAtlasSource atlas has no tile at (10, 40).
   at: has_alternative_tile (scene/resources/2d/tile_set.cpp:5438)
ERROR: TileSetAtlasSource has no tile at (10, 40).
   at: create_alternative_tile (scene/resources/2d/tile_set.cpp:5386)
ERROR: Cannot create tile. The tile is outside the texture or tiles are already present in the space the tile would cover.
   at: create_tile (scene/resources/2d/tile_set.cpp:4986)
ERROR: The TileSetAtlasSource atlas has no tile at (11, 40).
   at: has_alternative_tile (scene/resources/2d/tile_set.cpp:5438)
ERROR: TileSetAtlasSource has no tile at (11, 40).
   at: create_alternative_tile (scene/resources/2d/tile_set.cpp:5386)
ERROR: Cannot create tile. The tile is outside the texture or tiles are already present in the space the tile would cover.
   at: create_tile (scene/resources/2d/tile_set.cpp:4986)
ERROR: The TileSetAtlasSource atlas has no tile at (12, 40).
   at: has_alternative_tile (scene/resources/2d/tile_set.cpp:5438)
ERROR: TileSetAtlasSource has no tile at (12, 40).
   at: create_alternative_tile (scene/resources/2d/tile_set.cpp:5386)
ERROR: Cannot create tile. The tile is outside the texture or tiles are already present in the space the tile would cover.
   at: create_tile (scene/resources/2d/tile_set.cpp:4986)
ERROR: The TileSetAtlasSource atlas has no tile at (13, 40).
   at: has_alternative_tile (scene/resources/2d/tile_set.cpp:5438)
ERROR: TileSetAtlasSource has no tile at (13, 40).
   at: create_alternative_tile (scene/resources/2d/tile_set.cpp:5386)
ERROR: Cannot create tile. The tile is outside the texture or tiles are already present in the space the tile would cover.
   at: create_tile (scene/resources/2d/tile_set.cpp:4986)
ERROR: The TileSetAtlasSource atlas has no tile at (14, 40).
   at: has_alternative_tile (scene/resources/2d/tile_set.cpp:5438)
ERROR: TileSetAtlasSource has no tile at (14, 40).
   at: create_alternative_tile (scene/resources/2d/tile_set.cpp:5386)
ERROR: Cannot create tile. The tile is outside the texture or tiles are already present in the space the tile would cover.
   at: create_tile (scene/resources/2d/tile_set.cpp:4986)
ERROR: The TileSetAtlasSource atlas has no tile at (15, 40).
   at: has_alternative_tile (scene/resources/2d/tile_set.cpp:5438)
ERROR: TileSetAtlasSource has no tile at (15, 40).
   at: create_alternative_tile (scene/resources/2d/tile_set.cpp:5386)
ERROR: Cannot create tile. The tile is outside the texture or tiles are already present in the space the tile would cover.
   at: create_tile (scene/resources/2d/tile_set.cpp:4986)
ERROR: The TileSetAtlasSource atlas has no tile at (8, 41).
   at: has_alternative_tile (scene/resources/2d/tile_set.cpp:5438)
ERROR: TileSetAtlasSource has no tile at (8, 41).
   at: create_alternative_tile (scene/resources/2d/tile_set.cpp:5386)
ERROR: Cannot create tile. The tile is outside the texture or tiles are already present in the space the tile would cover.
   at: create_tile (scene/resources/2d/tile_set.cpp:4986)
ERROR: The TileSetAtlasSource atlas has no tile at (9, 41).
   at: has_alternative_tile (scene/resources/2d/tile_set.cpp:5438)
ERROR: TileSetAtlasSource has no tile at (9, 41).
   at: create_alternative_tile (scene/resources/2d/tile_set.cpp:5386)
ERROR: Cannot create tile. The tile is outside the texture or tiles are already present in the space the tile would cover.
   at: create_tile (scene/resources/2d/tile_set.cpp:4986)
ERROR: The TileSetAtlasSource atlas has no tile at (10, 41).
   at: has_alternative_tile (scene/resources/2d/tile_set.cpp:5438)
ERROR: TileSetAtlasSource has no tile at (10, 41).
   at: create_alternative_tile (scene/resources/2d/tile_set.cpp:5386)
ERROR: Cannot create tile. The tile is outside the texture or tiles are already present in the space the tile would cover.
   at: create_tile (scene/resources/2d/tile_set.cpp:4986)
ERROR: The TileSetAtlasSource atlas has no tile at (11, 41).
   at: has_alternative_tile (scene/resources/2d/tile_set.cpp:5438)
ERROR: TileSetAtlasSource has no tile at (11, 41).
   at: create_alternative_tile (scene/resources/2d/tile_set.cpp:5386)
ERROR: Cannot create tile. The tile is outside the texture or tiles are already present in the space the tile would cover.
   at: create_tile (scene/resources/2d/tile_set.cpp:4986)
ERROR: The TileSetAtlasSource atlas has no tile at (12, 41).
   at: has_alternative_tile (scene/resources/2d/tile_set.cpp:5438)
ERROR: TileSetAtlasSource has no tile at (12, 41).
   at: create_alternative_tile (scene/resources/2d/tile_set.cpp:5386)
ERROR: Cannot create tile. The tile is outside the texture or tiles are already present in the space the tile would cover.
   at: create_tile (scene/resources/2d/tile_set.cpp:4986)
ERROR: The TileSetAtlasSource atlas has no tile at (13, 41).
   at: has_alternative_tile (scene/resources/2d/tile_set.cpp:5438)
ERROR: TileSetAtlasSource has no tile at (13, 41).
   at: create_alternative_tile (scene/resources/2d/tile_set.cpp:5386)
ERROR: Cannot create tile. The tile is outside the texture or tiles are already present in the space the tile would cover.
   at: create_tile (scene/resources/2d/tile_set.cpp:4986)
ERROR: The TileSetAtlasSource atlas has no tile at (14, 41).
   at: has_alternative_tile (scene/resources/2d/tile_set.cpp:5438)
ERROR: TileSetAtlasSource has no tile at (14, 41).
   at: create_alternative_tile (scene/resources/2d/tile_set.cpp:5386)
ERROR: Cannot create tile. The tile is outside the texture or tiles are already present in the space the tile would cover.
   at: create_tile (scene/resources/2d/tile_set.cpp:4986)
ERROR: The TileSetAtlasSource atlas has no tile at (15, 41).
   at: has_alternative_tile (scene/resources/2d/tile_set.cpp:5438)
ERROR: TileSetAtlasSource has no tile at (15, 41).
   at: create_alternative_tile (scene/resources/2d/tile_set.cpp:5386)
ERROR: Cannot create tile. The tile is outside the texture or tiles are already present in the space the tile would cover.
   at: create_tile (scene/resources/2d/tile_set.cpp:4986)
ERROR: The TileSetAtlasSource atlas has no tile at (0, 42).
   at: has_alternative_tile (scene/resources/2d/tile_set.cpp:5438)
ERROR: TileSetAtlasSource has no tile at (0, 42).
   at: create_alternative_tile (scene/resources/2d/tile_set.cpp:5386)
ERROR: Cannot create tile. The tile is outside the texture or tiles are already present in the space the tile would cover.
   at: create_tile (scene/resources/2d/tile_set.cpp:4986)
ERROR: The TileSetAtlasSource atlas has no tile at (1, 42).
   at: has_alternative_tile (scene/resources/2d/tile_set.cpp:5438)
ERROR: TileSetAtlasSource has no tile at (1, 42).
   at: create_alternative_tile (scene/resources/2d/tile_set.cpp:5386)
ERROR: Cannot create tile. The tile is outside the texture or tiles are already present in the space the tile would cover.
   at: create_tile (scene/resources/2d/tile_set.cpp:4986)
ERROR: The TileSetAtlasSource atlas has no tile at (2, 42).
   at: has_alternative_tile (scene/resources/2d/tile_set.cpp:5438)
ERROR: TileSetAtlasSource has no tile at (2, 42).
   at: create_alternative_tile (scene/resources/2d/tile_set.cpp:5386)
ERROR: Cannot create tile. The tile is outside the texture or tiles are already present in the space the tile would cover.
   at: create_tile (scene/resources/2d/tile_set.cpp:4986)
ERROR: The TileSetAtlasSource atlas has no tile at (3, 42).
   at: has_alternative_tile (scene/resources/2d/tile_set.cpp:5438)
ERROR: TileSetAtlasSource has no tile at (3, 42).
   at: create_alternative_tile (scene/resources/2d/tile_set.cpp:5386)
ERROR: Cannot create tile. The tile is outside the texture or tiles are already present in the space the tile would cover.
   at: create_tile (scene/resources/2d/tile_set.cpp:4986)
ERROR: The TileSetAtlasSource atlas has no tile at (4, 42).
   at: has_alternative_tile (scene/resources/2d/tile_set.cpp:5438)
ERROR: TileSetAtlasSource has no tile at (4, 42).
   at: create_alternative_tile (scene/resources/2d/tile_set.cpp:5386)
ERROR: Cannot create tile. The tile is outside the texture or tiles are already present in the space the tile would cover.
   at: create_tile (scene/resources/2d/tile_set.cpp:4986)
ERROR: The TileSetAtlasSource atlas has no tile at (5, 42).
   at: has_alternative_tile (scene/resources/2d/tile_set.cpp:5438)
ERROR: TileSetAtlasSource has no tile at (5, 42).
   at: create_alternative_tile (scene/resources/2d/tile_set.cpp:5386)
ERROR: Cannot create tile. The tile is outside the texture or tiles are already present in the space the tile would cover.
   at: create_tile (scene/resources/2d/tile_set.cpp:4986)
ERROR: The TileSetAtlasSource atlas has no tile at (6, 42).
   at: has_alternative_tile (scene/resources/2d/tile_set.cpp:5438)
ERROR: TileSetAtlasSource has no tile at (6, 42).
   at: create_alternative_tile (scene/resources/2d/tile_set.cpp:5386)
ERROR: Cannot create tile. The tile is outside the texture or tiles are already present in the space the tile would cover.
   at: create_tile (scene/resources/2d/tile_set.cpp:4986)
ERROR: The TileSetAtlasSource atlas has no tile at (7, 42).
   at: has_alternative_tile (scene/resources/2d/tile_set.cpp:5438)
ERROR: TileSetAtlasSource has no tile at (7, 42).
   at: create_alternative_tile (scene/resources/2d/tile_set.cpp:5386)
ERROR: Cannot create tile. The tile is outside the texture or tiles are already present in the space the tile would cover.
   at: create_tile (scene/resources/2d/tile_set.cpp:4986)
ERROR: The TileSetAtlasSource atlas has no tile at (8, 42).
   at: has_alternative_tile (scene/resources/2d/tile_set.cpp:5438)
ERROR: TileSetAtlasSource has no tile at (8, 42).
   at: create_alternative_tile (scene/resources/2d/tile_set.cpp:5386)
ERROR: Cannot create tile. The tile is outside the texture or tiles are already present in the space the tile would cover.
   at: create_tile (scene/resources/2d/tile_set.cpp:4986)
ERROR: The TileSetAtlasSource atlas has no tile at (9, 42).
   at: has_alternative_tile (scene/resources/2d/tile_set.cpp:5438)
ERROR: TileSetAtlasSource has no tile at (9, 42).
   at: create_alternative_tile (scene/resources/2d/tile_set.cpp:5386)
ERROR: Cannot create tile. The tile is outside the texture or tiles are already present in the space the tile would cover.
   at: create_tile (scene/resources/2d/tile_set.cpp:4986)
ERROR: The TileSetAtlasSource atlas has no tile at (10, 42).
   at: has_alternative_tile (scene/resources/2d/tile_set.cpp:5438)
ERROR: TileSetAtlasSource has no tile at (10, 42).
   at: create_alternative_tile (scene/resources/2d/tile_set.cpp:5386)
ERROR: Cannot create tile. The tile is outside the texture or tiles are already present in the space the tile would cover.
   at: create_tile (scene/resources/2d/tile_set.cpp:4986)
ERROR: The TileSetAtlasSource atlas has no tile at (11, 42).
   at: has_alternative_tile (scene/resources/2d/tile_set.cpp:5438)
ERROR: TileSetAtlasSource has no tile at (11, 42).
   at: create_alternative_tile (scene/resources/2d/tile_set.cpp:5386)
ERROR: Cannot create tile. The tile is outside the texture or tiles are already present in the space the tile would cover.
   at: create_tile (scene/resources/2d/tile_set.cpp:4986)
ERROR: The TileSetAtlasSource atlas has no tile at (12, 42).
   at: has_alternative_tile (scene/resources/2d/tile_set.cpp:5438)
ERROR: TileSetAtlasSource has no tile at (12, 42).
   at: create_alternative_tile (scene/resources/2d/tile_set.cpp:5386)
ERROR: Cannot create tile. The tile is outside the texture or tiles are already present in the space the tile would cover.
   at: create_tile (scene/resources/2d/tile_set.cpp:4986)
ERROR: The TileSetAtlasSource atlas has no tile at (13, 42).
   at: has_alternative_tile (scene/resources/2d/tile_set.cpp:5438)
ERROR: TileSetAtlasSource has no tile at (13, 42).
   at: create_alternative_tile (scene/resources/2d/tile_set.cpp:5386)
ERROR: Cannot create tile. The tile is outside the texture or tiles are already present in the space the tile would cover.
   at: create_tile (scene/resources/2d/tile_set.cpp:4986)
ERROR: The TileSetAtlasSource atlas has no tile at (14, 42).
   at: has_alternative_tile (scene/resources/2d/tile_set.cpp:5438)
ERROR: TileSetAtlasSource has no tile at (14, 42).
   at: create_alternative_tile (scene/resources/2d/tile_set.cpp:5386)
ERROR: Cannot create tile. The tile is outside the texture or tiles are already present in the space the tile would cover.
   at: create_tile (scene/resources/2d/tile_set.cpp:4986)
ERROR: The TileSetAtlasSource atlas has no tile at (15, 42).
   at: has_alternative_tile (scene/resources/2d/tile_set.cpp:5438)
ERROR: TileSetAtlasSource has no tile at (15, 42).
   at: create_alternative_tile (scene/resources/2d/tile_set.cpp:5386)
ERROR: Cannot create tile. The tile is outside the texture or tiles are already present in the space the tile would cover.
   at: create_tile (scene/resources/2d/tile_set.cpp:4986)
ERROR: The TileSetAtlasSource atlas has no tile at (0, 43).
   at: has_alternative_tile (scene/resources/2d/tile_set.cpp:5438)
ERROR: TileSetAtlasSource has no tile at (0, 43).
   at: create_alternative_tile (scene/resources/2d/tile_set.cpp:5386)
ERROR: Cannot create tile. The tile is outside the texture or tiles are already present in the space the tile would cover.
   at: create_tile (scene/resources/2d/tile_set.cpp:4986)
ERROR: The TileSetAtlasSource atlas has no tile at (1, 43).
   at: has_alternative_tile (scene/resources/2d/tile_set.cpp:5438)
ERROR: TileSetAtlasSource has no tile at (1, 43).
   at: create_alternative_tile (scene/resources/2d/tile_set.cpp:5386)
ERROR: Cannot create tile. The tile is outside the texture or tiles are already present in the space the tile would cover.
   at: create_tile (scene/resources/2d/tile_set.cpp:4986)
ERROR: The TileSetAtlasSource atlas has no tile at (2, 43).
   at: has_alternative_tile (scene/resources/2d/tile_set.cpp:5438)
ERROR: TileSetAtlasSource has no tile at (2, 43).
   at: create_alternative_tile (scene/resources/2d/tile_set.cpp:5386)
ERROR: Cannot create tile. The tile is outside the texture or tiles are already present in the space the tile would cover.
   at: create_tile (scene/resources/2d/tile_set.cpp:4986)
ERROR: The TileSetAtlasSource atlas has no tile at (3, 43).
   at: has_alternative_tile (scene/resources/2d/tile_set.cpp:5438)
ERROR: TileSetAtlasSource has no tile at (3, 43).
   at: create_alternative_tile (scene/resources/2d/tile_set.cpp:5386)
ERROR: Cannot create tile. The tile is outside the texture or tiles are already present in the space the tile would cover.
   at: create_tile (scene/resources/2d/tile_set.cpp:4986)
ERROR: The TileSetAtlasSource atlas has no tile at (4, 43).
   at: has_alternative_tile (scene/resources/2d/tile_set.cpp:5438)
ERROR: TileSetAtlasSource has no tile at (4, 43).
   at: create_alternative_tile (scene/resources/2d/tile_set.cpp:5386)
ERROR: Cannot create tile. The tile is outside the texture or tiles are already present in the space the tile would cover.
   at: create_tile (scene/resources/2d/tile_set.cpp:4986)
ERROR: The TileSetAtlasSource atlas has no tile at (5, 43).
   at: has_alternative_tile (scene/resources/2d/tile_set.cpp:5438)
ERROR: TileSetAtlasSource has no tile at (5, 43).
   at: create_alternative_tile (scene/resources/2d/tile_set.cpp:5386)
ERROR: Cannot create tile. The tile is outside the texture or tiles are already present in the space the tile would cover.
   at: create_tile (scene/resources/2d/tile_set.cpp:4986)
ERROR: The TileSetAtlasSource atlas has no tile at (6, 43).
   at: has_alternative_tile (scene/resources/2d/tile_set.cpp:5438)
ERROR: TileSetAtlasSource has no tile at (6, 43).
   at: create_alternative_tile (scene/resources/2d/tile_set.cpp:5386)
ERROR: Cannot create tile. The tile is outside the texture or tiles are already present in the space the tile would cover.
   at: create_tile (scene/resources/2d/tile_set.cpp:4986)
ERROR: The TileSetAtlasSource atlas has no tile at (7, 43).
   at: has_alternative_tile (scene/resources/2d/tile_set.cpp:5438)
ERROR: TileSetAtlasSource has no tile at (7, 43).
   at: create_alternative_tile (scene/resources/2d/tile_set.cpp:5386)
ERROR: Cannot create tile. The tile is outside the texture or tiles are already present in the space the tile would cover.
   at: create_tile (scene/resources/2d/tile_set.cpp:4986)
ERROR: The TileSetAtlasSource atlas has no tile at (8, 43).
   at: has_alternative_tile (scene/resources/2d/tile_set.cpp:5438)
ERROR: TileSetAtlasSource has no tile at (8, 43).
   at: create_alternative_tile (scene/resources/2d/tile_set.cpp:5386)
ERROR: Cannot create tile. The tile is outside the texture or tiles are already present in the space the tile would cover.
   at: create_tile (scene/resources/2d/tile_set.cpp:4986)
ERROR: The TileSetAtlasSource atlas has no tile at (9, 43).
   at: has_alternative_tile (scene/resources/2d/tile_set.cpp:5438)
ERROR: TileSetAtlasSource has no tile at (9, 43).
   at: create_alternative_tile (scene/resources/2d/tile_set.cpp:5386)
ERROR: Cannot create tile. The tile is outside the texture or tiles are already present in the space the tile would cover.
   at: create_tile (scene/resources/2d/tile_set.cpp:4986)
ERROR: The TileSetAtlasSource atlas has no tile at (10, 43).
   at: has_alternative_tile (scene/resources/2d/tile_set.cpp:5438)
ERROR: TileSetAtlasSource has no tile at (10, 43).
   at: create_alternative_tile (scene/resources/2d/tile_set.cpp:5386)
ERROR: Cannot create tile. The tile is outside the texture or tiles are already present in the space the tile would cover.
   at: create_tile (scene/resources/2d/tile_set.cpp:4986)
ERROR: The TileSetAtlasSource atlas has no tile at (11, 43).
   at: has_alternative_tile (scene/resources/2d/tile_set.cpp:5438)
ERROR: TileSetAtlasSource has no tile at (11, 43).
   at: create_alternative_tile (scene/resources/2d/tile_set.cpp:5386)
ERROR: Cannot create tile. The tile is outside the texture or tiles are already present in the space the tile would cover.
   at: create_tile (scene/resources/2d/tile_set.cpp:4986)
ERROR: The TileSetAtlasSource atlas has no tile at (12, 43).
   at: has_alternative_tile (scene/resources/2d/tile_set.cpp:5438)
ERROR: TileSetAtlasSource has no tile at (12, 43).
   at: create_alternative_tile (scene/resources/2d/tile_set.cpp:5386)
ERROR: Cannot create tile. The tile is outside the texture or tiles are already present in the space the tile would cover.
   at: create_tile (scene/resources/2d/tile_set.cpp:4986)
ERROR: The TileSetAtlasSource atlas has no tile at (13, 43).
   at: has_alternative_tile (scene/resources/2d/tile_set.cpp:5438)
ERROR: TileSetAtlasSource has no tile at (13, 43).
   at: create_alternative_tile (scene/resources/2d/tile_set.cpp:5386)
ERROR: Cannot create tile. The tile is outside the texture or tiles are already present in the space the tile would cover.
   at: create_tile (scene/resources/2d/tile_set.cpp:4986)
ERROR: The TileSetAtlasSource atlas has no tile at (14, 43).
   at: has_alternative_tile (scene/resources/2d/tile_set.cpp:5438)
ERROR: TileSetAtlasSource has no tile at (14, 43).
   at: create_alternative_tile (scene/resources/2d/tile_set.cpp:5386)
ERROR: Cannot create tile. The tile is outside the texture or tiles are already present in the space the tile would cover.
   at: create_tile (scene/resources/2d/tile_set.cpp:4986)
ERROR: The TileSetAtlasSource atlas has no tile at (15, 43).
   at: has_alternative_tile (scene/resources/2d/tile_set.cpp:5438)
ERROR: TileSetAtlasSource has no tile at (15, 43).
   at: create_alternative_tile (scene/resources/2d/tile_set.cpp:5386)
ERROR: Cannot create tile. The tile is outside the texture or tiles are already present in the space the tile would cover.
   at: create_tile (scene/resources/2d/tile_set.cpp:4986)
ERROR: The TileSetAtlasSource atlas has no tile at (0, 44).
   at: has_alternative_tile (scene/resources/2d/tile_set.cpp:5438)
ERROR: TileSetAtlasSource has no tile at (0, 44).
   at: create_alternative_tile (scene/resources/2d/tile_set.cpp:5386)
ERROR: Cannot create tile. The tile is outside the texture or tiles are already present in the space the tile would cover.
   at: create_tile (scene/resources/2d/tile_set.cpp:4986)
ERROR: The TileSetAtlasSource atlas has no tile at (1, 44).
   at: has_alternative_tile (scene/resources/2d/tile_set.cpp:5438)
ERROR: TileSetAtlasSource has no tile at (1, 44).
   at: create_alternative_tile (scene/resources/2d/tile_set.cpp:5386)
ERROR: Cannot create tile. The tile is outside the texture or tiles are already present in the space the tile would cover.
   at: create_tile (scene/resources/2d/tile_set.cpp:4986)
ERROR: The TileSetAtlasSource atlas has no tile at (2, 44).
   at: has_alternative_tile (scene/resources/2d/tile_set.cpp:5438)
ERROR: TileSetAtlasSource has no tile at (2, 44).
   at: create_alternative_tile (scene/resources/2d/tile_set.cpp:5386)
ERROR: Cannot create tile. The tile is outside the texture or tiles are already present in the space the tile would cover.
   at: create_tile (scene/resources/2d/tile_set.cpp:4986)
ERROR: The TileSetAtlasSource atlas has no tile at (3, 44).
   at: has_alternative_tile (scene/resources/2d/tile_set.cpp:5438)
ERROR: TileSetAtlasSource has no tile at (3, 44).
   at: create_alternative_tile (scene/resources/2d/tile_set.cpp:5386)
ERROR: Cannot create tile. The tile is outside the texture or tiles are already present in the space the tile would cover.
   at: create_tile (scene/resources/2d/tile_set.cpp:4986)
ERROR: The TileSetAtlasSource atlas has no tile at (4, 44).
   at: has_alternative_tile (scene/resources/2d/tile_set.cpp:5438)
ERROR: TileSetAtlasSource has no tile at (4, 44).
   at: create_alternative_tile (scene/resources/2d/tile_set.cpp:5386)
ERROR: Cannot create tile. The tile is outside the texture or tiles are already present in the space the tile would cover.
   at: create_tile (scene/resources/2d/tile_set.cpp:4986)
ERROR: The TileSetAtlasSource atlas has no tile at (5, 44).
   at: has_alternative_tile (scene/resources/2d/tile_set.cpp:5438)
ERROR: TileSetAtlasSource has no tile at (5, 44).
   at: create_alternative_tile (scene/resources/2d/tile_set.cpp:5386)
ERROR: Cannot create tile. The tile is outside the texture or tiles are already present in the space the tile would cover.
   at: create_tile (scene/resources/2d/tile_set.cpp:4986)
ERROR: The TileSetAtlasSource atlas has no tile at (6, 44).
   at: has_alternative_tile (scene/resources/2d/tile_set.cpp:5438)
ERROR: TileSetAtlasSource has no tile at (6, 44).
   at: create_alternative_tile (scene/resources/2d/tile_set.cpp:5386)
ERROR: Cannot create tile. The tile is outside the texture or tiles are already present in the space the tile would cover.
   at: create_tile (scene/resources/2d/tile_set.cpp:4986)
ERROR: The TileSetAtlasSource atlas has no tile at (7, 44).
   at: has_alternative_tile (scene/resources/2d/tile_set.cpp:5438)
ERROR: TileSetAtlasSource has no tile at (7, 44).
   at: create_alternative_tile (scene/resources/2d/tile_set.cpp:5386)
ERROR: Cannot create tile. The tile is outside the texture or tiles are already present in the space the tile would cover.
   at: create_tile (scene/resources/2d/tile_set.cpp:4986)
ERROR: The TileSetAtlasSource atlas has no tile at (8, 44).
   at: has_alternative_tile (scene/resources/2d/tile_set.cpp:5438)
ERROR: TileSetAtlasSource has no tile at (8, 44).
   at: create_alternative_tile (scene/resources/2d/tile_set.cpp:5386)
ERROR: Cannot create tile. The tile is outside the texture or tiles are already present in the space the tile would cover.
   at: create_tile (scene/resources/2d/tile_set.cpp:4986)
ERROR: The TileSetAtlasSource atlas has no tile at (9, 44).
   at: has_alternative_tile (scene/resources/2d/tile_set.cpp:5438)
ERROR: TileSetAtlasSource has no tile at (9, 44).
   at: create_alternative_tile (scene/resources/2d/tile_set.cpp:5386)
ERROR: Cannot create tile. The tile is outside the texture or tiles are already present in the space the tile would cover.
   at: create_tile (scene/resources/2d/tile_set.cpp:4986)
ERROR: The TileSetAtlasSource atlas has no tile at (10, 44).
   at: has_alternative_tile (scene/resources/2d/tile_set.cpp:5438)
ERROR: TileSetAtlasSource has no tile at (10, 44).
   at: create_alternative_tile (scene/resources/2d/tile_set.cpp:5386)
ERROR: Cannot create tile. The tile is outside the texture or tiles are already present in the space the tile would cover.
   at: create_tile (scene/resources/2d/tile_set.cpp:4986)
ERROR: The TileSetAtlasSource atlas has no tile at (11, 44).
   at: has_alternative_tile (scene/resources/2d/tile_set.cpp:5438)
ERROR: TileSetAtlasSource has no tile at (11, 44).
   at: create_alternative_tile (scene/resources/2d/tile_set.cpp:5386)
ERROR: Cannot create tile. The tile is outside the texture or tiles are already present in the space the tile would cover.
   at: create_tile (scene/resources/2d/tile_set.cpp:4986)
ERROR: The TileSetAtlasSource atlas has no tile at (12, 44).
   at: has_alternative_tile (scene/resources/2d/tile_set.cpp:5438)
ERROR: TileSetAtlasSource has no tile at (12, 44).
   at: create_alternative_tile (scene/resources/2d/tile_set.cpp:5386)
ERROR: Cannot create tile. The tile is outside the texture or tiles are already present in the space the tile would cover.
   at: create_tile (scene/resources/2d/tile_set.cpp:4986)
ERROR: The TileSetAtlasSource atlas has no tile at (13, 44).
   at: has_alternative_tile (scene/resources/2d/tile_set.cpp:5438)
ERROR: TileSetAtlasSource has no tile at (13, 44).
   at: create_alternative_tile (scene/resources/2d/tile_set.cpp:5386)
ERROR: Cannot create tile. The tile is outside the texture or tiles are already present in the space the tile would cover.
   at: create_tile (scene/resources/2d/tile_set.cpp:4986)
ERROR: The TileSetAtlasSource atlas has no tile at (14, 44).
   at: has_alternative_tile (scene/resources/2d/tile_set.cpp:5438)
ERROR: TileSetAtlasSource has no tile at (14, 44).
   at: create_alternative_tile (scene/resources/2d/tile_set.cpp:5386)
ERROR: Cannot create tile. The tile is outside the texture or tiles are already present in the space the tile would cover.
   at: create_tile (scene/resources/2d/tile_set.cpp:4986)
ERROR: The TileSetAtlasSource atlas has no tile at (15, 44).
   at: has_alternative_tile (scene/resources/2d/tile_set.cpp:5438)
ERROR: TileSetAtlasSource has no tile at (15, 44).
   at: create_alternative_tile (scene/resources/2d/tile_set.cpp:5386)
ERROR: Cannot create tile. The tile is outside the texture or tiles are already present in the space the tile would cover.
   at: create_tile (scene/resources/2d/tile_set.cpp:4986)
ERROR: The TileSetAtlasSource atlas has no tile at (0, 45).
   at: has_alternative_tile (scene/resources/2d/tile_set.cpp:5438)
ERROR: TileSetAtlasSource has no tile at (0, 45).
   at: create_alternative_tile (scene/resources/2d/tile_set.cpp:5386)
ERROR: Cannot create tile. The tile is outside the texture or tiles are already present in the space the tile would cover.
   at: create_tile (scene/resources/2d/tile_set.cpp:4986)
ERROR: The TileSetAtlasSource atlas has no tile at (1, 45).
   at: has_alternative_tile (scene/resources/2d/tile_set.cpp:5438)
ERROR: TileSetAtlasSource has no tile at (1, 45).
   at: create_alternative_tile (scene/resources/2d/tile_set.cpp:5386)
ERROR: Cannot create tile. The tile is outside the texture or tiles are already present in the space the tile would cover.
   at: create_tile (scene/resources/2d/tile_set.cpp:4986)
ERROR: The TileSetAtlasSource atlas has no tile at (2, 45).
   at: has_alternative_tile (scene/resources/2d/tile_set.cpp:5438)
ERROR: TileSetAtlasSource has no tile at (2, 45).
   at: create_alternative_tile (scene/resources/2d/tile_set.cpp:5386)
ERROR: Cannot create tile. The tile is outside the texture or tiles are already present in the space the tile would cover.
   at: create_tile (scene/resources/2d/tile_set.cpp:4986)
ERROR: The TileSetAtlasSource atlas has no tile at (3, 45).
   at: has_alternative_tile (scene/resources/2d/tile_set.cpp:5438)
ERROR: TileSetAtlasSource has no tile at (3, 45).
   at: create_alternative_tile (scene/resources/2d/tile_set.cpp:5386)
ERROR: Cannot create tile. The tile is outside the texture or tiles are already present in the space the tile would cover.
   at: create_tile (scene/resources/2d/tile_set.cpp:4986)
ERROR: The TileSetAtlasSource atlas has no tile at (4, 45).
   at: has_alternative_tile (scene/resources/2d/tile_set.cpp:5438)
ERROR: TileSetAtlasSource has no tile at (4, 45).
   at: create_alternative_tile (scene/resources/2d/tile_set.cpp:5386)
ERROR: Cannot create tile. The tile is outside the texture or tiles are already present in the space the tile would cover.
   at: create_tile (scene/resources/2d/tile_set.cpp:4986)
ERROR: The TileSetAtlasSource atlas has no tile at (5, 45).
   at: has_alternative_tile (scene/resources/2d/tile_set.cpp:5438)
ERROR: TileSetAtlasSource has no tile at (5, 45).
   at: create_alternative_tile (scene/resources/2d/tile_set.cpp:5386)
ERROR: Cannot create tile. The tile is outside the texture or tiles are already present in the space the tile would cover.
   at: create_tile (scene/resources/2d/tile_set.cpp:4986)
ERROR: The TileSetAtlasSource atlas has no tile at (6, 45).
   at: has_alternative_tile (scene/resources/2d/tile_set.cpp:5438)
ERROR: TileSetAtlasSource has no tile at (6, 45).
   at: create_alternative_tile (scene/resources/2d/tile_set.cpp:5386)
ERROR: Cannot create tile. The tile is outside the texture or tiles are already present in the space the tile would cover.
   at: create_tile (scene/resources/2d/tile_set.cpp:4986)
ERROR: The TileSetAtlasSource atlas has no tile at (7, 45).
   at: has_alternative_tile (scene/resources/2d/tile_set.cpp:5438)
ERROR: TileSetAtlasSource has no tile at (7, 45).
   at: create_alternative_tile (scene/resources/2d/tile_set.cpp:5386)
ERROR: Cannot create tile. The tile is outside the texture or tiles are already present in the space the tile would cover.
   at: create_tile (scene/resources/2d/tile_set.cpp:4986)
ERROR: The TileSetAtlasSource atlas has no tile at (8, 45).
   at: has_alternative_tile (scene/resources/2d/tile_set.cpp:5438)
ERROR: TileSetAtlasSource has no tile at (8, 45).
   at: create_alternative_tile (scene/resources/2d/tile_set.cpp:5386)
ERROR: Cannot create tile. The tile is outside the texture or tiles are already present in the space the tile would cover.
   at: create_tile (scene/resources/2d/tile_set.cpp:4986)
ERROR: The TileSetAtlasSource atlas has no tile at (9, 45).
   at: has_alternative_tile (scene/resources/2d/tile_set.cpp:5438)
ERROR: TileSetAtlasSource has no tile at (9, 45).
   at: create_alternative_tile (scene/resources/2d/tile_set.cpp:5386)
ERROR: Cannot create tile. The tile is outside the texture or tiles are already present in the space the tile would cover.
   at: create_tile (scene/resources/2d/tile_set.cpp:4986)
ERROR: The TileSetAtlasSource atlas has no tile at (10, 45).
   at: has_alternative_tile (scene/resources/2d/tile_set.cpp:5438)
ERROR: TileSetAtlasSource has no tile at (10, 45).
   at: create_alternative_tile (scene/resources/2d/tile_set.cpp:5386)
ERROR: Cannot create tile. The tile is outside the texture or tiles are already present in the space the tile would cover.
   at: create_tile (scene/resources/2d/tile_set.cpp:4986)
ERROR: The TileSetAtlasSource atlas has no tile at (11, 45).
   at: has_alternative_tile (scene/resources/2d/tile_set.cpp:5438)
ERROR: TileSetAtlasSource has no tile at (11, 45).
   at: create_alternative_tile (scene/resources/2d/tile_set.cpp:5386)
ERROR: Cannot create tile. The tile is outside the texture or tiles are already present in the space the tile would cover.
   at: create_tile (scene/resources/2d/tile_set.cpp:4986)
ERROR: The TileSetAtlasSource atlas has no tile at (12, 45).
   at: has_alternative_tile (scene/resources/2d/tile_set.cpp:5438)
ERROR: TileSetAtlasSource has no tile at (12, 45).
   at: create_alternative_tile (scene/resources/2d/tile_set.cpp:5386)
ERROR: Cannot create tile. The tile is outside the texture or tiles are already present in the space the tile would cover.
   at: create_tile (scene/resources/2d/tile_set.cpp:4986)
ERROR: The TileSetAtlasSource atlas has no tile at (13, 45).
   at: has_alternative_tile (scene/resources/2d/tile_set.cpp:5438)
ERROR: TileSetAtlasSource has no tile at (13, 45).
   at: create_alternative_tile (scene/resources/2d/tile_set.cpp:5386)
ERROR: Cannot create tile. The tile is outside the texture or tiles are already present in the space the tile would cover.
   at: create_tile (scene/resources/2d/tile_set.cpp:4986)
ERROR: The TileSetAtlasSource atlas has no tile at (14, 45).
   at: has_alternative_tile (scene/resources/2d/tile_set.cpp:5438)
ERROR: TileSetAtlasSource has no tile at (14, 45).
   at: create_alternative_tile (scene/resources/2d/tile_set.cpp:5386)
ERROR: Cannot create tile. The tile is outside the texture or tiles are already present in the space the tile would cover.
   at: create_tile (scene/resources/2d/tile_set.cpp:4986)
ERROR: The TileSetAtlasSource atlas has no tile at (15, 45).
   at: has_alternative_tile (scene/resources/2d/tile_set.cpp:5438)
ERROR: TileSetAtlasSource has no tile at (15, 45).
   at: create_alternative_tile (scene/resources/2d/tile_set.cpp:5386)
ERROR: Cannot create tile. The tile is outside the texture or tiles are already present in the space the tile would cover.
   at: create_tile (scene/resources/2d/tile_set.cpp:4986)
ERROR: The TileSetAtlasSource atlas has no tile at (0, 46).
   at: has_alternative_tile (scene/resources/2d/tile_set.cpp:5438)
ERROR: TileSetAtlasSource has no tile at (0, 46).
   at: create_alternative_tile (scene/resources/2d/tile_set.cpp:5386)
ERROR: Cannot create tile. The tile is outside the texture or tiles are already present in the space the tile would cover.
   at: create_tile (scene/resources/2d/tile_set.cpp:4986)
ERROR: The TileSetAtlasSource atlas has no tile at (1, 46).
   at: has_alternative_tile (scene/resources/2d/tile_set.cpp:5438)
ERROR: TileSetAtlasSource has no tile at (1, 46).
   at: create_alternative_tile (scene/resources/2d/tile_set.cpp:5386)
ERROR: Cannot create tile. The tile is outside the texture or tiles are already present in the space the tile would cover.
   at: create_tile (scene/resources/2d/tile_set.cpp:4986)
ERROR: The TileSetAtlasSource atlas has no tile at (2, 46).
   at: has_alternative_tile (scene/resources/2d/tile_set.cpp:5438)
ERROR: TileSetAtlasSource has no tile at (2, 46).
   at: create_alternative_tile (scene/resources/2d/tile_set.cpp:5386)
ERROR: Cannot create tile. The tile is outside the texture or tiles are already present in the space the tile would cover.
   at: create_tile (scene/resources/2d/tile_set.cpp:4986)
ERROR: The TileSetAtlasSource atlas has no tile at (3, 46).
   at: has_alternative_tile (scene/resources/2d/tile_set.cpp:5438)
ERROR: TileSetAtlasSource has no tile at (3, 46).
   at: create_alternative_tile (scene/resources/2d/tile_set.cpp:5386)
ERROR: Cannot create tile. The tile is outside the texture or tiles are already present in the space the tile would cover.
   at: create_tile (scene/resources/2d/tile_set.cpp:4986)
ERROR: The TileSetAtlasSource atlas has no tile at (4, 46).
   at: has_alternative_tile (scene/resources/2d/tile_set.cpp:5438)
ERROR: TileSetAtlasSource has no tile at (4, 46).
   at: create_alternative_tile (scene/resources/2d/tile_set.cpp:5386)
ERROR: Cannot create tile. The tile is outside the texture or tiles are already present in the space the tile would cover.
   at: create_tile (scene/resources/2d/tile_set.cpp:4986)
ERROR: The TileSetAtlasSource atlas has no tile at (5, 46).
   at: has_alternative_tile (scene/resources/2d/tile_set.cpp:5438)
ERROR: TileSetAtlasSource has no tile at (5, 46).
   at: create_alternative_tile (scene/resources/2d/tile_set.cpp:5386)
ERROR: Cannot create tile. The tile is outside the texture or tiles are already present in the space the tile would cover.
   at: create_tile (scene/resources/2d/tile_set.cpp:4986)
ERROR: The TileSetAtlasSource atlas has no tile at (6, 46).
   at: has_alternative_tile (scene/resources/2d/tile_set.cpp:5438)
ERROR: TileSetAtlasSource has no tile at (6, 46).
   at: create_alternative_tile (scene/resources/2d/tile_set.cpp:5386)
ERROR: Cannot create tile. The tile is outside the texture or tiles are already present in the space the tile would cover.
   at: create_tile (scene/resources/2d/tile_set.cpp:4986)
ERROR: The TileSetAtlasSource atlas has no tile at (7, 46).
   at: has_alternative_tile (scene/resources/2d/tile_set.cpp:5438)
ERROR: TileSetAtlasSource has no tile at (7, 46).
   at: create_alternative_tile (scene/resources/2d/tile_set.cpp:5386)
ERROR: Cannot create tile. The tile is outside the texture or tiles are already present in the space the tile would cover.
   at: create_tile (scene/resources/2d/tile_set.cpp:4986)
ERROR: The TileSetAtlasSource atlas has no tile at (8, 46).
   at: has_alternative_tile (scene/resources/2d/tile_set.cpp:5438)
ERROR: TileSetAtlasSource has no tile at (8, 46).
   at: create_alternative_tile (scene/resources/2d/tile_set.cpp:5386)
ERROR: Cannot create tile. The tile is outside the texture or tiles are already present in the space the tile would cover.
   at: create_tile (scene/resources/2d/tile_set.cpp:4986)
ERROR: The TileSetAtlasSource atlas has no tile at (9, 46).
   at: has_alternative_tile (scene/resources/2d/tile_set.cpp:5438)
ERROR: TileSetAtlasSource has no tile at (9, 46).
   at: create_alternative_tile (scene/resources/2d/tile_set.cpp:5386)
ERROR: Cannot create tile. The tile is outside the texture or tiles are already present in the space the tile would cover.
   at: create_tile (scene/resources/2d/tile_set.cpp:4986)
ERROR: The TileSetAtlasSource atlas has no tile at (10, 46).
   at: has_alternative_tile (scene/resources/2d/tile_set.cpp:5438)
ERROR: TileSetAtlasSource has no tile at (10, 46).
   at: create_alternative_tile (scene/resources/2d/tile_set.cpp:5386)
ERROR: Cannot create tile. The tile is outside the texture or tiles are already present in the space the tile would cover.
   at: create_tile (scene/resources/2d/tile_set.cpp:4986)
ERROR: The TileSetAtlasSource atlas has no tile at (11, 46).
   at: has_alternative_tile (scene/resources/2d/tile_set.cpp:5438)
ERROR: TileSetAtlasSource has no tile at (11, 46).
   at: create_alternative_tile (scene/resources/2d/tile_set.cpp:5386)
ERROR: Cannot create tile. The tile is outside the texture or tiles are already present in the space the tile would cover.
   at: create_tile (scene/resources/2d/tile_set.cpp:4986)
ERROR: The TileSetAtlasSource atlas has no tile at (12, 46).
   at: has_alternative_tile (scene/resources/2d/tile_set.cpp:5438)
ERROR: TileSetAtlasSource has no tile at (12, 46).
   at: create_alternative_tile (scene/resources/2d/tile_set.cpp:5386)
ERROR: Cannot create tile. The tile is outside the texture or tiles are already present in the space the tile would cover.
   at: create_tile (scene/resources/2d/tile_set.cpp:4986)
ERROR: The TileSetAtlasSource atlas has no tile at (13, 46).
   at: has_alternative_tile (scene/resources/2d/tile_set.cpp:5438)
ERROR: TileSetAtlasSource has no tile at (13, 46).
   at: create_alternative_tile (scene/resources/2d/tile_set.cpp:5386)
ERROR: Cannot create tile. The tile is outside the texture or tiles are already present in the space the tile would cover.
   at: create_tile (scene/resources/2d/tile_set.cpp:4986)
ERROR: The TileSetAtlasSource atlas has no tile at (0, 47).
   at: has_alternative_tile (scene/resources/2d/tile_set.cpp:5438)
ERROR: TileSetAtlasSource has no tile at (0, 47).
   at: create_alternative_tile (scene/resources/2d/tile_set.cpp:5386)
ERROR: Cannot create tile. The tile is outside the texture or tiles are already present in the space the tile would cover.
   at: create_tile (scene/resources/2d/tile_set.cpp:4986)
ERROR: The TileSetAtlasSource atlas has no tile at (1, 47).
   at: has_alternative_tile (scene/resources/2d/tile_set.cpp:5438)
ERROR: TileSetAtlasSource has no tile at (1, 47).
   at: create_alternative_tile (scene/resources/2d/tile_set.cpp:5386)
ERROR: Cannot create tile. The tile is outside the texture or tiles are already present in the space the tile would cover.
   at: create_tile (scene/resources/2d/tile_set.cpp:4986)
ERROR: The TileSetAtlasSource atlas has no tile at (2, 47).
   at: has_alternative_tile (scene/resources/2d/tile_set.cpp:5438)
ERROR: TileSetAtlasSource has no tile at (2, 47).
   at: create_alternative_tile (scene/resources/2d/tile_set.cpp:5386)
ERROR: Cannot create tile. The tile is outside the texture or tiles are already present in the space the tile would cover.
   at: create_tile (scene/resources/2d/tile_set.cpp:4986)
ERROR: The TileSetAtlasSource atlas has no tile at (3, 47).
   at: has_alternative_tile (scene/resources/2d/tile_set.cpp:5438)
ERROR: TileSetAtlasSource has no tile at (3, 47).
   at: create_alternative_tile (scene/resources/2d/tile_set.cpp:5386)
ERROR: Cannot create tile. The tile is outside the texture or tiles are already present in the space the tile would cover.
   at: create_tile (scene/resources/2d/tile_set.cpp:4986)
ERROR: The TileSetAtlasSource atlas has no tile at (4, 47).
   at: has_alternative_tile (scene/resources/2d/tile_set.cpp:5438)
ERROR: TileSetAtlasSource has no tile at (4, 47).
   at: create_alternative_tile (scene/resources/2d/tile_set.cpp:5386)
ERROR: Cannot create tile. The tile is outside the texture or tiles are already present in the space the tile would cover.
   at: create_tile (scene/resources/2d/tile_set.cpp:4986)
ERROR: The TileSetAtlasSource atlas has no tile at (5, 47).
   at: has_alternative_tile (scene/resources/2d/tile_set.cpp:5438)
ERROR: TileSetAtlasSource has no tile at (5, 47).
   at: create_alternative_tile (scene/resources/2d/tile_set.cpp:5386)
ERROR: Cannot create tile. The tile is outside the texture or tiles are already present in the space the tile would cover.
   at: create_tile (scene/resources/2d/tile_set.cpp:4986)
ERROR: The TileSetAtlasSource atlas has no tile at (6, 47).
   at: has_alternative_tile (scene/resources/2d/tile_set.cpp:5438)
ERROR: TileSetAtlasSource has no tile at (6, 47).
   at: create_alternative_tile (scene/resources/2d/tile_set.cpp:5386)
ERROR: Cannot create tile. The tile is outside the texture or tiles are already present in the space the tile would cover.
   at: create_tile (scene/resources/2d/tile_set.cpp:4986)
ERROR: The TileSetAtlasSource atlas has no tile at (7, 47).
   at: has_alternative_tile (scene/resources/2d/tile_set.cpp:5438)
ERROR: TileSetAtlasSource has no tile at (7, 47).
   at: create_alternative_tile (scene/resources/2d/tile_set.cpp:5386)
ERROR: Cannot create tile. The tile is outside the texture or tiles are already present in the space the tile would cover.
   at: create_tile (scene/resources/2d/tile_set.cpp:4986)
ERROR: The TileSetAtlasSource atlas has no tile at (8, 47).
   at: has_alternative_tile (scene/resources/2d/tile_set.cpp:5438)
ERROR: TileSetAtlasSource has no tile at (8, 47).
   at: create_alternative_tile (scene/resources/2d/tile_set.cpp:5386)
ERROR: Cannot create tile. The tile is outside the texture or tiles are already present in the space the tile would cover.
   at: create_tile (scene/resources/2d/tile_set.cpp:4986)
ERROR: The TileSetAtlasSource atlas has no tile at (9, 47).
   at: has_alternative_tile (scene/resources/2d/tile_set.cpp:5438)
ERROR: TileSetAtlasSource has no tile at (9, 47).
   at: create_alternative_tile (scene/resources/2d/tile_set.cpp:5386)
ERROR: Cannot create tile. The tile is outside the texture or tiles are already present in the space the tile would cover.
   at: create_tile (scene/resources/2d/tile_set.cpp:4986)
ERROR: The TileSetAtlasSource atlas has no tile at (10, 47).
   at: has_alternative_tile (scene/resources/2d/tile_set.cpp:5438)
ERROR: TileSetAtlasSource has no tile at (10, 47).
   at: create_alternative_tile (scene/resources/2d/tile_set.cpp:5386)
ERROR: Cannot create tile. The tile is outside the texture or tiles are already present in the space the tile would cover.
   at: create_tile (scene/resources/2d/tile_set.cpp:4986)
ERROR: The TileSetAtlasSource atlas has no tile at (11, 47).
   at: has_alternative_tile (scene/resources/2d/tile_set.cpp:5438)
ERROR: TileSetAtlasSource has no tile at (11, 47).
   at: create_alternative_tile (scene/resources/2d/tile_set.cpp:5386)
ERROR: Cannot create tile. The tile is outside the texture or tiles are already present in the space the tile would cover.
   at: create_tile (scene/resources/2d/tile_set.cpp:4986)
ERROR: The TileSetAtlasSource atlas has no tile at (12, 47).
   at: has_alternative_tile (scene/resources/2d/tile_set.cpp:5438)
ERROR: TileSetAtlasSource has no tile at (12, 47).
   at: create_alternative_tile (scene/resources/2d/tile_set.cpp:5386)
ERROR: Cannot create tile. The tile is outside the texture or tiles are already present in the space the tile would cover.
   at: create_tile (scene/resources/2d/tile_set.cpp:4986)
ERROR: The TileSetAtlasSource atlas has no tile at (13, 47).
   at: has_alternative_tile (scene/resources/2d/tile_set.cpp:5438)
ERROR: TileSetAtlasSource has no tile at (13, 47).
   at: create_alternative_tile (scene/resources/2d/tile_set.cpp:5386)
ERROR: Cannot create tile. The tile is outside the texture or tiles are already present in the space the tile would cover.
   at: create_tile (scene/resources/2d/tile_set.cpp:4986)
ERROR: The TileSetAtlasSource atlas has no tile at (0, 48).
   at: has_alternative_tile (scene/resources/2d/tile_set.cpp:5438)
ERROR: TileSetAtlasSource has no tile at (0, 48).
   at: create_alternative_tile (scene/resources/2d/tile_set.cpp:5386)
ERROR: Cannot create tile. The tile is outside the texture or tiles are already present in the space the tile would cover.
   at: create_tile (scene/resources/2d/tile_set.cpp:4986)
ERROR: The TileSetAtlasSource atlas has no tile at (1, 48).
   at: has_alternative_tile (scene/resources/2d/tile_set.cpp:5438)
ERROR: TileSetAtlasSource has no tile at (1, 48).
   at: create_alternative_tile (scene/resources/2d/tile_set.cpp:5386)
ERROR: Cannot create tile. The tile is outside the texture or tiles are already present in the space the tile would cover.
   at: create_tile (scene/resources/2d/tile_set.cpp:4986)
ERROR: The TileSetAtlasSource atlas has no tile at (2, 48).
   at: has_alternative_tile (scene/resources/2d/tile_set.cpp:5438)
ERROR: TileSetAtlasSource has no tile at (2, 48).
   at: create_alternative_tile (scene/resources/2d/tile_set.cpp:5386)
ERROR: Cannot create tile. The tile is outside the texture or tiles are already present in the space the tile would cover.
   at: create_tile (scene/resources/2d/tile_set.cpp:4986)
ERROR: The TileSetAtlasSource atlas has no tile at (3, 48).
   at: has_alternative_tile (scene/resources/2d/tile_set.cpp:5438)
ERROR: TileSetAtlasSource has no tile at (3, 48).
   at: create_alternative_tile (scene/resources/2d/tile_set.cpp:5386)
ERROR: Cannot create tile. The tile is outside the texture or tiles are already present in the space the tile would cover.
   at: create_tile (scene/resources/2d/tile_set.cpp:4986)
ERROR: The TileSetAtlasSource atlas has no tile at (4, 48).
   at: has_alternative_tile (scene/resources/2d/tile_set.cpp:5438)
ERROR: TileSetAtlasSource has no tile at (4, 48).
   at: create_alternative_tile (scene/resources/2d/tile_set.cpp:5386)
ERROR: Cannot create tile. The tile is outside the texture or tiles are already present in the space the tile would cover.
   at: create_tile (scene/resources/2d/tile_set.cpp:4986)
ERROR: The TileSetAtlasSource atlas has no tile at (5, 48).
   at: has_alternative_tile (scene/resources/2d/tile_set.cpp:5438)
ERROR: TileSetAtlasSource has no tile at (5, 48).
   at: create_alternative_tile (scene/resources/2d/tile_set.cpp:5386)
ERROR: Cannot create tile. The tile is outside the texture or tiles are already present in the space the tile would cover.
   at: create_tile (scene/resources/2d/tile_set.cpp:4986)
ERROR: The TileSetAtlasSource atlas has no tile at (6, 48).
   at: has_alternative_tile (scene/resources/2d/tile_set.cpp:5438)
ERROR: TileSetAtlasSource has no tile at (6, 48).
   at: create_alternative_tile (scene/resources/2d/tile_set.cpp:5386)
ERROR: Cannot create tile. The tile is outside the texture or tiles are already present in the space the tile would cover.
   at: create_tile (scene/resources/2d/tile_set.cpp:4986)
ERROR: The TileSetAtlasSource atlas has no tile at (7, 48).
   at: has_alternative_tile (scene/resources/2d/tile_set.cpp:5438)
ERROR: TileSetAtlasSource has no tile at (7, 48).
   at: create_alternative_tile (scene/resources/2d/tile_set.cpp:5386)
ERROR: Cannot create tile. The tile is outside the texture or tiles are already present in the space the tile would cover.
   at: create_tile (scene/resources/2d/tile_set.cpp:4986)
ERROR: The TileSetAtlasSource atlas has no tile at (8, 48).
   at: has_alternative_tile (scene/resources/2d/tile_set.cpp:5438)
ERROR: TileSetAtlasSource has no tile at (8, 48).
   at: create_alternative_tile (scene/resources/2d/tile_set.cpp:5386)
ERROR: Cannot create tile. The tile is outside the texture or tiles are already present in the space the tile would cover.
   at: create_tile (scene/resources/2d/tile_set.cpp:4986)
ERROR: The TileSetAtlasSource atlas has no tile at (9, 48).
   at: has_alternative_tile (scene/resources/2d/tile_set.cpp:5438)
ERROR: TileSetAtlasSource has no tile at (9, 48).
   at: create_alternative_tile (scene/resources/2d/tile_set.cpp:5386)
ERROR: Cannot create tile. The tile is outside the texture or tiles are already present in the space the tile would cover.
   at: create_tile (scene/resources/2d/tile_set.cpp:4986)
ERROR: The TileSetAtlasSource atlas has no tile at (10, 48).
   at: has_alternative_tile (scene/resources/2d/tile_set.cpp:5438)
ERROR: TileSetAtlasSource has no tile at (10, 48).
   at: create_alternative_tile (scene/resources/2d/tile_set.cpp:5386)
ERROR: Cannot create tile. The tile is outside the texture or tiles are already present in the space the tile would cover.
   at: create_tile (scene/resources/2d/tile_set.cpp:4986)
ERROR: The TileSetAtlasSource atlas has no tile at (11, 48).
   at: has_alternative_tile (scene/resources/2d/tile_set.cpp:5438)
ERROR: TileSetAtlasSource has no tile at (11, 48).
   at: create_alternative_tile (scene/resources/2d/tile_set.cpp:5386)
ERROR: Cannot create tile. The tile is outside the texture or tiles are already present in the space the tile would cover.
   at: create_tile (scene/resources/2d/tile_set.cpp:4986)
ERROR: The TileSetAtlasSource atlas has no tile at (12, 48).
   at: has_alternative_tile (scene/resources/2d/tile_set.cpp:5438)
ERROR: TileSetAtlasSource has no tile at (12, 48).
   at: create_alternative_tile (scene/resources/2d/tile_set.cpp:5386)
ERROR: Cannot create tile. The tile is outside the texture or tiles are already present in the space the tile would cover.
   at: create_tile (scene/resources/2d/tile_set.cpp:4986)
ERROR: The TileSetAtlasSource atlas has no tile at (13, 48).
   at: has_alternative_tile (scene/resources/2d/tile_set.cpp:5438)
ERROR: TileSetAtlasSource has no tile at (13, 48).
   at: create_alternative_tile (scene/resources/2d/tile_set.cpp:5386)
ERROR: Cannot create tile. The tile is outside the texture or tiles are already present in the space the tile would cover.
   at: create_tile (scene/resources/2d/tile_set.cpp:4986)
ERROR: The TileSetAtlasSource atlas has no tile at (14, 48).
   at: has_alternative_tile (scene/resources/2d/tile_set.cpp:5438)
ERROR: TileSetAtlasSource has no tile at (14, 48).
   at: create_alternative_tile (scene/resources/2d/tile_set.cpp:5386)
ERROR: Cannot create tile. The tile is outside the texture or tiles are already present in the space the tile would cover.
   at: create_tile (scene/resources/2d/tile_set.cpp:4986)
ERROR: The TileSetAtlasSource atlas has no tile at (15, 48).
   at: has_alternative_tile (scene/resources/2d/tile_set.cpp:5438)
ERROR: TileSetAtlasSource has no tile at (15, 48).
   at: create_alternative_tile (scene/resources/2d/tile_set.cpp:5386)
ERROR: Cannot create tile. The tile is outside the texture or tiles are already present in the space the tile would cover.
   at: create_tile (scene/resources/2d/tile_set.cpp:4986)
ERROR: The TileSetAtlasSource atlas has no tile at (0, 49).
   at: has_alternative_tile (scene/resources/2d/tile_set.cpp:5438)
ERROR: TileSetAtlasSource has no tile at (0, 49).
   at: create_alternative_tile (scene/resources/2d/tile_set.cpp:5386)
ERROR: Cannot create tile. The tile is outside the texture or tiles are already present in the space the tile would cover.
   at: create_tile (scene/resources/2d/tile_set.cpp:4986)
ERROR: The TileSetAtlasSource atlas has no tile at (1, 49).
   at: has_alternative_tile (scene/resources/2d/tile_set.cpp:5438)
ERROR: TileSetAtlasSource has no tile at (1, 49).
   at: create_alternative_tile (scene/resources/2d/tile_set.cpp:5386)
ERROR: Cannot create tile. The tile is outside the texture or tiles are already present in the space the tile would cover.
   at: create_tile (scene/resources/2d/tile_set.cpp:4986)
ERROR: The TileSetAtlasSource atlas has no tile at (2, 49).
   at: has_alternative_tile (scene/resources/2d/tile_set.cpp:5438)
ERROR: TileSetAtlasSource has no tile at (2, 49).
   at: create_alternative_tile (scene/resources/2d/tile_set.cpp:5386)
ERROR: Cannot create tile. The tile is outside the texture or tiles are already present in the space the tile would cover.
   at: create_tile (scene/resources/2d/tile_set.cpp:4986)
ERROR: The TileSetAtlasSource atlas has no tile at (3, 49).
   at: has_alternative_tile (scene/resources/2d/tile_set.cpp:5438)
ERROR: TileSetAtlasSource has no tile at (3, 49).
   at: create_alternative_tile (scene/resources/2d/tile_set.cpp:5386)
ERROR: Cannot create tile. The tile is outside the texture or tiles are already present in the space the tile would cover.
   at: create_tile (scene/resources/2d/tile_set.cpp:4986)
ERROR: The TileSetAtlasSource atlas has no tile at (4, 49).
   at: has_alternative_tile (scene/resources/2d/tile_set.cpp:5438)
ERROR: TileSetAtlasSource has no tile at (4, 49).
   at: create_alternative_tile (scene/resources/2d/tile_set.cpp:5386)
ERROR: Cannot create tile. The tile is outside the texture or tiles are already present in the space the tile would cover.
   at: create_tile (scene/resources/2d/tile_set.cpp:4986)
ERROR: The TileSetAtlasSource atlas has no tile at (5, 49).
   at: has_alternative_tile (scene/resources/2d/tile_set.cpp:5438)
ERROR: TileSetAtlasSource has no tile at (5, 49).
   at: create_alternative_tile (scene/resources/2d/tile_set.cpp:5386)
ERROR: Cannot create tile. The tile is outside the texture or tiles are already present in the space the tile would cover.
   at: create_tile (scene/resources/2d/tile_set.cpp:4986)
ERROR: The TileSetAtlasSource atlas has no tile at (6, 49).
   at: has_alternative_tile (scene/resources/2d/tile_set.cpp:5438)
ERROR: TileSetAtlasSource has no tile at (6, 49).
   at: create_alternative_tile (scene/resources/2d/tile_set.cpp:5386)
ERROR: Cannot create tile. The tile is outside the texture or tiles are already present in the space the tile would cover.
   at: create_tile (scene/resources/2d/tile_set.cpp:4986)
ERROR: The TileSetAtlasSource atlas has no tile at (7, 49).
   at: has_alternative_tile (scene/resources/2d/tile_set.cpp:5438)
ERROR: TileSetAtlasSource has no tile at (7, 49).
   at: create_alternative_tile (scene/resources/2d/tile_set.cpp:5386)
ERROR: Cannot create tile. The tile is outside the texture or tiles are already present in the space the tile would cover.
   at: create_tile (scene/resources/2d/tile_set.cpp:4986)
ERROR: The TileSetAtlasSource atlas has no tile at (8, 49).
   at: has_alternative_tile (scene/resources/2d/tile_set.cpp:5438)
ERROR: TileSetAtlasSource has no tile at (8, 49).
   at: create_alternative_tile (scene/resources/2d/tile_set.cpp:5386)
ERROR: Cannot create tile. The tile is outside the texture or tiles are already present in the space the tile would cover.
   at: create_tile (scene/resources/2d/tile_set.cpp:4986)
ERROR: The TileSetAtlasSource atlas has no tile at (9, 49).
   at: has_alternative_tile (scene/resources/2d/tile_set.cpp:5438)
ERROR: TileSetAtlasSource has no tile at (9, 49).
   at: create_alternative_tile (scene/resources/2d/tile_set.cpp:5386)
ERROR: Cannot create tile. The tile is outside the texture or tiles are already present in the space the tile would cover.
   at: create_tile (scene/resources/2d/tile_set.cpp:4986)
ERROR: The TileSetAtlasSource atlas has no tile at (10, 49).
   at: has_alternative_tile (scene/resources/2d/tile_set.cpp:5438)
ERROR: TileSetAtlasSource has no tile at (10, 49).
   at: create_alternative_tile (scene/resources/2d/tile_set.cpp:5386)
ERROR: Cannot create tile. The tile is outside the texture or tiles are already present in the space the tile would cover.
   at: create_tile (scene/resources/2d/tile_set.cpp:4986)
ERROR: The TileSetAtlasSource atlas has no tile at (11, 49).
   at: has_alternative_tile (scene/resources/2d/tile_set.cpp:5438)
ERROR: TileSetAtlasSource has no tile at (11, 49).
   at: create_alternative_tile (scene/resources/2d/tile_set.cpp:5386)
ERROR: Cannot create tile. The tile is outside the texture or tiles are already present in the space the tile would cover.
   at: create_tile (scene/resources/2d/tile_set.cpp:4986)
ERROR: The TileSetAtlasSource atlas has no tile at (12, 49).
   at: has_alternative_tile (scene/resources/2d/tile_set.cpp:5438)
ERROR: TileSetAtlasSource has no tile at (12, 49).
   at: create_alternative_tile (scene/resources/2d/tile_set.cpp:5386)
ERROR: Cannot create tile. The tile is outside the texture or tiles are already present in the space the tile would cover.
   at: create_tile (scene/resources/2d/tile_set.cpp:4986)
ERROR: The TileSetAtlasSource atlas has no tile at (13, 49).
   at: has_alternative_tile (scene/resources/2d/tile_set.cpp:5438)
ERROR: TileSetAtlasSource has no tile at (13, 49).
   at: create_alternative_tile (scene/resources/2d/tile_set.cpp:5386)
ERROR: Cannot create tile. The tile is outside the texture or tiles are already present in the space the tile would cover.
   at: create_tile (scene/resources/2d/tile_set.cpp:4986)
ERROR: The TileSetAtlasSource atlas has no tile at (14, 49).
   at: has_alternative_tile (scene/resources/2d/tile_set.cpp:5438)
ERROR: TileSetAtlasSource has no tile at (14, 49).
   at: create_alternative_tile (scene/resources/2d/tile_set.cpp:5386)
ERROR: Cannot create tile. The tile is outside the texture or tiles are already present in the space the tile would cover.
   at: create_tile (scene/resources/2d/tile_set.cpp:4986)
ERROR: The TileSetAtlasSource atlas has no tile at (15, 49).
   at: has_alternative_tile (scene/resources/2d/tile_set.cpp:5438)
ERROR: TileSetAtlasSource has no tile at (15, 49).
   at: create_alternative_tile (scene/resources/2d/tile_set.cpp:5386)
ERROR: Cannot create tile. The tile is outside the texture or tiles are already present in the space the tile would cover.
   at: create_tile (scene/resources/2d/tile_set.cpp:4986)
ERROR: The TileSetAtlasSource atlas has no tile at (0, 50).
   at: has_alternative_tile (scene/resources/2d/tile_set.cpp:5438)
ERROR: TileSetAtlasSource has no tile at (0, 50).
   at: create_alternative_tile (scene/resources/2d/tile_set.cpp:5386)
ERROR: Cannot create tile. The tile is outside the texture or tiles are already present in the space the tile would cover.
   at: create_tile (scene/resources/2d/tile_set.cpp:4986)
ERROR: The TileSetAtlasSource atlas has no tile at (1, 50).
   at: has_alternative_tile (scene/resources/2d/tile_set.cpp:5438)
ERROR: TileSetAtlasSource has no tile at (1, 50).
   at: create_alternative_tile (scene/resources/2d/tile_set.cpp:5386)
ERROR: Cannot create tile. The tile is outside the texture or tiles are already present in the space the tile would cover.
   at: create_tile (scene/resources/2d/tile_set.cpp:4986)
ERROR: The TileSetAtlasSource atlas has no tile at (2, 50).
   at: has_alternative_tile (scene/resources/2d/tile_set.cpp:5438)
ERROR: TileSetAtlasSource has no tile at (2, 50).
   at: create_alternative_tile (scene/resources/2d/tile_set.cpp:5386)
ERROR: Cannot create tile. The tile is outside the texture or tiles are already present in the space the tile would cover.
   at: create_tile (scene/resources/2d/tile_set.cpp:4986)
ERROR: The TileSetAtlasSource atlas has no tile at (3, 50).
   at: has_alternative_tile (scene/resources/2d/tile_set.cpp:5438)
ERROR: TileSetAtlasSource has no tile at (3, 50).
   at: create_alternative_tile (scene/resources/2d/tile_set.cpp:5386)
ERROR: Cannot create tile. The tile is outside the texture or tiles are already present in the space the tile would cover.
   at: create_tile (scene/resources/2d/tile_set.cpp:4986)
ERROR: The TileSetAtlasSource atlas has no tile at (4, 50).
   at: has_alternative_tile (scene/resources/2d/tile_set.cpp:5438)
ERROR: TileSetAtlasSource has no tile at (4, 50).
   at: create_alternative_tile (scene/resources/2d/tile_set.cpp:5386)
ERROR: Cannot create tile. The tile is outside the texture or tiles are already present in the space the tile would cover.
   at: create_tile (scene/resources/2d/tile_set.cpp:4986)
ERROR: The TileSetAtlasSource atlas has no tile at (5, 50).
   at: has_alternative_tile (scene/resources/2d/tile_set.cpp:5438)
ERROR: TileSetAtlasSource has no tile at (5, 50).
   at: create_alternative_tile (scene/resources/2d/tile_set.cpp:5386)
ERROR: Cannot create tile. The tile is outside the texture or tiles are already present in the space the tile would cover.
   at: create_tile (scene/resources/2d/tile_set.cpp:4986)
ERROR: The TileSetAtlasSource atlas has no tile at (6, 50).
   at: has_alternative_tile (scene/resources/2d/tile_set.cpp:5438)
ERROR: TileSetAtlasSource has no tile at (6, 50).
   at: create_alternative_tile (scene/resources/2d/tile_set.cpp:5386)
ERROR: Cannot create tile. The tile is outside the texture or tiles are already present in the space the tile would cover.
   at: create_tile (scene/resources/2d/tile_set.cpp:4986)
ERROR: The TileSetAtlasSource atlas has no tile at (7, 50).
   at: has_alternative_tile (scene/resources/2d/tile_set.cpp:5438)
ERROR: TileSetAtlasSource has no tile at (7, 50).
   at: create_alternative_tile (scene/resources/2d/tile_set.cpp:5386)
ERROR: Cannot create tile. The tile is outside the texture or tiles are already present in the space the tile would cover.
   at: create_tile (scene/resources/2d/tile_set.cpp:4986)
ERROR: The TileSetAtlasSource atlas has no tile at (8, 50).
   at: has_alternative_tile (scene/resources/2d/tile_set.cpp:5438)
ERROR: TileSetAtlasSource has no tile at (8, 50).
   at: create_alternative_tile (scene/resources/2d/tile_set.cpp:5386)
ERROR: Cannot create tile. The tile is outside the texture or tiles are already present in the space the tile would cover.
   at: create_tile (scene/resources/2d/tile_set.cpp:4986)
ERROR: The TileSetAtlasSource atlas has no tile at (9, 50).
   at: has_alternative_tile (scene/resources/2d/tile_set.cpp:5438)
ERROR: TileSetAtlasSource has no tile at (9, 50).
   at: create_alternative_tile (scene/resources/2d/tile_set.cpp:5386)
ERROR: Cannot create tile. The tile is outside the texture or tiles are already present in the space the tile would cover.
   at: create_tile (scene/resources/2d/tile_set.cpp:4986)
ERROR: The TileSetAtlasSource atlas has no tile at (10, 50).
   at: has_alternative_tile (scene/resources/2d/tile_set.cpp:5438)
ERROR: TileSetAtlasSource has no tile at (10, 50).
   at: create_alternative_tile (scene/resources/2d/tile_set.cpp:5386)
ERROR: Cannot create tile. The tile is outside the texture or tiles are already present in the space the tile would cover.
   at: create_tile (scene/resources/2d/tile_set.cpp:4986)
ERROR: The TileSetAtlasSource atlas has no tile at (11, 50).
   at: has_alternative_tile (scene/resources/2d/tile_set.cpp:5438)
ERROR: TileSetAtlasSource has no tile at (11, 50).
   at: create_alternative_tile (scene/resources/2d/tile_set.cpp:5386)
ERROR: Cannot create tile. The tile is outside the texture or tiles are already present in the space the tile would cover.
   at: create_tile (scene/resources/2d/tile_set.cpp:4986)
ERROR: The TileSetAtlasSource atlas has no tile at (12, 50).
   at: has_alternative_tile (scene/resources/2d/tile_set.cpp:5438)
ERROR: TileSetAtlasSource has no tile at (12, 50).
   at: create_alternative_tile (scene/resources/2d/tile_set.cpp:5386)
ERROR: Cannot create tile. The tile is outside the texture or tiles are already present in the space the tile would cover.
   at: create_tile (scene/resources/2d/tile_set.cpp:4986)
ERROR: The TileSetAtlasSource atlas has no tile at (13, 50).
   at: has_alternative_tile (scene/resources/2d/tile_set.cpp:5438)
ERROR: TileSetAtlasSource has no tile at (13, 50).
   at: create_alternative_tile (scene/resources/2d/tile_set.cpp:5386)
ERROR: Cannot create tile. The tile is outside the texture or tiles are already present in the space the tile would cover.
   at: create_tile (scene/resources/2d/tile_set.cpp:4986)
ERROR: The TileSetAtlasSource atlas has no tile at (14, 50).
   at: has_alternative_tile (scene/resources/2d/tile_set.cpp:5438)
ERROR: TileSetAtlasSource has no tile at (14, 50).
   at: create_alternative_tile (scene/resources/2d/tile_set.cpp:5386)
ERROR: Cannot create tile. The tile is outside the texture or tiles are already present in the space the tile would cover.
   at: create_tile (scene/resources/2d/tile_set.cpp:4986)
ERROR: The TileSetAtlasSource atlas has no tile at (15, 50).
   at: has_alternative_tile (scene/resources/2d/tile_set.cpp:5438)
ERROR: TileSetAtlasSource has no tile at (15, 50).
   at: create_alternative_tile (scene/resources/2d/tile_set.cpp:5386)
ERROR: Cannot create tile. The tile is outside the texture or tiles are already present in the space the tile would cover.
   at: create_tile (scene/resources/2d/tile_set.cpp:4986)
ERROR: The TileSetAtlasSource atlas has no tile at (0, 51).
   at: has_alternative_tile (scene/resources/2d/tile_set.cpp:5438)
ERROR: TileSetAtlasSource has no tile at (0, 51).
   at: create_alternative_tile (scene/resources/2d/tile_set.cpp:5386)
ERROR: Cannot create tile. The tile is outside the texture or tiles are already present in the space the tile would cover.
   at: create_tile (scene/resources/2d/tile_set.cpp:4986)
ERROR: The TileSetAtlasSource atlas has no tile at (1, 51).
   at: has_alternative_tile (scene/resources/2d/tile_set.cpp:5438)
ERROR: TileSetAtlasSource has no tile at (1, 51).
   at: create_alternative_tile (scene/resources/2d/tile_set.cpp:5386)
ERROR: Cannot create tile. The tile is outside the texture or tiles are already present in the space the tile would cover.
   at: create_tile (scene/resources/2d/tile_set.cpp:4986)
ERROR: The TileSetAtlasSource atlas has no tile at (2, 51).
   at: has_alternative_tile (scene/resources/2d/tile_set.cpp:5438)
ERROR: TileSetAtlasSource has no tile at (2, 51).
   at: create_alternative_tile (scene/resources/2d/tile_set.cpp:5386)
ERROR: Cannot create tile. The tile is outside the texture or tiles are already present in the space the tile would cover.
   at: create_tile (scene/resources/2d/tile_set.cpp:4986)
ERROR: The TileSetAtlasSource atlas has no tile at (3, 51).
   at: has_alternative_tile (scene/resources/2d/tile_set.cpp:5438)
ERROR: TileSetAtlasSource has no tile at (3, 51).
   at: create_alternative_tile (scene/resources/2d/tile_set.cpp:5386)
ERROR: Cannot create tile. The tile is outside the texture or tiles are already present in the space the tile would cover.
   at: create_tile (scene/resources/2d/tile_set.cpp:4986)
ERROR: The TileSetAtlasSource atlas has no tile at (4, 51).
   at: has_alternative_tile (scene/resources/2d/tile_set.cpp:5438)
ERROR: TileSetAtlasSource has no tile at (4, 51).
   at: create_alternative_tile (scene/resources/2d/tile_set.cpp:5386)
ERROR: Cannot create tile. The tile is outside the texture or tiles are already present in the space the tile would cover.
   at: create_tile (scene/resources/2d/tile_set.cpp:4986)
ERROR: The TileSetAtlasSource atlas has no tile at (5, 51).
   at: has_alternative_tile (scene/resources/2d/tile_set.cpp:5438)
ERROR: TileSetAtlasSource has no tile at (5, 51).
   at: create_alternative_tile (scene/resources/2d/tile_set.cpp:5386)
ERROR: Cannot create tile. The tile is outside the texture or tiles are already present in the space the tile would cover.
   at: create_tile (scene/resources/2d/tile_set.cpp:4986)
ERROR: The TileSetAtlasSource atlas has no tile at (6, 51).
   at: has_alternative_tile (scene/resources/2d/tile_set.cpp:5438)
ERROR: TileSetAtlasSource has no tile at (6, 51).
   at: create_alternative_tile (scene/resources/2d/tile_set.cpp:5386)
ERROR: Cannot create tile. The tile is outside the texture or tiles are already present in the space the tile would cover.
   at: create_tile (scene/resources/2d/tile_set.cpp:4986)
ERROR: The TileSetAtlasSource atlas has no tile at (7, 51).
   at: has_alternative_tile (scene/resources/2d/tile_set.cpp:5438)
ERROR: TileSetAtlasSource has no tile at (7, 51).
   at: create_alternative_tile (scene/resources/2d/tile_set.cpp:5386)
ERROR: Cannot create tile. The tile is outside the texture or tiles are already present in the space the tile would cover.
   at: create_tile (scene/resources/2d/tile_set.cpp:4986)
ERROR: The TileSetAtlasSource atlas has no tile at (8, 51).
   at: has_alternative_tile (scene/resources/2d/tile_set.cpp:5438)
ERROR: TileSetAtlasSource has no tile at (8, 51).
   at: create_alternative_tile (scene/resources/2d/tile_set.cpp:5386)
ERROR: Cannot create tile. The tile is outside the texture or tiles are already present in the space the tile would cover.
   at: create_tile (scene/resources/2d/tile_set.cpp:4986)
ERROR: The TileSetAtlasSource atlas has no tile at (9, 51).
   at: has_alternative_tile (scene/resources/2d/tile_set.cpp:5438)
ERROR: TileSetAtlasSource has no tile at (9, 51).
   at: create_alternative_tile (scene/resources/2d/tile_set.cpp:5386)
ERROR: Cannot create tile. The tile is outside the texture or tiles are already present in the space the tile would cover.
   at: create_tile (scene/resources/2d/tile_set.cpp:4986)
ERROR: The TileSetAtlasSource atlas has no tile at (10, 51).
   at: has_alternative_tile (scene/resources/2d/tile_set.cpp:5438)
ERROR: TileSetAtlasSource has no tile at (10, 51).
   at: create_alternative_tile (scene/resources/2d/tile_set.cpp:5386)
ERROR: Cannot create tile. The tile is outside the texture or tiles are already present in the space the tile would cover.
   at: create_tile (scene/resources/2d/tile_set.cpp:4986)
ERROR: The TileSetAtlasSource atlas has no tile at (11, 51).
   at: has_alternative_tile (scene/resources/2d/tile_set.cpp:5438)
ERROR: TileSetAtlasSource has no tile at (11, 51).
   at: create_alternative_tile (scene/resources/2d/tile_set.cpp:5386)
ERROR: Cannot create tile. The tile is outside the texture or tiles are already present in the space the tile would cover.
   at: create_tile (scene/resources/2d/tile_set.cpp:4986)
ERROR: The TileSetAtlasSource atlas has no tile at (12, 51).
   at: has_alternative_tile (scene/resources/2d/tile_set.cpp:5438)
ERROR: TileSetAtlasSource has no tile at (12, 51).
   at: create_alternative_tile (scene/resources/2d/tile_set.cpp:5386)
ERROR: Cannot create tile. The tile is outside the texture or tiles are already present in the space the tile would cover.
   at: create_tile (scene/resources/2d/tile_set.cpp:4986)
ERROR: The TileSetAtlasSource atlas has no tile at (13, 51).
   at: has_alternative_tile (scene/resources/2d/tile_set.cpp:5438)
ERROR: TileSetAtlasSource has no tile at (13, 51).
   at: create_alternative_tile (scene/resources/2d/tile_set.cpp:5386)
ERROR: Cannot create tile. The tile is outside the texture or tiles are already present in the space the tile would cover.
   at: create_tile (scene/resources/2d/tile_set.cpp:4986)
ERROR: The TileSetAtlasSource atlas has no tile at (14, 51).
   at: has_alternative_tile (scene/resources/2d/tile_set.cpp:5438)
ERROR: TileSetAtlasSource has no tile at (14, 51).
   at: create_alternative_tile (scene/resources/2d/tile_set.cpp:5386)
ERROR: Cannot create tile. The tile is outside the texture or tiles are already present in the space the tile would cover.
   at: create_tile (scene/resources/2d/tile_set.cpp:4986)
ERROR: The TileSetAtlasSource atlas has no tile at (15, 51).
   at: has_alternative_tile (scene/resources/2d/tile_set.cpp:5438)
ERROR: TileSetAtlasSource has no tile at (15, 51).
   at: create_alternative_tile (scene/resources/2d/tile_set.cpp:5386)
ERROR: Cannot create tile. The tile is outside the texture or tiles are already present in the space the tile would cover.
   at: create_tile (scene/resources/2d/tile_set.cpp:4986)
ERROR: The TileSetAtlasSource atlas has no tile at (0, 52).
   at: has_alternative_tile (scene/resources/2d/tile_set.cpp:5438)
ERROR: TileSetAtlasSource has no tile at (0, 52).
   at: create_alternative_tile (scene/resources/2d/tile_set.cpp:5386)
ERROR: Cannot create tile. The tile is outside the texture or tiles are already present in the space the tile would cover.
   at: create_tile (scene/resources/2d/tile_set.cpp:4986)
ERROR: The TileSetAtlasSource atlas has no tile at (1, 52).
   at: has_alternative_tile (scene/resources/2d/tile_set.cpp:5438)
ERROR: TileSetAtlasSource has no tile at (1, 52).
   at: create_alternative_tile (scene/resources/2d/tile_set.cpp:5386)
ERROR: Cannot create tile. The tile is outside the texture or tiles are already present in the space the tile would cover.
   at: create_tile (scene/resources/2d/tile_set.cpp:4986)
ERROR: The TileSetAtlasSource atlas has no tile at (2, 52).
   at: has_alternative_tile (scene/resources/2d/tile_set.cpp:5438)
ERROR: TileSetAtlasSource has no tile at (2, 52).
   at: create_alternative_tile (scene/resources/2d/tile_set.cpp:5386)
ERROR: Cannot create tile. The tile is outside the texture or tiles are already present in the space the tile would cover.
   at: create_tile (scene/resources/2d/tile_set.cpp:4986)
ERROR: The TileSetAtlasSource atlas has no tile at (3, 52).
   at: has_alternative_tile (scene/resources/2d/tile_set.cpp:5438)
ERROR: TileSetAtlasSource has no tile at (3, 52).
   at: create_alternative_tile (scene/resources/2d/tile_set.cpp:5386)
ERROR: Cannot create tile. The tile is outside the texture or tiles are already present in the space the tile would cover.
   at: create_tile (scene/resources/2d/tile_set.cpp:4986)
ERROR: The TileSetAtlasSource atlas has no tile at (4, 52).
   at: has_alternative_tile (scene/resources/2d/tile_set.cpp:5438)
ERROR: TileSetAtlasSource has no tile at (4, 52).
   at: create_alternative_tile (scene/resources/2d/tile_set.cpp:5386)
ERROR: Cannot create tile. The tile is outside the texture or tiles are already present in the space the tile would cover.
   at: create_tile (scene/resources/2d/tile_set.cpp:4986)
ERROR: The TileSetAtlasSource atlas has no tile at (5, 52).
   at: has_alternative_tile (scene/resources/2d/tile_set.cpp:5438)
ERROR: TileSetAtlasSource has no tile at (5, 52).
   at: create_alternative_tile (scene/resources/2d/tile_set.cpp:5386)
ERROR: Cannot create tile. The tile is outside the texture or tiles are already present in the space the tile would cover.
   at: create_tile (scene/resources/2d/tile_set.cpp:4986)
ERROR: The TileSetAtlasSource atlas has no tile at (6, 52).
   at: has_alternative_tile (scene/resources/2d/tile_set.cpp:5438)
ERROR: TileSetAtlasSource has no tile at (6, 52).
   at: create_alternative_tile (scene/resources/2d/tile_set.cpp:5386)
ERROR: Cannot create tile. The tile is outside the texture or tiles are already present in the space the tile would cover.
   at: create_tile (scene/resources/2d/tile_set.cpp:4986)
ERROR: The TileSetAtlasSource atlas has no tile at (7, 52).
   at: has_alternative_tile (scene/resources/2d/tile_set.cpp:5438)
ERROR: TileSetAtlasSource has no tile at (7, 52).
   at: create_alternative_tile (scene/resources/2d/tile_set.cpp:5386)
ERROR: Cannot create tile. The tile is outside the texture or tiles are already present in the space the tile would cover.
   at: create_tile (scene/resources/2d/tile_set.cpp:4986)
ERROR: The TileSetAtlasSource atlas has no tile at (8, 52).
   at: has_alternative_tile (scene/resources/2d/tile_set.cpp:5438)
ERROR: TileSetAtlasSource has no tile at (8, 52).
   at: create_alternative_tile (scene/resources/2d/tile_set.cpp:5386)
ERROR: Cannot create tile. The tile is outside the texture or tiles are already present in the space the tile would cover.
   at: create_tile (scene/resources/2d/tile_set.cpp:4986)
ERROR: The TileSetAtlasSource atlas has no tile at (9, 52).
   at: has_alternative_tile (scene/resources/2d/tile_set.cpp:5438)
ERROR: TileSetAtlasSource has no tile at (9, 52).
   at: create_alternative_tile (scene/resources/2d/tile_set.cpp:5386)
ERROR: Cannot create tile. The tile is outside the texture or tiles are already present in the space the tile would cover.
   at: create_tile (scene/resources/2d/tile_set.cpp:4986)
ERROR: The TileSetAtlasSource atlas has no tile at (10, 52).
   at: has_alternative_tile (scene/resources/2d/tile_set.cpp:5438)
ERROR: TileSetAtlasSource has no tile at (10, 52).
   at: create_alternative_tile (scene/resources/2d/tile_set.cpp:5386)
ERROR: Cannot create tile. The tile is outside the texture or tiles are already present in the space the tile would cover.
   at: create_tile (scene/resources/2d/tile_set.cpp:4986)
ERROR: The TileSetAtlasSource atlas has no tile at (11, 52).
   at: has_alternative_tile (scene/resources/2d/tile_set.cpp:5438)
ERROR: TileSetAtlasSource has no tile at (11, 52).
   at: create_alternative_tile (scene/resources/2d/tile_set.cpp:5386)
ERROR: Cannot create tile. The tile is outside the texture or tiles are already present in the space the tile would cover.
   at: create_tile (scene/resources/2d/tile_set.cpp:4986)
ERROR: The TileSetAtlasSource atlas has no tile at (12, 52).
   at: has_alternative_tile (scene/resources/2d/tile_set.cpp:5438)
ERROR: TileSetAtlasSource has no tile at (12, 52).
   at: create_alternative_tile (scene/resources/2d/tile_set.cpp:5386)
ERROR: Cannot create tile. The tile is outside the texture or tiles are already present in the space the tile would cover.
   at: create_tile (scene/resources/2d/tile_set.cpp:4986)
ERROR: The TileSetAtlasSource atlas has no tile at (13, 52).
   at: has_alternative_tile (scene/resources/2d/tile_set.cpp:5438)
ERROR: TileSetAtlasSource has no tile at (13, 52).
   at: create_alternative_tile (scene/resources/2d/tile_set.cpp:5386)
ERROR: Cannot create tile. The tile is outside the texture or tiles are already present in the space the tile would cover.
   at: create_tile (scene/resources/2d/tile_set.cpp:4986)
ERROR: The TileSetAtlasSource atlas has no tile at (14, 52).
   at: has_alternative_tile (scene/resources/2d/tile_set.cpp:5438)
ERROR: TileSetAtlasSource has no tile at (14, 52).
   at: create_alternative_tile (scene/resources/2d/tile_set.cpp:5386)
ERROR: Cannot create tile. The tile is outside the texture or tiles are already present in the space the tile would cover.
   at: create_tile (scene/resources/2d/tile_set.cpp:4986)
ERROR: The TileSetAtlasSource atlas has no tile at (15, 52).
   at: has_alternative_tile (scene/resources/2d/tile_set.cpp:5438)
ERROR: TileSetAtlasSource has no tile at (15, 52).
   at: create_alternative_tile (scene/resources/2d/tile_set.cpp:5386)
ERROR: Cannot create tile. The tile is outside the texture or tiles are already present in the space the tile would cover.
   at: create_tile (scene/resources/2d/tile_set.cpp:4986)
ERROR: The TileSetAtlasSource atlas has no tile at (0, 53).
   at: has_alternative_tile (scene/resources/2d/tile_set.cpp:5438)
ERROR: TileSetAtlasSource has no tile at (0, 53).
   at: create_alternative_tile (scene/resources/2d/tile_set.cpp:5386)
ERROR: Cannot create tile. The tile is outside the texture or tiles are already present in the space the tile would cover.
   at: create_tile (scene/resources/2d/tile_set.cpp:4986)
ERROR: The TileSetAtlasSource atlas has no tile at (1, 53).
   at: has_alternative_tile (scene/resources/2d/tile_set.cpp:5438)
ERROR: TileSetAtlasSource has no tile at (1, 53).
   at: create_alternative_tile (scene/resources/2d/tile_set.cpp:5386)
ERROR: Cannot create tile. The tile is outside the texture or tiles are already present in the space the tile would cover.
   at: create_tile (scene/resources/2d/tile_set.cpp:4986)
ERROR: The TileSetAtlasSource atlas has no tile at (2, 53).
   at: has_alternative_tile (scene/resources/2d/tile_set.cpp:5438)
ERROR: TileSetAtlasSource has no tile at (2, 53).
   at: create_alternative_tile (scene/resources/2d/tile_set.cpp:5386)
ERROR: Cannot create tile. The tile is outside the texture or tiles are already present in the space the tile would cover.
   at: create_tile (scene/resources/2d/tile_set.cpp:4986)
ERROR: The TileSetAtlasSource atlas has no tile at (3, 53).
   at: has_alternative_tile (scene/resources/2d/tile_set.cpp:5438)
ERROR: TileSetAtlasSource has no tile at (3, 53).
   at: create_alternative_tile (scene/resources/2d/tile_set.cpp:5386)
ERROR: Cannot create tile. The tile is outside the texture or tiles are already present in the space the tile would cover.
   at: create_tile (scene/resources/2d/tile_set.cpp:4986)
ERROR: The TileSetAtlasSource atlas has no tile at (4, 53).
   at: has_alternative_tile (scene/resources/2d/tile_set.cpp:5438)
ERROR: TileSetAtlasSource has no tile at (4, 53).
   at: create_alternative_tile (scene/resources/2d/tile_set.cpp:5386)
ERROR: Cannot create tile. The tile is outside the texture or tiles are already present in the space the tile would cover.
   at: create_tile (scene/resources/2d/tile_set.cpp:4986)
ERROR: The TileSetAtlasSource atlas has no tile at (5, 53).
   at: has_alternative_tile (scene/resources/2d/tile_set.cpp:5438)
ERROR: TileSetAtlasSource has no tile at (5, 53).
   at: create_alternative_tile (scene/resources/2d/tile_set.cpp:5386)
ERROR: Cannot create tile. The tile is outside the texture or tiles are already present in the space the tile would cover.
   at: create_tile (scene/resources/2d/tile_set.cpp:4986)
ERROR: The TileSetAtlasSource atlas has no tile at (6, 53).
   at: has_alternative_tile (scene/resources/2d/tile_set.cpp:5438)
ERROR: TileSetAtlasSource has no tile at (6, 53).
   at: create_alternative_tile (scene/resources/2d/tile_set.cpp:5386)
ERROR: Cannot create tile. The tile is outside the texture or tiles are already present in the space the tile would cover.
   at: create_tile (scene/resources/2d/tile_set.cpp:4986)
ERROR: The TileSetAtlasSource atlas has no tile at (7, 53).
   at: has_alternative_tile (scene/resources/2d/tile_set.cpp:5438)
ERROR: TileSetAtlasSource has no tile at (7, 53).
   at: create_alternative_tile (scene/resources/2d/tile_set.cpp:5386)
ERROR: Cannot create tile. The tile is outside the texture or tiles are already present in the space the tile would cover.
   at: create_tile (scene/resources/2d/tile_set.cpp:4986)
ERROR: The TileSetAtlasSource atlas has no tile at (8, 53).
   at: has_alternative_tile (scene/resources/2d/tile_set.cpp:5438)
ERROR: TileSetAtlasSource has no tile at (8, 53).
   at: create_alternative_tile (scene/resources/2d/tile_set.cpp:5386)
ERROR: Cannot create tile. The tile is outside the texture or tiles are already present in the space the tile would cover.
   at: create_tile (scene/resources/2d/tile_set.cpp:4986)
ERROR: The TileSetAtlasSource atlas has no tile at (9, 53).
   at: has_alternative_tile (scene/resources/2d/tile_set.cpp:5438)
ERROR: TileSetAtlasSource has no tile at (9, 53).
   at: create_alternative_tile (scene/resources/2d/tile_set.cpp:5386)
ERROR: Cannot create tile. The tile is outside the texture or tiles are already present in the space the tile would cover.
   at: create_tile (scene/resources/2d/tile_set.cpp:4986)
ERROR: The TileSetAtlasSource atlas has no tile at (10, 53).
   at: has_alternative_tile (scene/resources/2d/tile_set.cpp:5438)
ERROR: TileSetAtlasSource has no tile at (10, 53).
   at: create_alternative_tile (scene/resources/2d/tile_set.cpp:5386)
ERROR: Cannot create tile. The tile is outside the texture or tiles are already present in the space the tile would cover.
   at: create_tile (scene/resources/2d/tile_set.cpp:4986)
ERROR: The TileSetAtlasSource atlas has no tile at (11, 53).
   at: has_alternative_tile (scene/resources/2d/tile_set.cpp:5438)
ERROR: TileSetAtlasSource has no tile at (11, 53).
   at: create_alternative_tile (scene/resources/2d/tile_set.cpp:5386)
ERROR: Cannot create tile. The tile is outside the texture or tiles are already present in the space the tile would cover.
   at: create_tile (scene/resources/2d/tile_set.cpp:4986)
ERROR: The TileSetAtlasSource atlas has no tile at (12, 53).
   at: has_alternative_tile (scene/resources/2d/tile_set.cpp:5438)
ERROR: TileSetAtlasSource has no tile at (12, 53).
   at: create_alternative_tile (scene/resources/2d/tile_set.cpp:5386)
ERROR: Cannot create tile. The tile is outside the texture or tiles are already present in the space the tile would cover.
   at: create_tile (scene/resources/2d/tile_set.cpp:4986)
ERROR: The TileSetAtlasSource atlas has no tile at (13, 53).
   at: has_alternative_tile (scene/resources/2d/tile_set.cpp:5438)
ERROR: TileSetAtlasSource has no tile at (13, 53).
   at: create_alternative_tile (scene/resources/2d/tile_set.cpp:5386)
ERROR: Cannot create tile. The tile is outside the texture or tiles are already present in the space the tile would cover.
   at: create_tile (scene/resources/2d/tile_set.cpp:4986)
ERROR: The TileSetAtlasSource atlas has no tile at (14, 53).
   at: has_alternative_tile (scene/resources/2d/tile_set.cpp:5438)
ERROR: TileSetAtlasSource has no tile at (14, 53).
   at: create_alternative_tile (scene/resources/2d/tile_set.cpp:5386)
ERROR: Cannot create tile. The tile is outside the texture or tiles are already present in the space the tile would cover.
   at: create_tile (scene/resources/2d/tile_set.cpp:4986)
ERROR: The TileSetAtlasSource atlas has no tile at (15, 53).
   at: has_alternative_tile (scene/resources/2d/tile_set.cpp:5438)
ERROR: TileSetAtlasSource has no tile at (15, 53).
   at: create_alternative_tile (scene/resources/2d/tile_set.cpp:5386)
ERROR: Cannot create tile. The tile is outside the texture or tiles are already present in the space the tile would cover.
   at: create_tile (scene/resources/2d/tile_set.cpp:4986)
ERROR: The TileSetAtlasSource atlas has no tile at (0, 54).
   at: has_alternative_tile (scene/resources/2d/tile_set.cpp:5438)
ERROR: TileSetAtlasSource has no tile at (0, 54).
   at: create_alternative_tile (scene/resources/2d/tile_set.cpp:5386)
ERROR: Cannot create tile. The tile is outside the texture or tiles are already present in the space the tile would cover.
   at: create_tile (scene/resources/2d/tile_set.cpp:4986)
ERROR: The TileSetAtlasSource atlas has no tile at (1, 54).
   at: has_alternative_tile (scene/resources/2d/tile_set.cpp:5438)
ERROR: TileSetAtlasSource has no tile at (1, 54).
   at: create_alternative_tile (scene/resources/2d/tile_set.cpp:5386)
ERROR: Cannot create tile. The tile is outside the texture or tiles are already present in the space the tile would cover.
   at: create_tile (scene/resources/2d/tile_set.cpp:4986)
ERROR: The TileSetAtlasSource atlas has no tile at (2, 54).
   at: has_alternative_tile (scene/resources/2d/tile_set.cpp:5438)
ERROR: TileSetAtlasSource has no tile at (2, 54).
   at: create_alternative_tile (scene/resources/2d/tile_set.cpp:5386)
ERROR: Cannot create tile. The tile is outside the texture or tiles are already present in the space the tile would cover.
   at: create_tile (scene/resources/2d/tile_set.cpp:4986)
ERROR: The TileSetAtlasSource atlas has no tile at (3, 54).
   at: has_alternative_tile (scene/resources/2d/tile_set.cpp:5438)
ERROR: TileSetAtlasSource has no tile at (3, 54).
   at: create_alternative_tile (scene/resources/2d/tile_set.cpp:5386)
ERROR: Cannot create tile. The tile is outside the texture or tiles are already present in the space the tile would cover.
   at: create_tile (scene/resources/2d/tile_set.cpp:4986)
ERROR: The TileSetAtlasSource atlas has no tile at (4, 54).
   at: has_alternative_tile (scene/resources/2d/tile_set.cpp:5438)
ERROR: TileSetAtlasSource has no tile at (4, 54).
   at: create_alternative_tile (scene/resources/2d/tile_set.cpp:5386)
ERROR: Cannot create tile. The tile is outside the texture or tiles are already present in the space the tile would cover.
   at: create_tile (scene/resources/2d/tile_set.cpp:4986)
ERROR: The TileSetAtlasSource atlas has no tile at (5, 54).
   at: has_alternative_tile (scene/resources/2d/tile_set.cpp:5438)
ERROR: TileSetAtlasSource has no tile at (5, 54).
   at: create_alternative_tile (scene/resources/2d/tile_set.cpp:5386)
ERROR: Cannot create tile. The tile is outside the texture or tiles are already present in the space the tile would cover.
   at: create_tile (scene/resources/2d/tile_set.cpp:4986)
ERROR: The TileSetAtlasSource atlas has no tile at (6, 54).
   at: has_alternative_tile (scene/resources/2d/tile_set.cpp:5438)
ERROR: TileSetAtlasSource has no tile at (6, 54).
   at: create_alternative_tile (scene/resources/2d/tile_set.cpp:5386)
ERROR: Cannot create tile. The tile is outside the texture or tiles are already present in the space the tile would cover.
   at: create_tile (scene/resources/2d/tile_set.cpp:4986)
ERROR: The TileSetAtlasSource atlas has no tile at (7, 54).
   at: has_alternative_tile (scene/resources/2d/tile_set.cpp:5438)
ERROR: TileSetAtlasSource has no tile at (7, 54).
   at: create_alternative_tile (scene/resources/2d/tile_set.cpp:5386)
ERROR: Cannot create tile. The tile is outside the texture or tiles are already present in the space the tile would cover.
   at: create_tile (scene/resources/2d/tile_set.cpp:4986)
ERROR: The TileSetAtlasSource atlas has no tile at (8, 54).
   at: has_alternative_tile (scene/resources/2d/tile_set.cpp:5438)
ERROR: TileSetAtlasSource has no tile at (8, 54).
   at: create_alternative_tile (scene/resources/2d/tile_set.cpp:5386)
ERROR: Cannot create tile. The tile is outside the texture or tiles are already present in the space the tile would cover.
   at: create_tile (scene/resources/2d/tile_set.cpp:4986)
ERROR: The TileSetAtlasSource atlas has no tile at (9, 54).
   at: has_alternative_tile (scene/resources/2d/tile_set.cpp:5438)
ERROR: TileSetAtlasSource has no tile at (9, 54).
   at: create_alternative_tile (scene/resources/2d/tile_set.cpp:5386)
ERROR: Cannot create tile. The tile is outside the texture or tiles are already present in the space the tile would cover.
   at: create_tile (scene/resources/2d/tile_set.cpp:4986)
ERROR: The TileSetAtlasSource atlas has no tile at (10, 54).
   at: has_alternative_tile (scene/resources/2d/tile_set.cpp:5438)
ERROR: TileSetAtlasSource has no tile at (10, 54).
   at: create_alternative_tile (scene/resources/2d/tile_set.cpp:5386)
ERROR: Cannot create tile. The tile is outside the texture or tiles are already present in the space the tile would cover.
   at: create_tile (scene/resources/2d/tile_set.cpp:4986)
ERROR: The TileSetAtlasSource atlas has no tile at (11, 54).
   at: has_alternative_tile (scene/resources/2d/tile_set.cpp:5438)
ERROR: TileSetAtlasSource has no tile at (11, 54).
   at: create_alternative_tile (scene/resources/2d/tile_set.cpp:5386)
ERROR: Cannot create tile. The tile is outside the texture or tiles are already present in the space the tile would cover.
   at: create_tile (scene/resources/2d/tile_set.cpp:4986)
ERROR: The TileSetAtlasSource atlas has no tile at (12, 54).
   at: has_alternative_tile (scene/resources/2d/tile_set.cpp:5438)
ERROR: TileSetAtlasSource has no tile at (12, 54).
   at: create_alternative_tile (scene/resources/2d/tile_set.cpp:5386)
ERROR: Cannot create tile. The tile is outside the texture or tiles are already present in the space the tile would cover.
   at: create_tile (scene/resources/2d/tile_set.cpp:4986)
ERROR: The TileSetAtlasSource atlas has no tile at (13, 54).
   at: has_alternative_tile (scene/resources/2d/tile_set.cpp:5438)
ERROR: TileSetAtlasSource has no tile at (13, 54).
   at: create_alternative_tile (scene/resources/2d/tile_set.cpp:5386)
ERROR: Cannot create tile. The tile is outside the texture or tiles are already present in the space the tile would cover.
   at: create_tile (scene/resources/2d/tile_set.cpp:4986)
ERROR: The TileSetAtlasSource atlas has no tile at (14, 54).
   at: has_alternative_tile (scene/resources/2d/tile_set.cpp:5438)
ERROR: TileSetAtlasSource has no tile at (14, 54).
   at: create_alternative_tile (scene/resources/2d/tile_set.cpp:5386)
ERROR: Cannot create tile. The tile is outside the texture or tiles are already present in the space the tile would cover.
   at: create_tile (scene/resources/2d/tile_set.cpp:4986)
ERROR: The TileSetAtlasSource atlas has no tile at (15, 54).
   at: has_alternative_tile (scene/resources/2d/tile_set.cpp:5438)
ERROR: TileSetAtlasSource has no tile at (15, 54).
   at: create_alternative_tile (scene/resources/2d/tile_set.cpp:5386)
ERROR: Cannot create tile. The tile is outside the texture or tiles are already present in the space the tile would cover.
   at: create_tile (scene/resources/2d/tile_set.cpp:4986)
ERROR: The TileSetAtlasSource atlas has no tile at (0, 55).
   at: has_alternative_tile (scene/resources/2d/tile_set.cpp:5438)
ERROR: TileSetAtlasSource has no tile at (0, 55).
   at: create_alternative_tile (scene/resources/2d/tile_set.cpp:5386)
ERROR: Cannot create tile. The tile is outside the texture or tiles are already present in the space the tile would cover.
   at: create_tile (scene/resources/2d/tile_set.cpp:4986)
ERROR: The TileSetAtlasSource atlas has no tile at (1, 55).
   at: has_alternative_tile (scene/resources/2d/tile_set.cpp:5438)
ERROR: TileSetAtlasSource has no tile at (1, 55).
   at: create_alternative_tile (scene/resources/2d/tile_set.cpp:5386)
ERROR: Cannot create tile. The tile is outside the texture or tiles are already present in the space the tile would cover.
   at: create_tile (scene/resources/2d/tile_set.cpp:4986)
ERROR: The TileSetAtlasSource atlas has no tile at (2, 55).
   at: has_alternative_tile (scene/resources/2d/tile_set.cpp:5438)
ERROR: TileSetAtlasSource has no tile at (2, 55).
   at: create_alternative_tile (scene/resources/2d/tile_set.cpp:5386)
ERROR: Cannot create tile. The tile is outside the texture or tiles are already present in the space the tile would cover.
   at: create_tile (scene/resources/2d/tile_set.cpp:4986)
ERROR: The TileSetAtlasSource atlas has no tile at (3, 55).
   at: has_alternative_tile (scene/resources/2d/tile_set.cpp:5438)
ERROR: TileSetAtlasSource has no tile at (3, 55).
   at: create_alternative_tile (scene/resources/2d/tile_set.cpp:5386)
ERROR: Cannot create tile. The tile is outside the texture or tiles are already present in the space the tile would cover.
   at: create_tile (scene/resources/2d/tile_set.cpp:4986)
ERROR: The TileSetAtlasSource atlas has no tile at (4, 55).
   at: has_alternative_tile (scene/resources/2d/tile_set.cpp:5438)
ERROR: TileSetAtlasSource has no tile at (4, 55).
   at: create_alternative_tile (scene/resources/2d/tile_set.cpp:5386)
ERROR: Cannot create tile. The tile is outside the texture or tiles are already present in the space the tile would cover.
   at: create_tile (scene/resources/2d/tile_set.cpp:4986)
ERROR: The TileSetAtlasSource atlas has no tile at (5, 55).
   at: has_alternative_tile (scene/resources/2d/tile_set.cpp:5438)
ERROR: TileSetAtlasSource has no tile at (5, 55).
   at: create_alternative_tile (scene/resources/2d/tile_set.cpp:5386)
ERROR: Cannot create tile. The tile is outside the texture or tiles are already present in the space the tile would cover.
   at: create_tile (scene/resources/2d/tile_set.cpp:4986)
ERROR: The TileSetAtlasSource atlas has no tile at (6, 55).
   at: has_alternative_tile (scene/resources/2d/tile_set.cpp:5438)
ERROR: TileSetAtlasSource has no tile at (6, 55).
   at: create_alternative_tile (scene/resources/2d/tile_set.cpp:5386)
ERROR: Cannot create tile. The tile is outside the texture or tiles are already present in the space the tile would cover.
   at: create_tile (scene/resources/2d/tile_set.cpp:4986)
ERROR: The TileSetAtlasSource atlas has no tile at (7, 55).
   at: has_alternative_tile (scene/resources/2d/tile_set.cpp:5438)
ERROR: TileSetAtlasSource has no tile at (7, 55).
   at: create_alternative_tile (scene/resources/2d/tile_set.cpp:5386)
ERROR: Cannot create tile. The tile is outside the texture or tiles are already present in the space the tile would cover.
   at: create_tile (scene/resources/2d/tile_set.cpp:4986)
ERROR: The TileSetAtlasSource atlas has no tile at (8, 55).
   at: has_alternative_tile (scene/resources/2d/tile_set.cpp:5438)
ERROR: TileSetAtlasSource has no tile at (8, 55).
   at: create_alternative_tile (scene/resources/2d/tile_set.cpp:5386)
ERROR: Cannot create tile. The tile is outside the texture or tiles are already present in the space the tile would cover.
   at: create_tile (scene/resources/2d/tile_set.cpp:4986)
ERROR: The TileSetAtlasSource atlas has no tile at (9, 55).
   at: has_alternative_tile (scene/resources/2d/tile_set.cpp:5438)
ERROR: TileSetAtlasSource has no tile at (9, 55).
   at: create_alternative_tile (scene/resources/2d/tile_set.cpp:5386)
ERROR: Cannot create tile. The tile is outside the texture or tiles are already present in the space the tile would cover.
   at: create_tile (scene/resources/2d/tile_set.cpp:4986)
ERROR: The TileSetAtlasSource atlas has no tile at (10, 55).
   at: has_alternative_tile (scene/resources/2d/tile_set.cpp:5438)
ERROR: TileSetAtlasSource has no tile at (10, 55).
   at: create_alternative_tile (scene/resources/2d/tile_set.cpp:5386)
ERROR: Cannot create tile. The tile is outside the texture or tiles are already present in the space the tile would cover.
   at: create_tile (scene/resources/2d/tile_set.cpp:4986)
ERROR: The TileSetAtlasSource atlas has no tile at (11, 55).
   at: has_alternative_tile (scene/resources/2d/tile_set.cpp:5438)
ERROR: TileSetAtlasSource has no tile at (11, 55).
   at: create_alternative_tile (scene/resources/2d/tile_set.cpp:5386)
ERROR: Cannot create tile. The tile is outside the texture or tiles are already present in the space the tile would cover.
   at: create_tile (scene/resources/2d/tile_set.cpp:4986)
ERROR: The TileSetAtlasSource atlas has no tile at (12, 55).
   at: has_alternative_tile (scene/resources/2d/tile_set.cpp:5438)
ERROR: TileSetAtlasSource has no tile at (12, 55).
   at: create_alternative_tile (scene/resources/2d/tile_set.cpp:5386)
ERROR: Cannot create tile. The tile is outside the texture or tiles are already present in the space the tile would cover.
   at: create_tile (scene/resources/2d/tile_set.cpp:4986)
ERROR: The TileSetAtlasSource atlas has no tile at (13, 55).
   at: has_alternative_tile (scene/resources/2d/tile_set.cpp:5438)
ERROR: TileSetAtlasSource has no tile at (13, 55).
   at: create_alternative_tile (scene/resources/2d/tile_set.cpp:5386)
ERROR: Cannot create tile. The tile is outside the texture or tiles are already present in the space the tile would cover.
   at: create_tile (scene/resources/2d/tile_set.cpp:4986)
ERROR: The TileSetAtlasSource atlas has no tile at (14, 55).
   at: has_alternative_tile (scene/resources/2d/tile_set.cpp:5438)
ERROR: TileSetAtlasSource has no tile at (14, 55).
   at: create_alternative_tile (scene/resources/2d/tile_set.cpp:5386)
ERROR: Cannot create tile. The tile is outside the texture or tiles are already present in the space the tile would cover.
   at: create_tile (scene/resources/2d/tile_set.cpp:4986)
ERROR: The TileSetAtlasSource atlas has no tile at (15, 55).
   at: has_alternative_tile (scene/resources/2d/tile_set.cpp:5438)
ERROR: TileSetAtlasSource has no tile at (15, 55).
   at: create_alternative_tile (scene/resources/2d/tile_set.cpp:5386)
ERROR: Cannot create tile. The tile is outside the texture or tiles are already present in the space the tile would cover.
   at: create_tile (scene/resources/2d/tile_set.cpp:4986)
ERROR: The TileSetAtlasSource atlas has no tile at (0, 56).
   at: has_alternative_tile (scene/resources/2d/tile_set.cpp:5438)
ERROR: TileSetAtlasSource has no tile at (0, 56).
   at: create_alternative_tile (scene/resources/2d/tile_set.cpp:5386)
ERROR: Cannot create tile. The tile is outside the texture or tiles are already present in the space the tile would cover.
   at: create_tile (scene/resources/2d/tile_set.cpp:4986)
ERROR: The TileSetAtlasSource atlas has no tile at (1, 56).
   at: has_alternative_tile (scene/resources/2d/tile_set.cpp:5438)
ERROR: TileSetAtlasSource has no tile at (1, 56).
   at: create_alternative_tile (scene/resources/2d/tile_set.cpp:5386)
ERROR: Cannot create tile. The tile is outside the texture or tiles are already present in the space the tile would cover.
   at: create_tile (scene/resources/2d/tile_set.cpp:4986)
ERROR: The TileSetAtlasSource atlas has no tile at (2, 56).
   at: has_alternative_tile (scene/resources/2d/tile_set.cpp:5438)
ERROR: TileSetAtlasSource has no tile at (2, 56).
   at: create_alternative_tile (scene/resources/2d/tile_set.cpp:5386)
ERROR: Cannot create tile. The tile is outside the texture or tiles are already present in the space the tile would cover.
   at: create_tile (scene/resources/2d/tile_set.cpp:4986)
ERROR: The TileSetAtlasSource atlas has no tile at (3, 56).
   at: has_alternative_tile (scene/resources/2d/tile_set.cpp:5438)
ERROR: TileSetAtlasSource has no tile at (3, 56).
   at: create_alternative_tile (scene/resources/2d/tile_set.cpp:5386)
ERROR: Cannot create tile. The tile is outside the texture or tiles are already present in the space the tile would cover.
   at: create_tile (scene/resources/2d/tile_set.cpp:4986)
ERROR: The TileSetAtlasSource atlas has no tile at (4, 56).
   at: has_alternative_tile (scene/resources/2d/tile_set.cpp:5438)
ERROR: TileSetAtlasSource has no tile at (4, 56).
   at: create_alternative_tile (scene/resources/2d/tile_set.cpp:5386)
ERROR: Cannot create tile. The tile is outside the texture or tiles are already present in the space the tile would cover.
   at: create_tile (scene/resources/2d/tile_set.cpp:4986)
ERROR: The TileSetAtlasSource atlas has no tile at (5, 56).
   at: has_alternative_tile (scene/resources/2d/tile_set.cpp:5438)
ERROR: TileSetAtlasSource has no tile at (5, 56).
   at: create_alternative_tile (scene/resources/2d/tile_set.cpp:5386)
ERROR: Cannot create tile. The tile is outside the texture or tiles are already present in the space the tile would cover.
   at: create_tile (scene/resources/2d/tile_set.cpp:4986)
ERROR: The TileSetAtlasSource atlas has no tile at (6, 56).
   at: has_alternative_tile (scene/resources/2d/tile_set.cpp:5438)
ERROR: TileSetAtlasSource has no tile at (6, 56).
   at: create_alternative_tile (scene/resources/2d/tile_set.cpp:5386)
ERROR: Cannot create tile. The tile is outside the texture or tiles are already present in the space the tile would cover.
   at: create_tile (scene/resources/2d/tile_set.cpp:4986)
ERROR: The TileSetAtlasSource atlas has no tile at (7, 56).
   at: has_alternative_tile (scene/resources/2d/tile_set.cpp:5438)
ERROR: TileSetAtlasSource has no tile at (7, 56).
   at: create_alternative_tile (scene/resources/2d/tile_set.cpp:5386)
ERROR: Cannot create tile. The tile is outside the texture or tiles are already present in the space the tile would cover.
   at: create_tile (scene/resources/2d/tile_set.cpp:4986)
ERROR: The TileSetAtlasSource atlas has no tile at (8, 56).
   at: has_alternative_tile (scene/resources/2d/tile_set.cpp:5438)
ERROR: TileSetAtlasSource has no tile at (8, 56).
   at: create_alternative_tile (scene/resources/2d/tile_set.cpp:5386)
ERROR: Cannot create tile. The tile is outside the texture or tiles are already present in the space the tile would cover.
   at: create_tile (scene/resources/2d/tile_set.cpp:4986)
ERROR: The TileSetAtlasSource atlas has no tile at (9, 56).
   at: has_alternative_tile (scene/resources/2d/tile_set.cpp:5438)
ERROR: TileSetAtlasSource has no tile at (9, 56).
   at: create_alternative_tile (scene/resources/2d/tile_set.cpp:5386)
ERROR: Cannot create tile. The tile is outside the texture or tiles are already present in the space the tile would cover.
   at: create_tile (scene/resources/2d/tile_set.cpp:4986)
ERROR: The TileSetAtlasSource atlas has no tile at (10, 56).
   at: has_alternative_tile (scene/resources/2d/tile_set.cpp:5438)
ERROR: TileSetAtlasSource has no tile at (10, 56).
   at: create_alternative_tile (scene/resources/2d/tile_set.cpp:5386)
ERROR: Cannot create tile. The tile is outside the texture or tiles are already present in the space the tile would cover.
   at: create_tile (scene/resources/2d/tile_set.cpp:4986)
ERROR: The TileSetAtlasSource atlas has no tile at (11, 56).
   at: has_alternative_tile (scene/resources/2d/tile_set.cpp:5438)
ERROR: TileSetAtlasSource has no tile at (11, 56).
   at: create_alternative_tile (scene/resources/2d/tile_set.cpp:5386)
ERROR: Cannot create tile. The tile is outside the texture or tiles are already present in the space the tile would cover.
   at: create_tile (scene/resources/2d/tile_set.cpp:4986)
ERROR: The TileSetAtlasSource atlas has no tile at (12, 56).
   at: has_alternative_tile (scene/resources/2d/tile_set.cpp:5438)
ERROR: TileSetAtlasSource has no tile at (12, 56).
   at: create_alternative_tile (scene/resources/2d/tile_set.cpp:5386)
ERROR: Cannot create tile. The tile is outside the texture or tiles are already present in the space the tile would cover.
   at: create_tile (scene/resources/2d/tile_set.cpp:4986)
ERROR: The TileSetAtlasSource atlas has no tile at (13, 56).
   at: has_alternative_tile (scene/resources/2d/tile_set.cpp:5438)
ERROR: TileSetAtlasSource has no tile at (13, 56).
   at: create_alternative_tile (scene/resources/2d/tile_set.cpp:5386)
ERROR: Cannot create tile. The tile is outside the texture or tiles are already present in the space the tile would cover.
   at: create_tile (scene/resources/2d/tile_set.cpp:4986)
ERROR: The TileSetAtlasSource atlas has no tile at (14, 56).
   at: has_alternative_tile (scene/resources/2d/tile_set.cpp:5438)
ERROR: TileSetAtlasSource has no tile at (14, 56).
   at: create_alternative_tile (scene/resources/2d/tile_set.cpp:5386)
ERROR: Cannot create tile. The tile is outside the texture or tiles are already present in the space the tile would cover.
   at: create_tile (scene/resources/2d/tile_set.cpp:4986)
ERROR: The TileSetAtlasSource atlas has no tile at (15, 56).
   at: has_alternative_tile (scene/resources/2d/tile_set.cpp:5438)
ERROR: TileSetAtlasSource has no tile at (15, 56).
   at: create_alternative_tile (scene/resources/2d/tile_set.cpp:5386)
ERROR: Cannot create tile. The tile is outside the texture or tiles are already present in the space the tile would cover.
   at: create_tile (scene/resources/2d/tile_set.cpp:4986)
ERROR: The TileSetAtlasSource atlas has no tile at (0, 57).
   at: has_alternative_tile (scene/resources/2d/tile_set.cpp:5438)
ERROR: TileSetAtlasSource has no tile at (0, 57).
   at: create_alternative_tile (scene/resources/2d/tile_set.cpp:5386)
ERROR: Cannot create tile. The tile is outside the texture or tiles are already present in the space the tile would cover.
   at: create_tile (scene/resources/2d/tile_set.cpp:4986)
ERROR: The TileSetAtlasSource atlas has no tile at (1, 57).
   at: has_alternative_tile (scene/resources/2d/tile_set.cpp:5438)
ERROR: TileSetAtlasSource has no tile at (1, 57).
   at: create_alternative_tile (scene/resources/2d/tile_set.cpp:5386)
ERROR: Cannot create tile. The tile is outside the texture or tiles are already present in the space the tile would cover.
   at: create_tile (scene/resources/2d/tile_set.cpp:4986)
ERROR: The TileSetAtlasSource atlas has no tile at (2, 57).
   at: has_alternative_tile (scene/resources/2d/tile_set.cpp:5438)
ERROR: TileSetAtlasSource has no tile at (2, 57).
   at: create_alternative_tile (scene/resources/2d/tile_set.cpp:5386)
ERROR: Cannot create tile. The tile is outside the texture or tiles are already present in the space the tile would cover.
   at: create_tile (scene/resources/2d/tile_set.cpp:4986)
ERROR: The TileSetAtlasSource atlas has no tile at (3, 57).
   at: has_alternative_tile (scene/resources/2d/tile_set.cpp:5438)
ERROR: TileSetAtlasSource has no tile at (3, 57).
   at: create_alternative_tile (scene/resources/2d/tile_set.cpp:5386)
ERROR: Cannot create tile. The tile is outside the texture or tiles are already present in the space the tile would cover.
   at: create_tile (scene/resources/2d/tile_set.cpp:4986)
ERROR: The TileSetAtlasSource atlas has no tile at (4, 57).
   at: has_alternative_tile (scene/resources/2d/tile_set.cpp:5438)
ERROR: TileSetAtlasSource has no tile at (4, 57).
   at: create_alternative_tile (scene/resources/2d/tile_set.cpp:5386)
ERROR: Cannot create tile. The tile is outside the texture or tiles are already present in the space the tile would cover.
   at: create_tile (scene/resources/2d/tile_set.cpp:4986)
ERROR: The TileSetAtlasSource atlas has no tile at (5, 57).
   at: has_alternative_tile (scene/resources/2d/tile_set.cpp:5438)
ERROR: TileSetAtlasSource has no tile at (5, 57).
   at: create_alternative_tile (scene/resources/2d/tile_set.cpp:5386)
ERROR: Cannot create tile. The tile is outside the texture or tiles are already present in the space the tile would cover.
   at: create_tile (scene/resources/2d/tile_set.cpp:4986)
ERROR: The TileSetAtlasSource atlas has no tile at (6, 57).
   at: has_alternative_tile (scene/resources/2d/tile_set.cpp:5438)
ERROR: TileSetAtlasSource has no tile at (6, 57).
   at: create_alternative_tile (scene/resources/2d/tile_set.cpp:5386)
ERROR: Cannot create tile. The tile is outside the texture or tiles are already present in the space the tile would cover.
   at: create_tile (scene/resources/2d/tile_set.cpp:4986)
ERROR: The TileSetAtlasSource atlas has no tile at (7, 57).
   at: has_alternative_tile (scene/resources/2d/tile_set.cpp:5438)
ERROR: TileSetAtlasSource has no tile at (7, 57).
   at: create_alternative_tile (scene/resources/2d/tile_set.cpp:5386)
ERROR: Cannot create tile. The tile is outside the texture or tiles are already present in the space the tile would cover.
   at: create_tile (scene/resources/2d/tile_set.cpp:4986)
ERROR: The TileSetAtlasSource atlas has no tile at (8, 57).
   at: has_alternative_tile (scene/resources/2d/tile_set.cpp:5438)
ERROR: TileSetAtlasSource has no tile at (8, 57).
   at: create_alternative_tile (scene/resources/2d/tile_set.cpp:5386)
ERROR: Cannot create tile. The tile is outside the texture or tiles are already present in the space the tile would cover.
   at: create_tile (scene/resources/2d/tile_set.cpp:4986)
ERROR: The TileSetAtlasSource atlas has no tile at (9, 57).
   at: has_alternative_tile (scene/resources/2d/tile_set.cpp:5438)
ERROR: TileSetAtlasSource has no tile at (9, 57).
   at: create_alternative_tile (scene/resources/2d/tile_set.cpp:5386)
ERROR: Cannot create tile. The tile is outside the texture or tiles are already present in the space the tile would cover.
   at: create_tile (scene/resources/2d/tile_set.cpp:4986)
ERROR: The TileSetAtlasSource atlas has no tile at (10, 57).
   at: has_alternative_tile (scene/resources/2d/tile_set.cpp:5438)
ERROR: TileSetAtlasSource has no tile at (10, 57).
   at: create_alternative_tile (scene/resources/2d/tile_set.cpp:5386)
ERROR: Cannot create tile. The tile is outside the texture or tiles are already present in the space the tile would cover.
   at: create_tile (scene/resources/2d/tile_set.cpp:4986)
ERROR: The TileSetAtlasSource atlas has no tile at (11, 57).
   at: has_alternative_tile (scene/resources/2d/tile_set.cpp:5438)
ERROR: TileSetAtlasSource has no tile at (11, 57).
   at: create_alternative_tile (scene/resources/2d/tile_set.cpp:5386)
ERROR: Cannot create tile. The tile is outside the texture or tiles are already present in the space the tile would cover.
   at: create_tile (scene/resources/2d/tile_set.cpp:4986)
ERROR: The TileSetAtlasSource atlas has no tile at (12, 57).
   at: has_alternative_tile (scene/resources/2d/tile_set.cpp:5438)
ERROR: TileSetAtlasSource has no tile at (12, 57).
   at: create_alternative_tile (scene/resources/2d/tile_set.cpp:5386)
ERROR: Cannot create tile. The tile is outside the texture or tiles are already present in the space the tile would cover.
   at: create_tile (scene/resources/2d/tile_set.cpp:4986)
ERROR: The TileSetAtlasSource atlas has no tile at (13, 57).
   at: has_alternative_tile (scene/resources/2d/tile_set.cpp:5438)
ERROR: TileSetAtlasSource has no tile at (13, 57).
   at: create_alternative_tile (scene/resources/2d/tile_set.cpp:5386)
ERROR: Cannot create tile. The tile is outside the texture or tiles are already present in the space the tile would cover.
   at: create_tile (scene/resources/2d/tile_set.cpp:4986)
ERROR: The TileSetAtlasSource atlas has no tile at (14, 57).
   at: has_alternative_tile (scene/resources/2d/tile_set.cpp:5438)
ERROR: TileSetAtlasSource has no tile at (14, 57).
   at: create_alternative_tile (scene/resources/2d/tile_set.cpp:5386)
ERROR: Cannot create tile. The tile is outside the texture or tiles are already present in the space the tile would cover.
   at: create_tile (scene/resources/2d/tile_set.cpp:4986)
ERROR: The TileSetAtlasSource atlas has no tile at (15, 57).
   at: has_alternative_tile (scene/resources/2d/tile_set.cpp:5438)
ERROR: TileSetAtlasSource has no tile at (15, 57).
   at: create_alternative_tile (scene/resources/2d/tile_set.cpp:5386)
ERROR: Cannot create tile. The tile is outside the texture or tiles are already present in the space the tile would cover.
   at: create_tile (scene/resources/2d/tile_set.cpp:4986)
ERROR: The TileSetAtlasSource atlas has no tile at (0, 58).
   at: has_alternative_tile (scene/resources/2d/tile_set.cpp:5438)
ERROR: TileSetAtlasSource has no tile at (0, 58).
   at: create_alternative_tile (scene/resources/2d/tile_set.cpp:5386)
ERROR: Cannot create tile. The tile is outside the texture or tiles are already present in the space the tile would cover.
   at: create_tile (scene/resources/2d/tile_set.cpp:4986)
ERROR: The TileSetAtlasSource atlas has no tile at (1, 58).
   at: has_alternative_tile (scene/resources/2d/tile_set.cpp:5438)
ERROR: TileSetAtlasSource has no tile at (1, 58).
   at: create_alternative_tile (scene/resources/2d/tile_set.cpp:5386)
ERROR: Cannot create tile. The tile is outside the texture or tiles are already present in the space the tile would cover.
   at: create_tile (scene/resources/2d/tile_set.cpp:4986)
ERROR: The TileSetAtlasSource atlas has no tile at (2, 58).
   at: has_alternative_tile (scene/resources/2d/tile_set.cpp:5438)
ERROR: TileSetAtlasSource has no tile at (2, 58).
   at: create_alternative_tile (scene/resources/2d/tile_set.cpp:5386)
ERROR: Cannot create tile. The tile is outside the texture or tiles are already present in the space the tile would cover.
   at: create_tile (scene/resources/2d/tile_set.cpp:4986)
ERROR: The TileSetAtlasSource atlas has no tile at (3, 58).
   at: has_alternative_tile (scene/resources/2d/tile_set.cpp:5438)
ERROR: TileSetAtlasSource has no tile at (3, 58).
   at: create_alternative_tile (scene/resources/2d/tile_set.cpp:5386)
ERROR: Cannot create tile. The tile is outside the texture or tiles are already present in the space the tile would cover.
   at: create_tile (scene/resources/2d/tile_set.cpp:4986)
ERROR: The TileSetAtlasSource atlas has no tile at (4, 58).
   at: has_alternative_tile (scene/resources/2d/tile_set.cpp:5438)
ERROR: TileSetAtlasSource has no tile at (4, 58).
   at: create_alternative_tile (scene/resources/2d/tile_set.cpp:5386)
ERROR: Cannot create tile. The tile is outside the texture or tiles are already present in the space the tile would cover.
   at: create_tile (scene/resources/2d/tile_set.cpp:4986)
ERROR: The TileSetAtlasSource atlas has no tile at (5, 58).
   at: has_alternative_tile (scene/resources/2d/tile_set.cpp:5438)
ERROR: TileSetAtlasSource has no tile at (5, 58).
   at: create_alternative_tile (scene/resources/2d/tile_set.cpp:5386)
ERROR: Cannot create tile. The tile is outside the texture or tiles are already present in the space the tile would cover.
   at: create_tile (scene/resources/2d/tile_set.cpp:4986)
ERROR: The TileSetAtlasSource atlas has no tile at (6, 58).
   at: has_alternative_tile (scene/resources/2d/tile_set.cpp:5438)
ERROR: TileSetAtlasSource has no tile at (6, 58).
   at: create_alternative_tile (scene/resources/2d/tile_set.cpp:5386)
ERROR: Cannot create tile. The tile is outside the texture or tiles are already present in the space the tile would cover.
   at: create_tile (scene/resources/2d/tile_set.cpp:4986)
ERROR: The TileSetAtlasSource atlas has no tile at (7, 58).
   at: has_alternative_tile (scene/resources/2d/tile_set.cpp:5438)
ERROR: TileSetAtlasSource has no tile at (7, 58).
   at: create_alternative_tile (scene/resources/2d/tile_set.cpp:5386)
ERROR: Cannot create tile. The tile is outside the texture or tiles are already present in the space the tile would cover.
   at: create_tile (scene/resources/2d/tile_set.cpp:4986)
ERROR: The TileSetAtlasSource atlas has no tile at (8, 58).
   at: has_alternative_tile (scene/resources/2d/tile_set.cpp:5438)
ERROR: TileSetAtlasSource has no tile at (8, 58).
   at: create_alternative_tile (scene/resources/2d/tile_set.cpp:5386)
ERROR: Cannot create tile. The tile is outside the texture or tiles are already present in the space the tile would cover.
   at: create_tile (scene/resources/2d/tile_set.cpp:4986)
ERROR: The TileSetAtlasSource atlas has no tile at (9, 58).
   at: has_alternative_tile (scene/resources/2d/tile_set.cpp:5438)
ERROR: TileSetAtlasSource has no tile at (9, 58).
   at: create_alternative_tile (scene/resources/2d/tile_set.cpp:5386)
ERROR: Cannot create tile. The tile is outside the texture or tiles are already present in the space the tile would cover.
   at: create_tile (scene/resources/2d/tile_set.cpp:4986)
ERROR: The TileSetAtlasSource atlas has no tile at (10, 58).
   at: has_alternative_tile (scene/resources/2d/tile_set.cpp:5438)
ERROR: TileSetAtlasSource has no tile at (10, 58).
   at: create_alternative_tile (scene/resources/2d/tile_set.cpp:5386)
ERROR: Cannot create tile. The tile is outside the texture or tiles are already present in the space the tile would cover.
   at: create_tile (scene/resources/2d/tile_set.cpp:4986)
ERROR: The TileSetAtlasSource atlas has no tile at (11, 58).
   at: has_alternative_tile (scene/resources/2d/tile_set.cpp:5438)
ERROR: TileSetAtlasSource has no tile at (11, 58).
   at: create_alternative_tile (scene/resources/2d/tile_set.cpp:5386)
ERROR: Cannot create tile. The tile is outside the texture or tiles are already present in the space the tile would cover.
   at: create_tile (scene/resources/2d/tile_set.cpp:4986)
ERROR: The TileSetAtlasSource atlas has no tile at (12, 58).
   at: has_alternative_tile (scene/resources/2d/tile_set.cpp:5438)
ERROR: TileSetAtlasSource has no tile at (12, 58).
   at: create_alternative_tile (scene/resources/2d/tile_set.cpp:5386)
ERROR: Cannot create tile. The tile is outside the texture or tiles are already present in the space the tile would cover.
   at: create_tile (scene/resources/2d/tile_set.cpp:4986)
ERROR: The TileSetAtlasSource atlas has no tile at (13, 58).
   at: has_alternative_tile (scene/resources/2d/tile_set.cpp:5438)
ERROR: TileSetAtlasSource has no tile at (13, 58).
   at: create_alternative_tile (scene/resources/2d/tile_set.cpp:5386)
ERROR: Cannot create tile. The tile is outside the texture or tiles are already present in the space the tile would cover.
   at: create_tile (scene/resources/2d/tile_set.cpp:4986)
ERROR: The TileSetAtlasSource atlas has no tile at (0, 59).
   at: has_alternative_tile (scene/resources/2d/tile_set.cpp:5438)
ERROR: TileSetAtlasSource has no tile at (0, 59).
   at: create_alternative_tile (scene/resources/2d/tile_set.cpp:5386)
ERROR: Cannot create tile. The tile is outside the texture or tiles are already present in the space the tile would cover.
   at: create_tile (scene/resources/2d/tile_set.cpp:4986)
ERROR: The TileSetAtlasSource atlas has no tile at (1, 59).
   at: has_alternative_tile (scene/resources/2d/tile_set.cpp:5438)
ERROR: TileSetAtlasSource has no tile at (1, 59).
   at: create_alternative_tile (scene/resources/2d/tile_set.cpp:5386)
ERROR: Cannot create tile. The tile is outside the texture or tiles are already present in the space the tile would cover.
   at: create_tile (scene/resources/2d/tile_set.cpp:4986)
ERROR: The TileSetAtlasSource atlas has no tile at (2, 59).
   at: has_alternative_tile (scene/resources/2d/tile_set.cpp:5438)
ERROR: TileSetAtlasSource has no tile at (2, 59).
   at: create_alternative_tile (scene/resources/2d/tile_set.cpp:5386)
ERROR: Cannot create tile. The tile is outside the texture or tiles are already present in the space the tile would cover.
   at: create_tile (scene/resources/2d/tile_set.cpp:4986)
ERROR: The TileSetAtlasSource atlas has no tile at (3, 59).
   at: has_alternative_tile (scene/resources/2d/tile_set.cpp:5438)
ERROR: TileSetAtlasSource has no tile at (3, 59).
   at: create_alternative_tile (scene/resources/2d/tile_set.cpp:5386)
ERROR: Cannot create tile. The tile is outside the texture or tiles are already present in the space the tile would cover.
   at: create_tile (scene/resources/2d/tile_set.cpp:4986)
ERROR: The TileSetAtlasSource atlas has no tile at (4, 59).
   at: has_alternative_tile (scene/resources/2d/tile_set.cpp:5438)
ERROR: TileSetAtlasSource has no tile at (4, 59).
   at: create_alternative_tile (scene/resources/2d/tile_set.cpp:5386)
ERROR: Cannot create tile. The tile is outside the texture or tiles are already present in the space the tile would cover.
   at: create_tile (scene/resources/2d/tile_set.cpp:4986)
ERROR: The TileSetAtlasSource atlas has no tile at (5, 59).
   at: has_alternative_tile (scene/resources/2d/tile_set.cpp:5438)
ERROR: TileSetAtlasSource has no tile at (5, 59).
   at: create_alternative_tile (scene/resources/2d/tile_set.cpp:5386)
ERROR: Cannot create tile. The tile is outside the texture or tiles are already present in the space the tile would cover.
   at: create_tile (scene/resources/2d/tile_set.cpp:4986)
ERROR: The TileSetAtlasSource atlas has no tile at (6, 59).
   at: has_alternative_tile (scene/resources/2d/tile_set.cpp:5438)
ERROR: TileSetAtlasSource has no tile at (6, 59).
   at: create_alternative_tile (scene/resources/2d/tile_set.cpp:5386)
ERROR: Cannot create tile. The tile is outside the texture or tiles are already present in the space the tile would cover.
   at: create_tile (scene/resources/2d/tile_set.cpp:4986)
ERROR: The TileSetAtlasSource atlas has no tile at (7, 59).
   at: has_alternative_tile (scene/resources/2d/tile_set.cpp:5438)
ERROR: TileSetAtlasSource has no tile at (7, 59).
   at: create_alternative_tile (scene/resources/2d/tile_set.cpp:5386)
ERROR: Cannot create tile. The tile is outside the texture or tiles are already present in the space the tile would cover.
   at: create_tile (scene/resources/2d/tile_set.cpp:4986)
ERROR: The TileSetAtlasSource atlas has no tile at (8, 59).
   at: has_alternative_tile (scene/resources/2d/tile_set.cpp:5438)
ERROR: TileSetAtlasSource has no tile at (8, 59).
   at: create_alternative_tile (scene/resources/2d/tile_set.cpp:5386)
ERROR: Cannot create tile. The tile is outside the texture or tiles are already present in the space the tile would cover.
   at: create_tile (scene/resources/2d/tile_set.cpp:4986)
ERROR: The TileSetAtlasSource atlas has no tile at (9, 59).
   at: has_alternative_tile (scene/resources/2d/tile_set.cpp:5438)
ERROR: TileSetAtlasSource has no tile at (9, 59).
   at: create_alternative_tile (scene/resources/2d/tile_set.cpp:5386)
ERROR: Cannot create tile. The tile is outside the texture or tiles are already present in the space the tile would cover.
   at: create_tile (scene/resources/2d/tile_set.cpp:4986)
ERROR: The TileSetAtlasSource atlas has no tile at (10, 59).
   at: has_alternative_tile (scene/resources/2d/tile_set.cpp:5438)
ERROR: TileSetAtlasSource has no tile at (10, 59).
   at: create_alternative_tile (scene/resources/2d/tile_set.cpp:5386)
ERROR: Cannot create tile. The tile is outside the texture or tiles are already present in the space the tile would cover.
   at: create_tile (scene/resources/2d/tile_set.cpp:4986)
ERROR: The TileSetAtlasSource atlas has no tile at (11, 59).
   at: has_alternative_tile (scene/resources/2d/tile_set.cpp:5438)
ERROR: TileSetAtlasSource has no tile at (11, 59).
   at: create_alternative_tile (scene/resources/2d/tile_set.cpp:5386)
ERROR: Cannot create tile. The tile is outside the texture or tiles are already present in the space the tile would cover.
   at: create_tile (scene/resources/2d/tile_set.cpp:4986)
ERROR: The TileSetAtlasSource atlas has no tile at (12, 59).
   at: has_alternative_tile (scene/resources/2d/tile_set.cpp:5438)
ERROR: TileSetAtlasSource has no tile at (12, 59).
   at: create_alternative_tile (scene/resources/2d/tile_set.cpp:5386)
ERROR: Cannot create tile. The tile is outside the texture or tiles are already present in the space the tile would cover.
   at: create_tile (scene/resources/2d/tile_set.cpp:4986)
ERROR: The TileSetAtlasSource atlas has no tile at (13, 59).
   at: has_alternative_tile (scene/resources/2d/tile_set.cpp:5438)
ERROR: TileSetAtlasSource has no tile at (13, 59).
   at: create_alternative_tile (scene/resources/2d/tile_set.cpp:5386)
ERROR: Cannot create tile. The tile is outside the texture or tiles are already present in the space the tile would cover.
   at: create_tile (scene/resources/2d/tile_set.cpp:4986)
ERROR: The TileSetAtlasSource atlas has no tile at (0, 60).
   at: has_alternative_tile (scene/resources/2d/tile_set.cpp:5438)
ERROR: TileSetAtlasSource has no tile at (0, 60).
   at: create_alternative_tile (scene/resources/2d/tile_set.cpp:5386)
ERROR: Cannot create tile. The tile is outside the texture or tiles are already present in the space the tile would cover.
   at: create_tile (scene/resources/2d/tile_set.cpp:4986)
ERROR: The TileSetAtlasSource atlas has no tile at (1, 60).
   at: has_alternative_tile (scene/resources/2d/tile_set.cpp:5438)
ERROR: TileSetAtlasSource has no tile at (1, 60).
   at: create_alternative_tile (scene/resources/2d/tile_set.cpp:5386)
ERROR: Cannot create tile. The tile is outside the texture or tiles are already present in the space the tile would cover.
   at: create_tile (scene/resources/2d/tile_set.cpp:4986)
ERROR: The TileSetAtlasSource atlas has no tile at (2, 60).
   at: has_alternative_tile (scene/resources/2d/tile_set.cpp:5438)
ERROR: TileSetAtlasSource has no tile at (2, 60).
   at: create_alternative_tile (scene/resources/2d/tile_set.cpp:5386)
ERROR: Cannot create tile. The tile is outside the texture or tiles are already present in the space the tile would cover.
   at: create_tile (scene/resources/2d/tile_set.cpp:4986)
ERROR: The TileSetAtlasSource atlas has no tile at (3, 60).
   at: has_alternative_tile (scene/resources/2d/tile_set.cpp:5438)
ERROR: TileSetAtlasSource has no tile at (3, 60).
   at: create_alternative_tile (scene/resources/2d/tile_set.cpp:5386)
ERROR: Cannot create tile. The tile is outside the texture or tiles are already present in the space the tile would cover.
   at: create_tile (scene/resources/2d/tile_set.cpp:4986)
ERROR: The TileSetAtlasSource atlas has no tile at (4, 60).
   at: has_alternative_tile (scene/resources/2d/tile_set.cpp:5438)
ERROR: TileSetAtlasSource has no tile at (4, 60).
   at: create_alternative_tile (scene/resources/2d/tile_set.cpp:5386)
ERROR: Cannot create tile. The tile is outside the texture or tiles are already present in the space the tile would cover.
   at: create_tile (scene/resources/2d/tile_set.cpp:4986)
ERROR: The TileSetAtlasSource atlas has no tile at (5, 60).
   at: has_alternative_tile (scene/resources/2d/tile_set.cpp:5438)
ERROR: TileSetAtlasSource has no tile at (5, 60).
   at: create_alternative_tile (scene/resources/2d/tile_set.cpp:5386)
ERROR: Cannot create tile. The tile is outside the texture or tiles are already present in the space the tile would cover.
   at: create_tile (scene/resources/2d/tile_set.cpp:4986)
ERROR: The TileSetAtlasSource atlas has no tile at (6, 60).
   at: has_alternative_tile (scene/resources/2d/tile_set.cpp:5438)
ERROR: TileSetAtlasSource has no tile at (6, 60).
   at: create_alternative_tile (scene/resources/2d/tile_set.cpp:5386)
ERROR: Cannot create tile. The tile is outside the texture or tiles are already present in the space the tile would cover.
   at: create_tile (scene/resources/2d/tile_set.cpp:4986)
ERROR: The TileSetAtlasSource atlas has no tile at (7, 60).
   at: has_alternative_tile (scene/resources/2d/tile_set.cpp:5438)
ERROR: TileSetAtlasSource has no tile at (7, 60).
   at: create_alternative_tile (scene/resources/2d/tile_set.cpp:5386)
ERROR: Cannot create tile. The tile is outside the texture or tiles are already present in the space the tile would cover.
   at: create_tile (scene/resources/2d/tile_set.cpp:4986)
ERROR: The TileSetAtlasSource atlas has no tile at (8, 60).
   at: has_alternative_tile (scene/resources/2d/tile_set.cpp:5438)
ERROR: TileSetAtlasSource has no tile at (8, 60).
   at: create_alternative_tile (scene/resources/2d/tile_set.cpp:5386)
ERROR: Cannot create tile. The tile is outside the texture or tiles are already present in the space the tile would cover.
   at: create_tile (scene/resources/2d/tile_set.cpp:4986)
ERROR: The TileSetAtlasSource atlas has no tile at (9, 60).
   at: has_alternative_tile (scene/resources/2d/tile_set.cpp:5438)
ERROR: TileSetAtlasSource has no tile at (9, 60).
   at: create_alternative_tile (scene/resources/2d/tile_set.cpp:5386)
ERROR: Cannot create tile. The tile is outside the texture or tiles are already present in the space the tile would cover.
   at: create_tile (scene/resources/2d/tile_set.cpp:4986)
ERROR: The TileSetAtlasSource atlas has no tile at (10, 60).
   at: has_alternative_tile (scene/resources/2d/tile_set.cpp:5438)
ERROR: TileSetAtlasSource has no tile at (10, 60).
   at: create_alternative_tile (scene/resources/2d/tile_set.cpp:5386)
ERROR: Cannot create tile. The tile is outside the texture or tiles are already present in the space the tile would cover.
   at: create_tile (scene/resources/2d/tile_set.cpp:4986)
ERROR: The TileSetAtlasSource atlas has no tile at (11, 60).
   at: has_alternative_tile (scene/resources/2d/tile_set.cpp:5438)
ERROR: TileSetAtlasSource has no tile at (11, 60).
   at: create_alternative_tile (scene/resources/2d/tile_set.cpp:5386)
ERROR: Cannot create tile. The tile is outside the texture or tiles are already present in the space the tile would cover.
   at: create_tile (scene/resources/2d/tile_set.cpp:4986)
ERROR: The TileSetAtlasSource atlas has no tile at (12, 60).
   at: has_alternative_tile (scene/resources/2d/tile_set.cpp:5438)
ERROR: TileSetAtlasSource has no tile at (12, 60).
   at: create_alternative_tile (scene/resources/2d/tile_set.cpp:5386)
ERROR: Cannot create tile. The tile is outside the texture or tiles are already present in the space the tile would cover.
   at: create_tile (scene/resources/2d/tile_set.cpp:4986)
ERROR: The TileSetAtlasSource atlas has no tile at (13, 60).
   at: has_alternative_tile (scene/resources/2d/tile_set.cpp:5438)
ERROR: TileSetAtlasSource has no tile at (13, 60).
   at: create_alternative_tile (scene/resources/2d/tile_set.cpp:5386)
ERROR: Cannot create tile. The tile is outside the texture or tiles are already present in the space the tile would cover.
   at: create_tile (scene/resources/2d/tile_set.cpp:4986)
ERROR: The TileSetAtlasSource atlas has no tile at (14, 60).
   at: has_alternative_tile (scene/resources/2d/tile_set.cpp:5438)
ERROR: TileSetAtlasSource has no tile at (14, 60).
   at: create_alternative_tile (scene/resources/2d/tile_set.cpp:5386)
ERROR: Cannot create tile. The tile is outside the texture or tiles are already present in the space the tile would cover.
   at: create_tile (scene/resources/2d/tile_set.cpp:4986)
ERROR: The TileSetAtlasSource atlas has no tile at (15, 60).
   at: has_alternative_tile (scene/resources/2d/tile_set.cpp:5438)
ERROR: TileSetAtlasSource has no tile at (15, 60).
   at: create_alternative_tile (scene/resources/2d/tile_set.cpp:5386)
ERROR: Cannot create tile. The tile is outside the texture or tiles are already present in the space the tile would cover.
   at: create_tile (scene/resources/2d/tile_set.cpp:4986)
ERROR: The TileSetAtlasSource atlas has no tile at (0, 61).
   at: has_alternative_tile (scene/resources/2d/tile_set.cpp:5438)
ERROR: TileSetAtlasSource has no tile at (0, 61).
   at: create_alternative_tile (scene/resources/2d/tile_set.cpp:5386)
ERROR: Cannot create tile. The tile is outside the texture or tiles are already present in the space the tile would cover.
   at: create_tile (scene/resources/2d/tile_set.cpp:4986)
ERROR: The TileSetAtlasSource atlas has no tile at (1, 61).
   at: has_alternative_tile (scene/resources/2d/tile_set.cpp:5438)
ERROR: TileSetAtlasSource has no tile at (1, 61).
   at: create_alternative_tile (scene/resources/2d/tile_set.cpp:5386)
ERROR: Cannot create tile. The tile is outside the texture or tiles are already present in the space the tile would cover.
   at: create_tile (scene/resources/2d/tile_set.cpp:4986)
ERROR: The TileSetAtlasSource atlas has no tile at (2, 61).
   at: has_alternative_tile (scene/resources/2d/tile_set.cpp:5438)
ERROR: TileSetAtlasSource has no tile at (2, 61).
   at: create_alternative_tile (scene/resources/2d/tile_set.cpp:5386)
ERROR: Cannot create tile. The tile is outside the texture or tiles are already present in the space the tile would cover.
   at: create_tile (scene/resources/2d/tile_set.cpp:4986)
ERROR: The TileSetAtlasSource atlas has no tile at (3, 61).
   at: has_alternative_tile (scene/resources/2d/tile_set.cpp:5438)
ERROR: TileSetAtlasSource has no tile at (3, 61).
   at: create_alternative_tile (scene/resources/2d/tile_set.cpp:5386)
ERROR: Cannot create tile. The tile is outside the texture or tiles are already present in the space the tile would cover.
   at: create_tile (scene/resources/2d/tile_set.cpp:4986)
ERROR: The TileSetAtlasSource atlas has no tile at (4, 61).
   at: has_alternative_tile (scene/resources/2d/tile_set.cpp:5438)
ERROR: TileSetAtlasSource has no tile at (4, 61).
   at: create_alternative_tile (scene/resources/2d/tile_set.cpp:5386)
ERROR: Cannot create tile. The tile is outside the texture or tiles are already present in the space the tile would cover.
   at: create_tile (scene/resources/2d/tile_set.cpp:4986)
ERROR: The TileSetAtlasSource atlas has no tile at (5, 61).
   at: has_alternative_tile (scene/resources/2d/tile_set.cpp:5438)
ERROR: TileSetAtlasSource has no tile at (5, 61).
   at: create_alternative_tile (scene/resources/2d/tile_set.cpp:5386)
ERROR: Cannot create tile. The tile is outside the texture or tiles are already present in the space the tile would cover.
   at: create_tile (scene/resources/2d/tile_set.cpp:4986)
ERROR: The TileSetAtlasSource atlas has no tile at (6, 61).
   at: has_alternative_tile (scene/resources/2d/tile_set.cpp:5438)
ERROR: TileSetAtlasSource has no tile at (6, 61).
   at: create_alternative_tile (scene/resources/2d/tile_set.cpp:5386)
ERROR: Cannot create tile. The tile is outside the texture or tiles are already present in the space the tile would cover.
   at: create_tile (scene/resources/2d/tile_set.cpp:4986)
ERROR: The TileSetAtlasSource atlas has no tile at (7, 61).
   at: has_alternative_tile (scene/resources/2d/tile_set.cpp:5438)
ERROR: TileSetAtlasSource has no tile at (7, 61).
   at: create_alternative_tile (scene/resources/2d/tile_set.cpp:5386)
ERROR: Cannot create tile. The tile is outside the texture or tiles are already present in the space the tile would cover.
   at: create_tile (scene/resources/2d/tile_set.cpp:4986)
ERROR: The TileSetAtlasSource atlas has no tile at (8, 61).
   at: has_alternative_tile (scene/resources/2d/tile_set.cpp:5438)
ERROR: TileSetAtlasSource has no tile at (8, 61).
   at: create_alternative_tile (scene/resources/2d/tile_set.cpp:5386)
ERROR: Cannot create tile. The tile is outside the texture or tiles are already present in the space the tile would cover.
   at: create_tile (scene/resources/2d/tile_set.cpp:4986)
ERROR: The TileSetAtlasSource atlas has no tile at (9, 61).
   at: has_alternative_tile (scene/resources/2d/tile_set.cpp:5438)
ERROR: TileSetAtlasSource has no tile at (9, 61).
   at: create_alternative_tile (scene/resources/2d/tile_set.cpp:5386)
ERROR: Cannot create tile. The tile is outside the texture or tiles are already present in the space the tile would cover.
   at: create_tile (scene/resources/2d/tile_set.cpp:4986)
ERROR: The TileSetAtlasSource atlas has no tile at (10, 61).
   at: has_alternative_tile (scene/resources/2d/tile_set.cpp:5438)
ERROR: TileSetAtlasSource has no tile at (10, 61).
   at: create_alternative_tile (scene/resources/2d/tile_set.cpp:5386)
ERROR: Cannot create tile. The tile is outside the texture or tiles are already present in the space the tile would cover.
   at: create_tile (scene/resources/2d/tile_set.cpp:4986)
ERROR: The TileSetAtlasSource atlas has no tile at (11, 61).
   at: has_alternative_tile (scene/resources/2d/tile_set.cpp:5438)
ERROR: TileSetAtlasSource has no tile at (11, 61).
   at: create_alternative_tile (scene/resources/2d/tile_set.cpp:5386)
ERROR: Cannot create tile. The tile is outside the texture or tiles are already present in the space the tile would cover.
   at: create_tile (scene/resources/2d/tile_set.cpp:4986)
ERROR: The TileSetAtlasSource atlas has no tile at (12, 61).
   at: has_alternative_tile (scene/resources/2d/tile_set.cpp:5438)
ERROR: TileSetAtlasSource has no tile at (12, 61).
   at: create_alternative_tile (scene/resources/2d/tile_set.cpp:5386)
ERROR: Cannot create tile. The tile is outside the texture or tiles are already present in the space the tile would cover.
   at: create_tile (scene/resources/2d/tile_set.cpp:4986)
ERROR: The TileSetAtlasSource atlas has no tile at (13, 61).
   at: has_alternative_tile (scene/resources/2d/tile_set.cpp:5438)
ERROR: TileSetAtlasSource has no tile at (13, 61).
   at: create_alternative_tile (scene/resources/2d/tile_set.cpp:5386)
ERROR: Cannot create tile. The tile is outside the texture or tiles are already present in the space the tile would cover.
   at: create_tile (scene/resources/2d/tile_set.cpp:4986)
ERROR: The TileSetAtlasSource atlas has no tile at (14, 61).
   at: has_alternative_tile (scene/resources/2d/tile_set.cpp:5438)
ERROR: TileSetAtlasSource has no tile at (14, 61).
   at: create_alternative_tile (scene/resources/2d/tile_set.cpp:5386)
ERROR: Cannot create tile. The tile is outside the texture or tiles are already present in the space the tile would cover.
   at: create_tile (scene/resources/2d/tile_set.cpp:4986)
ERROR: The TileSetAtlasSource atlas has no tile at (15, 61).
   at: has_alternative_tile (scene/resources/2d/tile_set.cpp:5438)
ERROR: TileSetAtlasSource has no tile at (15, 61).
   at: create_alternative_tile (scene/resources/2d/tile_set.cpp:5386)
ERROR: Cannot create tile. The tile is outside the texture or tiles are already present in the space the tile would cover.
   at: create_tile (scene/resources/2d/tile_set.cpp:4986)
ERROR: The TileSetAtlasSource atlas has no tile at (0, 62).
   at: has_alternative_tile (scene/resources/2d/tile_set.cpp:5438)
ERROR: TileSetAtlasSource has no tile at (0, 62).
   at: create_alternative_tile (scene/resources/2d/tile_set.cpp:5386)
ERROR: Cannot create tile. The tile is outside the texture or tiles are already present in the space the tile would cover.
   at: create_tile (scene/resources/2d/tile_set.cpp:4986)
ERROR: The TileSetAtlasSource atlas has no tile at (1, 62).
   at: has_alternative_tile (scene/resources/2d/tile_set.cpp:5438)
ERROR: TileSetAtlasSource has no tile at (1, 62).
   at: create_alternative_tile (scene/resources/2d/tile_set.cpp:5386)
ERROR: Cannot create tile. The tile is outside the texture or tiles are already present in the space the tile would cover.
   at: create_tile (scene/resources/2d/tile_set.cpp:4986)
ERROR: The TileSetAtlasSource atlas has no tile at (2, 62).
   at: has_alternative_tile (scene/resources/2d/tile_set.cpp:5438)
ERROR: TileSetAtlasSource has no tile at (2, 62).
   at: create_alternative_tile (scene/resources/2d/tile_set.cpp:5386)
ERROR: Cannot create tile. The tile is outside the texture or tiles are already present in the space the tile would cover.
   at: create_tile (scene/resources/2d/tile_set.cpp:4986)
ERROR: The TileSetAtlasSource atlas has no tile at (3, 62).
   at: has_alternative_tile (scene/resources/2d/tile_set.cpp:5438)
ERROR: TileSetAtlasSource has no tile at (3, 62).
   at: create_alternative_tile (scene/resources/2d/tile_set.cpp:5386)
ERROR: Cannot create tile. The tile is outside the texture or tiles are already present in the space the tile would cover.
   at: create_tile (scene/resources/2d/tile_set.cpp:4986)
ERROR: The TileSetAtlasSource atlas has no tile at (4, 62).
   at: has_alternative_tile (scene/resources/2d/tile_set.cpp:5438)
ERROR: TileSetAtlasSource has no tile at (4, 62).
   at: create_alternative_tile (scene/resources/2d/tile_set.cpp:5386)
ERROR: Cannot create tile. The tile is outside the texture or tiles are already present in the space the tile would cover.
   at: create_tile (scene/resources/2d/tile_set.cpp:4986)
ERROR: The TileSetAtlasSource atlas has no tile at (5, 62).
   at: has_alternative_tile (scene/resources/2d/tile_set.cpp:5438)
ERROR: TileSetAtlasSource has no tile at (5, 62).
   at: create_alternative_tile (scene/resources/2d/tile_set.cpp:5386)
ERROR: Cannot create tile. The tile is outside the texture or tiles are already present in the space the tile would cover.
   at: create_tile (scene/resources/2d/tile_set.cpp:4986)
ERROR: The TileSetAtlasSource atlas has no tile at (6, 62).
   at: has_alternative_tile (scene/resources/2d/tile_set.cpp:5438)
ERROR: TileSetAtlasSource has no tile at (6, 62).
   at: create_alternative_tile (scene/resources/2d/tile_set.cpp:5386)
ERROR: Cannot create tile. The tile is outside the texture or tiles are already present in the space the tile would cover.
   at: create_tile (scene/resources/2d/tile_set.cpp:4986)
ERROR: The TileSetAtlasSource atlas has no tile at (7, 62).
   at: has_alternative_tile (scene/resources/2d/tile_set.cpp:5438)
ERROR: TileSetAtlasSource has no tile at (7, 62).
   at: create_alternative_tile (scene/resources/2d/tile_set.cpp:5386)
ERROR: Cannot create tile. The tile is outside the texture or tiles are already present in the space the tile would cover.
   at: create_tile (scene/resources/2d/tile_set.cpp:4986)
ERROR: The TileSetAtlasSource atlas has no tile at (8, 62).
   at: has_alternative_tile (scene/resources/2d/tile_set.cpp:5438)
ERROR: TileSetAtlasSource has no tile at (8, 62).
   at: create_alternative_tile (scene/resources/2d/tile_set.cpp:5386)
ERROR: Cannot create tile. The tile is outside the texture or tiles are already present in the space the tile would cover.
   at: create_tile (scene/resources/2d/tile_set.cpp:4986)
ERROR: The TileSetAtlasSource atlas has no tile at (9, 62).
   at: has_alternative_tile (scene/resources/2d/tile_set.cpp:5438)
ERROR: TileSetAtlasSource has no tile at (9, 62).
   at: create_alternative_tile (scene/resources/2d/tile_set.cpp:5386)
ERROR: Cannot create tile. The tile is outside the texture or tiles are already present in the space the tile would cover.
   at: create_tile (scene/resources/2d/tile_set.cpp:4986)
ERROR: The TileSetAtlasSource atlas has no tile at (10, 62).
   at: has_alternative_tile (scene/resources/2d/tile_set.cpp:5438)
ERROR: TileSetAtlasSource has no tile at (10, 62).
   at: create_alternative_tile (scene/resources/2d/tile_set.cpp:5386)
ERROR: Cannot create tile. The tile is outside the texture or tiles are already present in the space the tile would cover.
   at: create_tile (scene/resources/2d/tile_set.cpp:4986)
ERROR: The TileSetAtlasSource atlas has no tile at (11, 62).
   at: has_alternative_tile (scene/resources/2d/tile_set.cpp:5438)
ERROR: TileSetAtlasSource has no tile at (11, 62).
   at: create_alternative_tile (scene/resources/2d/tile_set.cpp:5386)
ERROR: Cannot create tile. The tile is outside the texture or tiles are already present in the space the tile would cover.
   at: create_tile (scene/resources/2d/tile_set.cpp:4986)
ERROR: The TileSetAtlasSource atlas has no tile at (12, 62).
   at: has_alternative_tile (scene/resources/2d/tile_set.cpp:5438)
ERROR: TileSetAtlasSource has no tile at (12, 62).
   at: create_alternative_tile (scene/resources/2d/tile_set.cpp:5386)
ERROR: Cannot create tile. The tile is outside the texture or tiles are already present in the space the tile would cover.
   at: create_tile (scene/resources/2d/tile_set.cpp:4986)
ERROR: The TileSetAtlasSource atlas has no tile at (13, 62).
   at: has_alternative_tile (scene/resources/2d/tile_set.cpp:5438)
ERROR: TileSetAtlasSource has no tile at (13, 62).
   at: create_alternative_tile (scene/resources/2d/tile_set.cpp:5386)
ERROR: Cannot create tile. The tile is outside the texture or tiles are already present in the space the tile would cover.
   at: create_tile (scene/resources/2d/tile_set.cpp:4986)
ERROR: The TileSetAtlasSource atlas has no tile at (14, 62).
   at: has_alternative_tile (scene/resources/2d/tile_set.cpp:5438)
ERROR: TileSetAtlasSource has no tile at (14, 62).
   at: create_alternative_tile (scene/resources/2d/tile_set.cpp:5386)
ERROR: Cannot create tile. The tile is outside the texture or tiles are already present in the space the tile would cover.
   at: create_tile (scene/resources/2d/tile_set.cpp:4986)
ERROR: The TileSetAtlasSource atlas has no tile at (15, 62).
   at: has_alternative_tile (scene/resources/2d/tile_set.cpp:5438)
ERROR: TileSetAtlasSource has no tile at (15, 62).
   at: create_alternative_tile (scene/resources/2d/tile_set.cpp:5386)
ERROR: Cannot create tile. The tile is outside the texture or tiles are already present in the space the tile would cover.
   at: create_tile (scene/resources/2d/tile_set.cpp:4986)
ERROR: The TileSetAtlasSource atlas has no tile at (0, 63).
   at: has_alternative_tile (scene/resources/2d/tile_set.cpp:5438)
ERROR: TileSetAtlasSource has no tile at (0, 63).
   at: create_alternative_tile (scene/resources/2d/tile_set.cpp:5386)
ERROR: Cannot create tile. The tile is outside the texture or tiles are already present in the space the tile would cover.
   at: create_tile (scene/resources/2d/tile_set.cpp:4986)
ERROR: The TileSetAtlasSource atlas has no tile at (1, 63).
   at: has_alternative_tile (scene/resources/2d/tile_set.cpp:5438)
ERROR: TileSetAtlasSource has no tile at (1, 63).
   at: create_alternative_tile (scene/resources/2d/tile_set.cpp:5386)
ERROR: Cannot create tile. The tile is outside the texture or tiles are already present in the space the tile would cover.
   at: create_tile (scene/resources/2d/tile_set.cpp:4986)
ERROR: The TileSetAtlasSource atlas has no tile at (2, 63).
   at: has_alternative_tile (scene/resources/2d/tile_set.cpp:5438)
ERROR: TileSetAtlasSource has no tile at (2, 63).
   at: create_alternative_tile (scene/resources/2d/tile_set.cpp:5386)
ERROR: Cannot create tile. The tile is outside the texture or tiles are already present in the space the tile would cover.
   at: create_tile (scene/resources/2d/tile_set.cpp:4986)
ERROR: The TileSetAtlasSource atlas has no tile at (3, 63).
   at: has_alternative_tile (scene/resources/2d/tile_set.cpp:5438)
ERROR: TileSetAtlasSource has no tile at (3, 63).
   at: create_alternative_tile (scene/resources/2d/tile_set.cpp:5386)
ERROR: Cannot create tile. The tile is outside the texture or tiles are already present in the space the tile would cover.
   at: create_tile (scene/resources/2d/tile_set.cpp:4986)
ERROR: The TileSetAtlasSource atlas has no tile at (4, 63).
   at: has_alternative_tile (scene/resources/2d/tile_set.cpp:5438)
ERROR: TileSetAtlasSource has no tile at (4, 63).
   at: create_alternative_tile (scene/resources/2d/tile_set.cpp:5386)
ERROR: Cannot create tile. The tile is outside the texture or tiles are already present in the space the tile would cover.
   at: create_tile (scene/resources/2d/tile_set.cpp:4986)
ERROR: The TileSetAtlasSource atlas has no tile at (5, 63).
   at: has_alternative_tile (scene/resources/2d/tile_set.cpp:5438)
ERROR: TileSetAtlasSource has no tile at (5, 63).
   at: create_alternative_tile (scene/resources/2d/tile_set.cpp:5386)
ERROR: Cannot create tile. The tile is outside the texture or tiles are already present in the space the tile would cover.
   at: create_tile (scene/resources/2d/tile_set.cpp:4986)
ERROR: The TileSetAtlasSource atlas has no tile at (6, 63).
   at: has_alternative_tile (scene/resources/2d/tile_set.cpp:5438)
ERROR: TileSetAtlasSource has no tile at (6, 63).
   at: create_alternative_tile (scene/resources/2d/tile_set.cpp:5386)
ERROR: Cannot create tile. The tile is outside the texture or tiles are already present in the space the tile would cover.
   at: create_tile (scene/resources/2d/tile_set.cpp:4986)
ERROR: The TileSetAtlasSource atlas has no tile at (7, 63).
   at: has_alternative_tile (scene/resources/2d/tile_set.cpp:5438)
ERROR: TileSetAtlasSource has no tile at (7, 63).
   at: create_alternative_tile (scene/resources/2d/tile_set.cpp:5386)
ERROR: Cannot create tile. The tile is outside the texture or tiles are already present in the space the tile would cover.
   at: create_tile (scene/resources/2d/tile_set.cpp:4986)
ERROR: The TileSetAtlasSource atlas has no tile at (8, 63).
   at: has_alternative_tile (scene/resources/2d/tile_set.cpp:5438)
ERROR: TileSetAtlasSource has no tile at (8, 63).
   at: create_alternative_tile (scene/resources/2d/tile_set.cpp:5386)
ERROR: Cannot create tile. The tile is outside the texture or tiles are already present in the space the tile would cover.
   at: create_tile (scene/resources/2d/tile_set.cpp:4986)
ERROR: The TileSetAtlasSource atlas has no tile at (9, 63).
   at: has_alternative_tile (scene/resources/2d/tile_set.cpp:5438)
ERROR: TileSetAtlasSource has no tile at (9, 63).
   at: create_alternative_tile (scene/resources/2d/tile_set.cpp:5386)
ERROR: Cannot create tile. The tile is outside the texture or tiles are already present in the space the tile would cover.
   at: create_tile (scene/resources/2d/tile_set.cpp:4986)
ERROR: The TileSetAtlasSource atlas has no tile at (10, 63).
   at: has_alternative_tile (scene/resources/2d/tile_set.cpp:5438)
ERROR: TileSetAtlasSource has no tile at (10, 63).
   at: create_alternative_tile (scene/resources/2d/tile_set.cpp:5386)
ERROR: Cannot create tile. The tile is outside the texture or tiles are already present in the space the tile would cover.
   at: create_tile (scene/resources/2d/tile_set.cpp:4986)
ERROR: The TileSetAtlasSource atlas has no tile at (11, 63).
   at: has_alternative_tile (scene/resources/2d/tile_set.cpp:5438)
ERROR: TileSetAtlasSource has no tile at (11, 63).
   at: create_alternative_tile (scene/resources/2d/tile_set.cpp:5386)
ERROR: Cannot create tile. The tile is outside the texture or tiles are already present in the space the tile would cover.
   at: create_tile (scene/resources/2d/tile_set.cpp:4986)
ERROR: The TileSetAtlasSource atlas has no tile at (12, 63).
   at: has_alternative_tile (scene/resources/2d/tile_set.cpp:5438)
ERROR: TileSetAtlasSource has no tile at (12, 63).
   at: create_alternative_tile (scene/resources/2d/tile_set.cpp:5386)
ERROR: Cannot create tile. The tile is outside the texture or tiles are already present in the space the tile would cover.
   at: create_tile (scene/resources/2d/tile_set.cpp:4986)
ERROR: The TileSetAtlasSource atlas has no tile at (13, 63).
   at: has_alternative_tile (scene/resources/2d/tile_set.cpp:5438)
ERROR: TileSetAtlasSource has no tile at (13, 63).
   at: create_alternative_tile (scene/resources/2d/tile_set.cpp:5386)
ERROR: Cannot create tile. The tile is outside the texture or tiles are already present in the space the tile would cover.
   at: create_tile (scene/resources/2d/tile_set.cpp:4986)
ERROR: The TileSetAtlasSource atlas has no tile at (14, 63).
   at: has_alternative_tile (scene/resources/2d/tile_set.cpp:5438)
ERROR: TileSetAtlasSource has no tile at (14, 63).
   at: create_alternative_tile (scene/resources/2d/tile_set.cpp:5386)
ERROR: Cannot create tile. The tile is outside the texture or tiles are already present in the space the tile would cover.
   at: create_tile (scene/resources/2d/tile_set.cpp:4986)
ERROR: The TileSetAtlasSource atlas has no tile at (15, 63).
   at: has_alternative_tile (scene/resources/2d/tile_set.cpp:5438)
ERROR: TileSetAtlasSource has no tile at (15, 63).
   at: create_alternative_tile (scene/resources/2d/tile_set.cpp:5386)
ERROR: Cannot create tile. The tile is outside the texture or tiles are already present in the space the tile would cover.
   at: create_tile (scene/resources/2d/tile_set.cpp:4986)
ERROR: The TileSetAtlasSource atlas has no tile at (0, 64).
   at: has_alternative_tile (scene/resources/2d/tile_set.cpp:5438)
ERROR: TileSetAtlasSource has no tile at (0, 64).
   at: create_alternative_tile (scene/resources/2d/tile_set.cpp:5386)
ERROR: Cannot create tile. The tile is outside the texture or tiles are already present in the space the tile would cover.
   at: create_tile (scene/resources/2d/tile_set.cpp:4986)
ERROR: The TileSetAtlasSource atlas has no tile at (1, 64).
   at: has_alternative_tile (scene/resources/2d/tile_set.cpp:5438)
ERROR: TileSetAtlasSource has no tile at (1, 64).
   at: create_alternative_tile (scene/resources/2d/tile_set.cpp:5386)
ERROR: Cannot create tile. The tile is outside the texture or tiles are already present in the space the tile would cover.
   at: create_tile (scene/resources/2d/tile_set.cpp:4986)
ERROR: The TileSetAtlasSource atlas has no tile at (2, 64).
   at: has_alternative_tile (scene/resources/2d/tile_set.cpp:5438)
ERROR: TileSetAtlasSource has no tile at (2, 64).
   at: create_alternative_tile (scene/resources/2d/tile_set.cpp:5386)
ERROR: Cannot create tile. The tile is outside the texture or tiles are already present in the space the tile would cover.
   at: create_tile (scene/resources/2d/tile_set.cpp:4986)
ERROR: The TileSetAtlasSource atlas has no tile at (3, 64).
   at: has_alternative_tile (scene/resources/2d/tile_set.cpp:5438)
ERROR: TileSetAtlasSource has no tile at (3, 64).
   at: create_alternative_tile (scene/resources/2d/tile_set.cpp:5386)
ERROR: Cannot create tile. The tile is outside the texture or tiles are already present in the space the tile would cover.
   at: create_tile (scene/resources/2d/tile_set.cpp:4986)
ERROR: The TileSetAtlasSource atlas has no tile at (4, 64).
   at: has_alternative_tile (scene/resources/2d/tile_set.cpp:5438)
ERROR: TileSetAtlasSource has no tile at (4, 64).
   at: create_alternative_tile (scene/resources/2d/tile_set.cpp:5386)
ERROR: Cannot create tile. The tile is outside the texture or tiles are already present in the space the tile would cover.
   at: create_tile (scene/resources/2d/tile_set.cpp:4986)
ERROR: The TileSetAtlasSource atlas has no tile at (5, 64).
   at: has_alternative_tile (scene/resources/2d/tile_set.cpp:5438)
ERROR: TileSetAtlasSource has no tile at (5, 64).
   at: create_alternative_tile (scene/resources/2d/tile_set.cpp:5386)
ERROR: Cannot create tile. The tile is outside the texture or tiles are already present in the space the tile would cover.
   at: create_tile (scene/resources/2d/tile_set.cpp:4986)
ERROR: The TileSetAtlasSource atlas has no tile at (6, 64).
   at: has_alternative_tile (scene/resources/2d/tile_set.cpp:5438)
ERROR: TileSetAtlasSource has no tile at (6, 64).
   at: create_alternative_tile (scene/resources/2d/tile_set.cpp:5386)
ERROR: Cannot create tile. The tile is outside the texture or tiles are already present in the space the tile would cover.
   at: create_tile (scene/resources/2d/tile_set.cpp:4986)
ERROR: The TileSetAtlasSource atlas has no tile at (7, 64).
   at: has_alternative_tile (scene/resources/2d/tile_set.cpp:5438)
ERROR: TileSetAtlasSource has no tile at (7, 64).
   at: create_alternative_tile (scene/resources/2d/tile_set.cpp:5386)
ERROR: Cannot create tile. The tile is outside the texture or tiles are already present in the space the tile would cover.
   at: create_tile (scene/resources/2d/tile_set.cpp:4986)
ERROR: The TileSetAtlasSource atlas has no tile at (8, 64).
   at: has_alternative_tile (scene/resources/2d/tile_set.cpp:5438)
ERROR: TileSetAtlasSource has no tile at (8, 64).
   at: create_alternative_tile (scene/resources/2d/tile_set.cpp:5386)
ERROR: Cannot create tile. The tile is outside the texture or tiles are already present in the space the tile would cover.
   at: create_tile (scene/resources/2d/tile_set.cpp:4986)
ERROR: The TileSetAtlasSource atlas has no tile at (9, 64).
   at: has_alternative_tile (scene/resources/2d/tile_set.cpp:5438)
ERROR: TileSetAtlasSource has no tile at (9, 64).
   at: create_alternative_tile (scene/resources/2d/tile_set.cpp:5386)
ERROR: Cannot create tile. The tile is outside the texture or tiles are already present in the space the tile would cover.
   at: create_tile (scene/resources/2d/tile_set.cpp:4986)
ERROR: The TileSetAtlasSource atlas has no tile at (10, 64).
   at: has_alternative_tile (scene/resources/2d/tile_set.cpp:5438)
ERROR: TileSetAtlasSource has no tile at (10, 64).
   at: create_alternative_tile (scene/resources/2d/tile_set.cpp:5386)
ERROR: Cannot create tile. The tile is outside the texture or tiles are already present in the space the tile would cover.
   at: create_tile (scene/resources/2d/tile_set.cpp:4986)
ERROR: The TileSetAtlasSource atlas has no tile at (11, 64).
   at: has_alternative_tile (scene/resources/2d/tile_set.cpp:5438)
ERROR: TileSetAtlasSource has no tile at (11, 64).
   at: create_alternative_tile (scene/resources/2d/tile_set.cpp:5386)
ERROR: Cannot create tile. The tile is outside the texture or tiles are already present in the space the tile would cover.
   at: create_tile (scene/resources/2d/tile_set.cpp:4986)
ERROR: The TileSetAtlasSource atlas has no tile at (12, 64).
   at: has_alternative_tile (scene/resources/2d/tile_set.cpp:5438)
ERROR: TileSetAtlasSource has no tile at (12, 64).
   at: create_alternative_tile (scene/resources/2d/tile_set.cpp:5386)
ERROR: Cannot create tile. The tile is outside the texture or tiles are already present in the space the tile would cover.
   at: create_tile (scene/resources/2d/tile_set.cpp:4986)
ERROR: The TileSetAtlasSource atlas has no tile at (13, 64).
   at: has_alternative_tile (scene/resources/2d/tile_set.cpp:5438)
ERROR: TileSetAtlasSource has no tile at (13, 64).
   at: create_alternative_tile (scene/resources/2d/tile_set.cpp:5386)
ERROR: Cannot create tile. The tile is outside the texture or tiles are already present in the space the tile would cover.
   at: create_tile (scene/resources/2d/tile_set.cpp:4986)
ERROR: The TileSetAtlasSource atlas has no tile at (14, 64).
   at: has_alternative_tile (scene/resources/2d/tile_set.cpp:5438)
ERROR: TileSetAtlasSource has no tile at (14, 64).
   at: create_alternative_tile (scene/resources/2d/tile_set.cpp:5386)
ERROR: Cannot create tile. The tile is outside the texture or tiles are already present in the space the tile would cover.
   at: create_tile (scene/resources/2d/tile_set.cpp:4986)
ERROR: The TileSetAtlasSource atlas has no tile at (15, 64).
   at: has_alternative_tile (scene/resources/2d/tile_set.cpp:5438)
ERROR: TileSetAtlasSource has no tile at (15, 64).
   at: create_alternative_tile (scene/resources/2d/tile_set.cpp:5386)
ERROR: Cannot create tile. The tile is outside the texture or tiles are already present in the space the tile would cover.
   at: create_tile (scene/resources/2d/tile_set.cpp:4986)
ERROR: The TileSetAtlasSource atlas has no tile at (0, 65).
   at: has_alternative_tile (scene/resources/2d/tile_set.cpp:5438)
ERROR: TileSetAtlasSource has no tile at (0, 65).
   at: create_alternative_tile (scene/resources/2d/tile_set.cpp:5386)
ERROR: Cannot create tile. The tile is outside the texture or tiles are already present in the space the tile would cover.
   at: create_tile (scene/resources/2d/tile_set.cpp:4986)
ERROR: The TileSetAtlasSource atlas has no tile at (1, 65).
   at: has_alternative_tile (scene/resources/2d/tile_set.cpp:5438)
ERROR: TileSetAtlasSource has no tile at (1, 65).
   at: create_alternative_tile (scene/resources/2d/tile_set.cpp:5386)
ERROR: Cannot create tile. The tile is outside the texture or tiles are already present in the space the tile would cover.
   at: create_tile (scene/resources/2d/tile_set.cpp:4986)
ERROR: The TileSetAtlasSource atlas has no tile at (2, 65).
   at: has_alternative_tile (scene/resources/2d/tile_set.cpp:5438)
ERROR: TileSetAtlasSource has no tile at (2, 65).
   at: create_alternative_tile (scene/resources/2d/tile_set.cpp:5386)
ERROR: Cannot create tile. The tile is outside the texture or tiles are already present in the space the tile would cover.
   at: create_tile (scene/resources/2d/tile_set.cpp:4986)
ERROR: The TileSetAtlasSource atlas has no tile at (3, 65).
   at: has_alternative_tile (scene/resources/2d/tile_set.cpp:5438)
ERROR: TileSetAtlasSource has no tile at (3, 65).
   at: create_alternative_tile (scene/resources/2d/tile_set.cpp:5386)
ERROR: Cannot create tile. The tile is outside the texture or tiles are already present in the space the tile would cover.
   at: create_tile (scene/resources/2d/tile_set.cpp:4986)
ERROR: The TileSetAtlasSource atlas has no tile at (4, 65).
   at: has_alternative_tile (scene/resources/2d/tile_set.cpp:5438)
ERROR: TileSetAtlasSource has no tile at (4, 65).
   at: create_alternative_tile (scene/resources/2d/tile_set.cpp:5386)
ERROR: Cannot create tile. The tile is outside the texture or tiles are already present in the space the tile would cover.
   at: create_tile (scene/resources/2d/tile_set.cpp:4986)
ERROR: The TileSetAtlasSource atlas has no tile at (5, 65).
   at: has_alternative_tile (scene/resources/2d/tile_set.cpp:5438)
ERROR: TileSetAtlasSource has no tile at (5, 65).
   at: create_alternative_tile (scene/resources/2d/tile_set.cpp:5386)
ERROR: Cannot create tile. The tile is outside the texture or tiles are already present in the space the tile would cover.
   at: create_tile (scene/resources/2d/tile_set.cpp:4986)
ERROR: The TileSetAtlasSource atlas has no tile at (6, 65).
   at: has_alternative_tile (scene/resources/2d/tile_set.cpp:5438)
ERROR: TileSetAtlasSource has no tile at (6, 65).
   at: create_alternative_tile (scene/resources/2d/tile_set.cpp:5386)
ERROR: Cannot create tile. The tile is outside the texture or tiles are already present in the space the tile would cover.
   at: create_tile (scene/resources/2d/tile_set.cpp:4986)
ERROR: The TileSetAtlasSource atlas has no tile at (7, 65).
   at: has_alternative_tile (scene/resources/2d/tile_set.cpp:5438)
ERROR: TileSetAtlasSource has no tile at (7, 65).
   at: create_alternative_tile (scene/resources/2d/tile_set.cpp:5386)
ERROR: Cannot create tile. The tile is outside the texture or tiles are already present in the space the tile would cover.
   at: create_tile (scene/resources/2d/tile_set.cpp:4986)
ERROR: The TileSetAtlasSource atlas has no tile at (8, 65).
   at: has_alternative_tile (scene/resources/2d/tile_set.cpp:5438)
ERROR: TileSetAtlasSource has no tile at (8, 65).
   at: create_alternative_tile (scene/resources/2d/tile_set.cpp:5386)
ERROR: Cannot create tile. The tile is outside the texture or tiles are already present in the space the tile would cover.
   at: create_tile (scene/resources/2d/tile_set.cpp:4986)
ERROR: The TileSetAtlasSource atlas has no tile at (9, 65).
   at: has_alternative_tile (scene/resources/2d/tile_set.cpp:5438)
ERROR: TileSetAtlasSource has no tile at (9, 65).
   at: create_alternative_tile (scene/resources/2d/tile_set.cpp:5386)
ERROR: Cannot create tile. The tile is outside the texture or tiles are already present in the space the tile would cover.
   at: create_tile (scene/resources/2d/tile_set.cpp:4986)
ERROR: The TileSetAtlasSource atlas has no tile at (10, 65).
   at: has_alternative_tile (scene/resources/2d/tile_set.cpp:5438)
ERROR: TileSetAtlasSource has no tile at (10, 65).
   at: create_alternative_tile (scene/resources/2d/tile_set.cpp:5386)
ERROR: Cannot create tile. The tile is outside the texture or tiles are already present in the space the tile would cover.
   at: create_tile (scene/resources/2d/tile_set.cpp:4986)
ERROR: The TileSetAtlasSource atlas has no tile at (11, 65).
   at: has_alternative_tile (scene/resources/2d/tile_set.cpp:5438)
ERROR: TileSetAtlasSource has no tile at (11, 65).
   at: create_alternative_tile (scene/resources/2d/tile_set.cpp:5386)
ERROR: Cannot create tile. The tile is outside the texture or tiles are already present in the space the tile would cover.
   at: create_tile (scene/resources/2d/tile_set.cpp:4986)
ERROR: The TileSetAtlasSource atlas has no tile at (12, 65).
   at: has_alternative_tile (scene/resources/2d/tile_set.cpp:5438)
ERROR: TileSetAtlasSource has no tile at (12, 65).
   at: create_alternative_tile (scene/resources/2d/tile_set.cpp:5386)
ERROR: Cannot create tile. The tile is outside the texture or tiles are already present in the space the tile would cover.
   at: create_tile (scene/resources/2d/tile_set.cpp:4986)
ERROR: The TileSetAtlasSource atlas has no tile at (13, 65).
   at: has_alternative_tile (scene/resources/2d/tile_set.cpp:5438)
ERROR: TileSetAtlasSource has no tile at (13, 65).
   at: create_alternative_tile (scene/resources/2d/tile_set.cpp:5386)
ERROR: Cannot create tile. The tile is outside the texture or tiles are already present in the space the tile would cover.
   at: create_tile (scene/resources/2d/tile_set.cpp:4986)
ERROR: The TileSetAtlasSource atlas has no tile at (14, 65).
   at: has_alternative_tile (scene/resources/2d/tile_set.cpp:5438)
ERROR: TileSetAtlasSource has no tile at (14, 65).
   at: create_alternative_tile (scene/resources/2d/tile_set.cpp:5386)
ERROR: Cannot create tile. The tile is outside the texture or tiles are already present in the space the tile would cover.
   at: create_tile (scene/resources/2d/tile_set.cpp:4986)
ERROR: The TileSetAtlasSource atlas has no tile at (15, 65).
   at: has_alternative_tile (scene/resources/2d/tile_set.cpp:5438)
ERROR: TileSetAtlasSource has no tile at (15, 65).
   at: create_alternative_tile (scene/resources/2d/tile_set.cpp:5386)
ERROR: Cannot create tile. The tile is outside the texture or tiles are already present in the space the tile would cover.
   at: create_tile (scene/resources/2d/tile_set.cpp:4986)
ERROR: The TileSetAtlasSource atlas has no tile at (0, 66).
   at: has_alternative_tile (scene/resources/2d/tile_set.cpp:5438)
ERROR: TileSetAtlasSource has no tile at (0, 66).
   at: create_alternative_tile (scene/resources/2d/tile_set.cpp:5386)
ERROR: Cannot create tile. The tile is outside the texture or tiles are already present in the space the tile would cover.
   at: create_tile (scene/resources/2d/tile_set.cpp:4986)
ERROR: The TileSetAtlasSource atlas has no tile at (1, 66).
   at: has_alternative_tile (scene/resources/2d/tile_set.cpp:5438)
ERROR: TileSetAtlasSource has no tile at (1, 66).
   at: create_alternative_tile (scene/resources/2d/tile_set.cpp:5386)
ERROR: Cannot create tile. The tile is outside the texture or tiles are already present in the space the tile would cover.
   at: create_tile (scene/resources/2d/tile_set.cpp:4986)
ERROR: The TileSetAtlasSource atlas has no tile at (2, 66).
   at: has_alternative_tile (scene/resources/2d/tile_set.cpp:5438)
ERROR: TileSetAtlasSource has no tile at (2, 66).
   at: create_alternative_tile (scene/resources/2d/tile_set.cpp:5386)
ERROR: Cannot create tile. The tile is outside the texture or tiles are already present in the space the tile would cover.
   at: create_tile (scene/resources/2d/tile_set.cpp:4986)
ERROR: The TileSetAtlasSource atlas has no tile at (3, 66).
   at: has_alternative_tile (scene/resources/2d/tile_set.cpp:5438)
ERROR: TileSetAtlasSource has no tile at (3, 66).
   at: create_alternative_tile (scene/resources/2d/tile_set.cpp:5386)
ERROR: Cannot create tile. The tile is outside the texture or tiles are already present in the space the tile would cover.
   at: create_tile (scene/resources/2d/tile_set.cpp:4986)
ERROR: The TileSetAtlasSource atlas has no tile at (4, 66).
   at: has_alternative_tile (scene/resources/2d/tile_set.cpp:5438)
ERROR: TileSetAtlasSource has no tile at (4, 66).
   at: create_alternative_tile (scene/resources/2d/tile_set.cpp:5386)
ERROR: Cannot create tile. The tile is outside the texture or tiles are already present in the space the tile would cover.
   at: create_tile (scene/resources/2d/tile_set.cpp:4986)
ERROR: The TileSetAtlasSource atlas has no tile at (5, 66).
   at: has_alternative_tile (scene/resources/2d/tile_set.cpp:5438)
ERROR: TileSetAtlasSource has no tile at (5, 66).
   at: create_alternative_tile (scene/resources/2d/tile_set.cpp:5386)
ERROR: Cannot create tile. The tile is outside the texture or tiles are already present in the space the tile would cover.
   at: create_tile (scene/resources/2d/tile_set.cpp:4986)
ERROR: The TileSetAtlasSource atlas has no tile at (6, 66).
   at: has_alternative_tile (scene/resources/2d/tile_set.cpp:5438)
ERROR: TileSetAtlasSource has no tile at (6, 66).
   at: create_alternative_tile (scene/resources/2d/tile_set.cpp:5386)
ERROR: Cannot create tile. The tile is outside the texture or tiles are already present in the space the tile would cover.
   at: create_tile (scene/resources/2d/tile_set.cpp:4986)
ERROR: The TileSetAtlasSource atlas has no tile at (7, 66).
   at: has_alternative_tile (scene/resources/2d/tile_set.cpp:5438)
ERROR: TileSetAtlasSource has no tile at (7, 66).
   at: create_alternative_tile (scene/resources/2d/tile_set.cpp:5386)
ERROR: Cannot create tile. The tile is outside the texture or tiles are already present in the space the tile would cover.
   at: create_tile (scene/resources/2d/tile_set.cpp:4986)
ERROR: The TileSetAtlasSource atlas has no tile at (8, 66).
   at: has_alternative_tile (scene/resources/2d/tile_set.cpp:5438)
ERROR: TileSetAtlasSource has no tile at (8, 66).
   at: create_alternative_tile (scene/resources/2d/tile_set.cpp:5386)
ERROR: Cannot create tile. The tile is outside the texture or tiles are already present in the space the tile would cover.
   at: create_tile (scene/resources/2d/tile_set.cpp:4986)
ERROR: The TileSetAtlasSource atlas has no tile at (9, 66).
   at: has_alternative_tile (scene/resources/2d/tile_set.cpp:5438)
ERROR: TileSetAtlasSource has no tile at (9, 66).
   at: create_alternative_tile (scene/resources/2d/tile_set.cpp:5386)
ERROR: Cannot create tile. The tile is outside the texture or tiles are already present in the space the tile would cover.
   at: create_tile (scene/resources/2d/tile_set.cpp:4986)
ERROR: The TileSetAtlasSource atlas has no tile at (10, 66).
   at: has_alternative_tile (scene/resources/2d/tile_set.cpp:5438)
ERROR: TileSetAtlasSource has no tile at (10, 66).
   at: create_alternative_tile (scene/resources/2d/tile_set.cpp:5386)
ERROR: Cannot create tile. The tile is outside the texture or tiles are already present in the space the tile would cover.
   at: create_tile (scene/resources/2d/tile_set.cpp:4986)
ERROR: The TileSetAtlasSource atlas has no tile at (11, 66).
   at: has_alternative_tile (scene/resources/2d/tile_set.cpp:5438)
ERROR: TileSetAtlasSource has no tile at (11, 66).
   at: create_alternative_tile (scene/resources/2d/tile_set.cpp:5386)
ERROR: Cannot create tile. The tile is outside the texture or tiles are already present in the space the tile would cover.
   at: create_tile (scene/resources/2d/tile_set.cpp:4986)
ERROR: The TileSetAtlasSource atlas has no tile at (12, 66).
   at: has_alternative_tile (scene/resources/2d/tile_set.cpp:5438)
ERROR: TileSetAtlasSource has no tile at (12, 66).
   at: create_alternative_tile (scene/resources/2d/tile_set.cpp:5386)
ERROR: Cannot create tile. The tile is outside the texture or tiles are already present in the space the tile would cover.
   at: create_tile (scene/resources/2d/tile_set.cpp:4986)
ERROR: The TileSetAtlasSource atlas has no tile at (13, 66).
   at: has_alternative_tile (scene/resources/2d/tile_set.cpp:5438)
ERROR: TileSetAtlasSource has no tile at (13, 66).
   at: create_alternative_tile (scene/resources/2d/tile_set.cpp:5386)
ERROR: Cannot create tile. The tile is outside the texture or tiles are already present in the space the tile would cover.
   at: create_tile (scene/resources/2d/tile_set.cpp:4986)
ERROR: The TileSetAtlasSource atlas has no tile at (14, 66).
   at: has_alternative_tile (scene/resources/2d/tile_set.cpp:5438)
ERROR: TileSetAtlasSource has no tile at (14, 66).
   at: create_alternative_tile (scene/resources/2d/tile_set.cpp:5386)
ERROR: Cannot create tile. The tile is outside the texture or tiles are already present in the space the tile would cover.
   at: create_tile (scene/resources/2d/tile_set.cpp:4986)
ERROR: The TileSetAtlasSource atlas has no tile at (15, 66).
   at: has_alternative_tile (scene/resources/2d/tile_set.cpp:5438)
ERROR: TileSetAtlasSource has no tile at (15, 66).
   at: create_alternative_tile (scene/resources/2d/tile_set.cpp:5386)
ERROR: Cannot create tile. The tile is outside the texture or tiles are already present in the space the tile would cover.
   at: create_tile (scene/resources/2d/tile_set.cpp:4986)
ERROR: The TileSetAtlasSource atlas has no tile at (0, 67).
   at: has_alternative_tile (scene/resources/2d/tile_set.cpp:5438)
ERROR: TileSetAtlasSource has no tile at (0, 67).
   at: create_alternative_tile (scene/resources/2d/tile_set.cpp:5386)
ERROR: Cannot create tile. The tile is outside the texture or tiles are already present in the space the tile would cover.
   at: create_tile (scene/resources/2d/tile_set.cpp:4986)
ERROR: The TileSetAtlasSource atlas has no tile at (1, 67).
   at: has_alternative_tile (scene/resources/2d/tile_set.cpp:5438)
ERROR: TileSetAtlasSource has no tile at (1, 67).
   at: create_alternative_tile (scene/resources/2d/tile_set.cpp:5386)
ERROR: Cannot create tile. The tile is outside the texture or tiles are already present in the space the tile would cover.
   at: create_tile (scene/resources/2d/tile_set.cpp:4986)
ERROR: The TileSetAtlasSource atlas has no tile at (2, 67).
   at: has_alternative_tile (scene/resources/2d/tile_set.cpp:5438)
ERROR: TileSetAtlasSource has no tile at (2, 67).
   at: create_alternative_tile (scene/resources/2d/tile_set.cpp:5386)
ERROR: Cannot create tile. The tile is outside the texture or tiles are already present in the space the tile would cover.
   at: create_tile (scene/resources/2d/tile_set.cpp:4986)
ERROR: The TileSetAtlasSource atlas has no tile at (3, 67).
   at: has_alternative_tile (scene/resources/2d/tile_set.cpp:5438)
ERROR: TileSetAtlasSource has no tile at (3, 67).
   at: create_alternative_tile (scene/resources/2d/tile_set.cpp:5386)
ERROR: Cannot create tile. The tile is outside the texture or tiles are already present in the space the tile would cover.
   at: create_tile (scene/resources/2d/tile_set.cpp:4986)
ERROR: The TileSetAtlasSource atlas has no tile at (4, 67).
   at: has_alternative_tile (scene/resources/2d/tile_set.cpp:5438)
ERROR: TileSetAtlasSource has no tile at (4, 67).
   at: create_alternative_tile (scene/resources/2d/tile_set.cpp:5386)
ERROR: Cannot create tile. The tile is outside the texture or tiles are already present in the space the tile would cover.
   at: create_tile (scene/resources/2d/tile_set.cpp:4986)
ERROR: The TileSetAtlasSource atlas has no tile at (5, 67).
   at: has_alternative_tile (scene/resources/2d/tile_set.cpp:5438)
ERROR: TileSetAtlasSource has no tile at (5, 67).
   at: create_alternative_tile (scene/resources/2d/tile_set.cpp:5386)
ERROR: Cannot create tile. The tile is outside the texture or tiles are already present in the space the tile would cover.
   at: create_tile (scene/resources/2d/tile_set.cpp:4986)
ERROR: The TileSetAtlasSource atlas has no tile at (6, 67).
   at: has_alternative_tile (scene/resources/2d/tile_set.cpp:5438)
ERROR: TileSetAtlasSource has no tile at (6, 67).
   at: create_alternative_tile (scene/resources/2d/tile_set.cpp:5386)
ERROR: Cannot create tile. The tile is outside the texture or tiles are already present in the space the tile would cover.
   at: create_tile (scene/resources/2d/tile_set.cpp:4986)
ERROR: The TileSetAtlasSource atlas has no tile at (7, 67).
   at: has_alternative_tile (scene/resources/2d/tile_set.cpp:5438)
ERROR: TileSetAtlasSource has no tile at (7, 67).
   at: create_alternative_tile (scene/resources/2d/tile_set.cpp:5386)
ERROR: Cannot create tile. The tile is outside the texture or tiles are already present in the space the tile would cover.
   at: create_tile (scene/resources/2d/tile_set.cpp:4986)
ERROR: The TileSetAtlasSource atlas has no tile at (8, 67).
   at: has_alternative_tile (scene/resources/2d/tile_set.cpp:5438)
ERROR: TileSetAtlasSource has no tile at (8, 67).
   at: create_alternative_tile (scene/resources/2d/tile_set.cpp:5386)
ERROR: Cannot create tile. The tile is outside the texture or tiles are already present in the space the tile would cover.
   at: create_tile (scene/resources/2d/tile_set.cpp:4986)
ERROR: The TileSetAtlasSource atlas has no tile at (9, 67).
   at: has_alternative_tile (scene/resources/2d/tile_set.cpp:5438)
ERROR: TileSetAtlasSource has no tile at (9, 67).
   at: create_alternative_tile (scene/resources/2d/tile_set.cpp:5386)
ERROR: Cannot create tile. The tile is outside the texture or tiles are already present in the space the tile would cover.
   at: create_tile (scene/resources/2d/tile_set.cpp:4986)
ERROR: The TileSetAtlasSource atlas has no tile at (10, 67).
   at: has_alternative_tile (scene/resources/2d/tile_set.cpp:5438)
ERROR: TileSetAtlasSource has no tile at (10, 67).
   at: create_alternative_tile (scene/resources/2d/tile_set.cpp:5386)
ERROR: Cannot create tile. The tile is outside the texture or tiles are already present in the space the tile would cover.
   at: create_tile (scene/resources/2d/tile_set.cpp:4986)
ERROR: The TileSetAtlasSource atlas has no tile at (11, 67).
   at: has_alternative_tile (scene/resources/2d/tile_set.cpp:5438)
ERROR: TileSetAtlasSource has no tile at (11, 67).
   at: create_alternative_tile (scene/resources/2d/tile_set.cpp:5386)
ERROR: Cannot create tile. The tile is outside the texture or tiles are already present in the space the tile would cover.
   at: create_tile (scene/resources/2d/tile_set.cpp:4986)
ERROR: The TileSetAtlasSource atlas has no tile at (12, 67).
   at: has_alternative_tile (scene/resources/2d/tile_set.cpp:5438)
ERROR: TileSetAtlasSource has no tile at (12, 67).
   at: create_alternative_tile (scene/resources/2d/tile_set.cpp:5386)
ERROR: Cannot create tile. The tile is outside the texture or tiles are already present in the space the tile would cover.
   at: create_tile (scene/resources/2d/tile_set.cpp:4986)
ERROR: The TileSetAtlasSource atlas has no tile at (13, 67).
   at: has_alternative_tile (scene/resources/2d/tile_set.cpp:5438)
ERROR: TileSetAtlasSource has no tile at (13, 67).
   at: create_alternative_tile (scene/resources/2d/tile_set.cpp:5386)
ERROR: Cannot create tile. The tile is outside the texture or tiles are already present in the space the tile would cover.
   at: create_tile (scene/resources/2d/tile_set.cpp:4986)
ERROR: The TileSetAtlasSource atlas has no tile at (14, 67).
   at: has_alternative_tile (scene/resources/2d/tile_set.cpp:5438)
ERROR: TileSetAtlasSource has no tile at (14, 67).
   at: create_alternative_tile (scene/resources/2d/tile_set.cpp:5386)
ERROR: Cannot create tile. The tile is outside the texture or tiles are already present in the space the tile would cover.
   at: create_tile (scene/resources/2d/tile_set.cpp:4986)
ERROR: The TileSetAtlasSource atlas has no tile at (15, 67).
   at: has_alternative_tile (scene/resources/2d/tile_set.cpp:5438)
ERROR: TileSetAtlasSource has no tile at (15, 67).
   at: create_alternative_tile (scene/resources/2d/tile_set.cpp:5386)
ERROR: Cannot create tile. The tile is outside the texture or tiles are already present in the space the tile would cover.
   at: create_tile (scene/resources/2d/tile_set.cpp:4986)
ERROR: The TileSetAtlasSource atlas has no tile at (0, 68).
   at: has_alternative_tile (scene/resources/2d/tile_set.cpp:5438)
ERROR: TileSetAtlasSource has no tile at (0, 68).
   at: create_alternative_tile (scene/resources/2d/tile_set.cpp:5386)
ERROR: Cannot create tile. The tile is outside the texture or tiles are already present in the space the tile would cover.
   at: create_tile (scene/resources/2d/tile_set.cpp:4986)
ERROR: The TileSetAtlasSource atlas has no tile at (1, 68).
   at: has_alternative_tile (scene/resources/2d/tile_set.cpp:5438)
ERROR: TileSetAtlasSource has no tile at (1, 68).
   at: create_alternative_tile (scene/resources/2d/tile_set.cpp:5386)
ERROR: Cannot create tile. The tile is outside the texture or tiles are already present in the space the tile would cover.
   at: create_tile (scene/resources/2d/tile_set.cpp:4986)
ERROR: The TileSetAtlasSource atlas has no tile at (2, 68).
   at: has_alternative_tile (scene/resources/2d/tile_set.cpp:5438)
ERROR: TileSetAtlasSource has no tile at (2, 68).
   at: create_alternative_tile (scene/resources/2d/tile_set.cpp:5386)
ERROR: Cannot create tile. The tile is outside the texture or tiles are already present in the space the tile would cover.
   at: create_tile (scene/resources/2d/tile_set.cpp:4986)
ERROR: The TileSetAtlasSource atlas has no tile at (3, 68).
   at: has_alternative_tile (scene/resources/2d/tile_set.cpp:5438)
ERROR: TileSetAtlasSource has no tile at (3, 68).
   at: create_alternative_tile (scene/resources/2d/tile_set.cpp:5386)
ERROR: Cannot create tile. The tile is outside the texture or tiles are already present in the space the tile would cover.
   at: create_tile (scene/resources/2d/tile_set.cpp:4986)
ERROR: The TileSetAtlasSource atlas has no tile at (4, 68).
   at: has_alternative_tile (scene/resources/2d/tile_set.cpp:5438)
ERROR: TileSetAtlasSource has no tile at (4, 68).
   at: create_alternative_tile (scene/resources/2d/tile_set.cpp:5386)
ERROR: Cannot create tile. The tile is outside the texture or tiles are already present in the space the tile would cover.
   at: create_tile (scene/resources/2d/tile_set.cpp:4986)
ERROR: The TileSetAtlasSource atlas has no tile at (5, 68).
   at: has_alternative_tile (scene/resources/2d/tile_set.cpp:5438)
ERROR: TileSetAtlasSource has no tile at (5, 68).
   at: create_alternative_tile (scene/resources/2d/tile_set.cpp:5386)
ERROR: Cannot create tile. The tile is outside the texture or tiles are already present in the space the tile would cover.
   at: create_tile (scene/resources/2d/tile_set.cpp:4986)
ERROR: The TileSetAtlasSource atlas has no tile at (6, 68).
   at: has_alternative_tile (scene/resources/2d/tile_set.cpp:5438)
ERROR: TileSetAtlasSource has no tile at (6, 68).
   at: create_alternative_tile (scene/resources/2d/tile_set.cpp:5386)
ERROR: Cannot create tile. The tile is outside the texture or tiles are already present in the space the tile would cover.
   at: create_tile (scene/resources/2d/tile_set.cpp:4986)
ERROR: The TileSetAtlasSource atlas has no tile at (7, 68).
   at: has_alternative_tile (scene/resources/2d/tile_set.cpp:5438)
ERROR: TileSetAtlasSource has no tile at (7, 68).
   at: create_alternative_tile (scene/resources/2d/tile_set.cpp:5386)
ERROR: Cannot create tile. The tile is outside the texture or tiles are already present in the space the tile would cover.
   at: create_tile (scene/resources/2d/tile_set.cpp:4986)
ERROR: The TileSetAtlasSource atlas has no tile at (8, 68).
   at: has_alternative_tile (scene/resources/2d/tile_set.cpp:5438)
ERROR: TileSetAtlasSource has no tile at (8, 68).
   at: create_alternative_tile (scene/resources/2d/tile_set.cpp:5386)
ERROR: Cannot create tile. The tile is outside the texture or tiles are already present in the space the tile would cover.
   at: create_tile (scene/resources/2d/tile_set.cpp:4986)
ERROR: The TileSetAtlasSource atlas has no tile at (9, 68).
   at: has_alternative_tile (scene/resources/2d/tile_set.cpp:5438)
ERROR: TileSetAtlasSource has no tile at (9, 68).
   at: create_alternative_tile (scene/resources/2d/tile_set.cpp:5386)
ERROR: Cannot create tile. The tile is outside the texture or tiles are already present in the space the tile would cover.
   at: create_tile (scene/resources/2d/tile_set.cpp:4986)
ERROR: The TileSetAtlasSource atlas has no tile at (10, 68).
   at: has_alternative_tile (scene/resources/2d/tile_set.cpp:5438)
ERROR: TileSetAtlasSource has no tile at (10, 68).
   at: create_alternative_tile (scene/resources/2d/tile_set.cpp:5386)
ERROR: Cannot create tile. The tile is outside the texture or tiles are already present in the space the tile would cover.
   at: create_tile (scene/resources/2d/tile_set.cpp:4986)
ERROR: The TileSetAtlasSource atlas has no tile at (11, 68).
   at: has_alternative_tile (scene/resources/2d/tile_set.cpp:5438)
ERROR: TileSetAtlasSource has no tile at (11, 68).
   at: create_alternative_tile (scene/resources/2d/tile_set.cpp:5386)
ERROR: Cannot create tile. The tile is outside the texture or tiles are already present in the space the tile would cover.
   at: create_tile (scene/resources/2d/tile_set.cpp:4986)
ERROR: The TileSetAtlasSource atlas has no tile at (12, 68).
   at: has_alternative_tile (scene/resources/2d/tile_set.cpp:5438)
ERROR: TileSetAtlasSource has no tile at (12, 68).
   at: create_alternative_tile (scene/resources/2d/tile_set.cpp:5386)
ERROR: Cannot create tile. The tile is outside the texture or tiles are already present in the space the tile would cover.
   at: create_tile (scene/resources/2d/tile_set.cpp:4986)
ERROR: The TileSetAtlasSource atlas has no tile at (13, 68).
   at: has_alternative_tile (scene/resources/2d/tile_set.cpp:5438)
ERROR: TileSetAtlasSource has no tile at (13, 68).
   at: create_alternative_tile (scene/resources/2d/tile_set.cpp:5386)
ERROR: Cannot create tile. The tile is outside the texture or tiles are already present in the space the tile would cover.
   at: create_tile (scene/resources/2d/tile_set.cpp:4986)
ERROR: The TileSetAtlasSource atlas has no tile at (14, 68).
   at: has_alternative_tile (scene/resources/2d/tile_set.cpp:5438)
ERROR: TileSetAtlasSource has no tile at (14, 68).
   at: create_alternative_tile (scene/resources/2d/tile_set.cpp:5386)
ERROR: Cannot create tile. The tile is outside the texture or tiles are already present in the space the tile would cover.
   at: create_tile (scene/resources/2d/tile_set.cpp:4986)
ERROR: The TileSetAtlasSource atlas has no tile at (15, 68).
   at: has_alternative_tile (scene/resources/2d/tile_set.cpp:5438)
ERROR: TileSetAtlasSource has no tile at (15, 68).
   at: create_alternative_tile (scene/resources/2d/tile_set.cpp:5386)
ERROR: Cannot create tile. The tile is outside the texture or tiles are already present in the space the tile would cover.
   at: create_tile (scene/resources/2d/tile_set.cpp:4986)
ERROR: The TileSetAtlasSource atlas has no tile at (0, 69).
   at: has_alternative_tile (scene/resources/2d/tile_set.cpp:5438)
ERROR: TileSetAtlasSource has no tile at (0, 69).
   at: create_alternative_tile (scene/resources/2d/tile_set.cpp:5386)
ERROR: Cannot create tile. The tile is outside the texture or tiles are already present in the space the tile would cover.
   at: create_tile (scene/resources/2d/tile_set.cpp:4986)
ERROR: The TileSetAtlasSource atlas has no tile at (1, 69).
   at: has_alternative_tile (scene/resources/2d/tile_set.cpp:5438)
ERROR: TileSetAtlasSource has no tile at (1, 69).
   at: create_alternative_tile (scene/resources/2d/tile_set.cpp:5386)
ERROR: Cannot create tile. The tile is outside the texture or tiles are already present in the space the tile would cover.
   at: create_tile (scene/resources/2d/tile_set.cpp:4986)
ERROR: The TileSetAtlasSource atlas has no tile at (2, 69).
   at: has_alternative_tile (scene/resources/2d/tile_set.cpp:5438)
ERROR: TileSetAtlasSource has no tile at (2, 69).
   at: create_alternative_tile (scene/resources/2d/tile_set.cpp:5386)
ERROR: Cannot create tile. The tile is outside the texture or tiles are already present in the space the tile would cover.
   at: create_tile (scene/resources/2d/tile_set.cpp:4986)
ERROR: The TileSetAtlasSource atlas has no tile at (3, 69).
   at: has_alternative_tile (scene/resources/2d/tile_set.cpp:5438)
ERROR: TileSetAtlasSource has no tile at (3, 69).
   at: create_alternative_tile (scene/resources/2d/tile_set.cpp:5386)
ERROR: Cannot create tile. The tile is outside the texture or tiles are already present in the space the tile would cover.
   at: create_tile (scene/resources/2d/tile_set.cpp:4986)
ERROR: The TileSetAtlasSource atlas has no tile at (4, 69).
   at: has_alternative_tile (scene/resources/2d/tile_set.cpp:5438)
ERROR: TileSetAtlasSource has no tile at (4, 69).
   at: create_alternative_tile (scene/resources/2d/tile_set.cpp:5386)
ERROR: Cannot create tile. The tile is outside the texture or tiles are already present in the space the tile would cover.
   at: create_tile (scene/resources/2d/tile_set.cpp:4986)
ERROR: The TileSetAtlasSource atlas has no tile at (5, 69).
   at: has_alternative_tile (scene/resources/2d/tile_set.cpp:5438)
ERROR: TileSetAtlasSource has no tile at (5, 69).
   at: create_alternative_tile (scene/resources/2d/tile_set.cpp:5386)
ERROR: Cannot create tile. The tile is outside the texture or tiles are already present in the space the tile would cover.
   at: create_tile (scene/resources/2d/tile_set.cpp:4986)
ERROR: The TileSetAtlasSource atlas has no tile at (6, 69).
   at: has_alternative_tile (scene/resources/2d/tile_set.cpp:5438)
ERROR: TileSetAtlasSource has no tile at (6, 69).
   at: create_alternative_tile (scene/resources/2d/tile_set.cpp:5386)
ERROR: Cannot create tile. The tile is outside the texture or tiles are already present in the space the tile would cover.
   at: create_tile (scene/resources/2d/tile_set.cpp:4986)
ERROR: The TileSetAtlasSource atlas has no tile at (7, 69).
   at: has_alternative_tile (scene/resources/2d/tile_set.cpp:5438)
ERROR: TileSetAtlasSource has no tile at (7, 69).
   at: create_alternative_tile (scene/resources/2d/tile_set.cpp:5386)
ERROR: Cannot create tile. The tile is outside the texture or tiles are already present in the space the tile would cover.
   at: create_tile (scene/resources/2d/tile_set.cpp:4986)
ERROR: The TileSetAtlasSource atlas has no tile at (8, 69).
   at: has_alternative_tile (scene/resources/2d/tile_set.cpp:5438)
ERROR: TileSetAtlasSource has no tile at (8, 69).
   at: create_alternative_tile (scene/resources/2d/tile_set.cpp:5386)
ERROR: Cannot create tile. The tile is outside the texture or tiles are already present in the space the tile would cover.
   at: create_tile (scene/resources/2d/tile_set.cpp:4986)
ERROR: The TileSetAtlasSource atlas has no tile at (9, 69).
   at: has_alternative_tile (scene/resources/2d/tile_set.cpp:5438)
ERROR: TileSetAtlasSource has no tile at (9, 69).
   at: create_alternative_tile (scene/resources/2d/tile_set.cpp:5386)
ERROR: Cannot create tile. The tile is outside the texture or tiles are already present in the space the tile would cover.
   at: create_tile (scene/resources/2d/tile_set.cpp:4986)
ERROR: The TileSetAtlasSource atlas has no tile at (10, 69).
   at: has_alternative_tile (scene/resources/2d/tile_set.cpp:5438)
ERROR: TileSetAtlasSource has no tile at (10, 69).
   at: create_alternative_tile (scene/resources/2d/tile_set.cpp:5386)
ERROR: Cannot create tile. The tile is outside the texture or tiles are already present in the space the tile would cover.
   at: create_tile (scene/resources/2d/tile_set.cpp:4986)
ERROR: The TileSetAtlasSource atlas has no tile at (11, 69).
   at: has_alternative_tile (scene/resources/2d/tile_set.cpp:5438)
ERROR: TileSetAtlasSource has no tile at (11, 69).
   at: create_alternative_tile (scene/resources/2d/tile_set.cpp:5386)
ERROR: Cannot create tile. The tile is outside the texture or tiles are already present in the space the tile would cover.
   at: create_tile (scene/resources/2d/tile_set.cpp:4986)
ERROR: The TileSetAtlasSource atlas has no tile at (12, 69).
   at: has_alternative_tile (scene/resources/2d/tile_set.cpp:5438)
ERROR: TileSetAtlasSource has no tile at (12, 69).
   at: create_alternative_tile (scene/resources/2d/tile_set.cpp:5386)
ERROR: Cannot create tile. The tile is outside the texture or tiles are already present in the space the tile would cover.
   at: create_tile (scene/resources/2d/tile_set.cpp:4986)
ERROR: The TileSetAtlasSource atlas has no tile at (13, 69).
   at: has_alternative_tile (scene/resources/2d/tile_set.cpp:5438)
ERROR: TileSetAtlasSource has no tile at (13, 69).
   at: create_alternative_tile (scene/resources/2d/tile_set.cpp:5386)
ERROR: Cannot create tile. The tile is outside the texture or tiles are already present in the space the tile would cover.
   at: create_tile (scene/resources/2d/tile_set.cpp:4986)
ERROR: The TileSetAtlasSource atlas has no tile at (14, 69).
   at: has_alternative_tile (scene/resources/2d/tile_set.cpp:5438)
ERROR: TileSetAtlasSource has no tile at (14, 69).
   at: create_alternative_tile (scene/resources/2d/tile_set.cpp:5386)
ERROR: Cannot create tile. The tile is outside the texture or tiles are already present in the space the tile would cover.
   at: create_tile (scene/resources/2d/tile_set.cpp:4986)
ERROR: The TileSetAtlasSource atlas has no tile at (15, 69).
   at: has_alternative_tile (scene/resources/2d/tile_set.cpp:5438)
ERROR: TileSetAtlasSource has no tile at (15, 69).
   at: create_alternative_tile (scene/resources/2d/tile_set.cpp:5386)
ERROR: Cannot create tile. The tile is outside the texture or tiles are already present in the space the tile would cover.
   at: create_tile (scene/resources/2d/tile_set.cpp:4986)
ERROR: The TileSetAtlasSource atlas has no tile at (0, 70).
   at: has_alternative_tile (scene/resources/2d/tile_set.cpp:5438)
ERROR: TileSetAtlasSource has no tile at (0, 70).
   at: create_alternative_tile (scene/resources/2d/tile_set.cpp:5386)
ERROR: Cannot create tile. The tile is outside the texture or tiles are already present in the space the tile would cover.
   at: create_tile (scene/resources/2d/tile_set.cpp:4986)
ERROR: The TileSetAtlasSource atlas has no tile at (1, 70).
   at: has_alternative_tile (scene/resources/2d/tile_set.cpp:5438)
ERROR: TileSetAtlasSource has no tile at (1, 70).
   at: create_alternative_tile (scene/resources/2d/tile_set.cpp:5386)
ERROR: Cannot create tile. The tile is outside the texture or tiles are already present in the space the tile would cover.
   at: create_tile (scene/resources/2d/tile_set.cpp:4986)
ERROR: The TileSetAtlasSource atlas has no tile at (2, 70).
   at: has_alternative_tile (scene/resources/2d/tile_set.cpp:5438)
ERROR: TileSetAtlasSource has no tile at (2, 70).
   at: create_alternative_tile (scene/resources/2d/tile_set.cpp:5386)
ERROR: Cannot create tile. The tile is outside the texture or tiles are already present in the space the tile would cover.
   at: create_tile (scene/resources/2d/tile_set.cpp:4986)
ERROR: The TileSetAtlasSource atlas has no tile at (3, 70).
   at: has_alternative_tile (scene/resources/2d/tile_set.cpp:5438)
ERROR: TileSetAtlasSource has no tile at (3, 70).
   at: create_alternative_tile (scene/resources/2d/tile_set.cpp:5386)
ERROR: Cannot create tile. The tile is outside the texture or tiles are already present in the space the tile would cover.
   at: create_tile (scene/resources/2d/tile_set.cpp:4986)
ERROR: The TileSetAtlasSource atlas has no tile at (4, 70).
   at: has_alternative_tile (scene/resources/2d/tile_set.cpp:5438)
ERROR: TileSetAtlasSource has no tile at (4, 70).
   at: create_alternative_tile (scene/resources/2d/tile_set.cpp:5386)
ERROR: Cannot create tile. The tile is outside the texture or tiles are already present in the space the tile would cover.
   at: create_tile (scene/resources/2d/tile_set.cpp:4986)
ERROR: The TileSetAtlasSource atlas has no tile at (5, 70).
   at: has_alternative_tile (scene/resources/2d/tile_set.cpp:5438)
ERROR: TileSetAtlasSource has no tile at (5, 70).
   at: create_alternative_tile (scene/resources/2d/tile_set.cpp:5386)
ERROR: Cannot create tile. The tile is outside the texture or tiles are already present in the space the tile would cover.
   at: create_tile (scene/resources/2d/tile_set.cpp:4986)
ERROR: The TileSetAtlasSource atlas has no tile at (6, 70).
   at: has_alternative_tile (scene/resources/2d/tile_set.cpp:5438)
ERROR: TileSetAtlasSource has no tile at (6, 70).
   at: create_alternative_tile (scene/resources/2d/tile_set.cpp:5386)
ERROR: Cannot create tile. The tile is outside the texture or tiles are already present in the space the tile would cover.
   at: create_tile (scene/resources/2d/tile_set.cpp:4986)
ERROR: The TileSetAtlasSource atlas has no tile at (7, 70).
   at: has_alternative_tile (scene/resources/2d/tile_set.cpp:5438)
ERROR: TileSetAtlasSource has no tile at (7, 70).
   at: create_alternative_tile (scene/resources/2d/tile_set.cpp:5386)
ERROR: Cannot create tile. The tile is outside the texture or tiles are already present in the space the tile would cover.
   at: create_tile (scene/resources/2d/tile_set.cpp:4986)
ERROR: The TileSetAtlasSource atlas has no tile at (8, 70).
   at: has_alternative_tile (scene/resources/2d/tile_set.cpp:5438)
ERROR: TileSetAtlasSource has no tile at (8, 70).
   at: create_alternative_tile (scene/resources/2d/tile_set.cpp:5386)
ERROR: Cannot create tile. The tile is outside the texture or tiles are already present in the space the tile would cover.
   at: create_tile (scene/resources/2d/tile_set.cpp:4986)
ERROR: The TileSetAtlasSource atlas has no tile at (9, 70).
   at: has_alternative_tile (scene/resources/2d/tile_set.cpp:5438)
ERROR: TileSetAtlasSource has no tile at (9, 70).
   at: create_alternative_tile (scene/resources/2d/tile_set.cpp:5386)
ERROR: Cannot create tile. The tile is outside the texture or tiles are already present in the space the tile would cover.
   at: create_tile (scene/resources/2d/tile_set.cpp:4986)
ERROR: The TileSetAtlasSource atlas has no tile at (10, 70).
   at: has_alternative_tile (scene/resources/2d/tile_set.cpp:5438)
ERROR: TileSetAtlasSource has no tile at (10, 70).
   at: create_alternative_tile (scene/resources/2d/tile_set.cpp:5386)
ERROR: Cannot create tile. The tile is outside the texture or tiles are already present in the space the tile would cover.
   at: create_tile (scene/resources/2d/tile_set.cpp:4986)
ERROR: The TileSetAtlasSource atlas has no tile at (11, 70).
   at: has_alternative_tile (scene/resources/2d/tile_set.cpp:5438)
ERROR: TileSetAtlasSource has no tile at (11, 70).
   at: create_alternative_tile (scene/resources/2d/tile_set.cpp:5386)
ERROR: Cannot create tile. The tile is outside the texture or tiles are already present in the space the tile would cover.
   at: create_tile (scene/resources/2d/tile_set.cpp:4986)
ERROR: The TileSetAtlasSource atlas has no tile at (12, 70).
   at: has_alternative_tile (scene/resources/2d/tile_set.cpp:5438)
ERROR: TileSetAtlasSource has no tile at (12, 70).
   at: create_alternative_tile (scene/resources/2d/tile_set.cpp:5386)
ERROR: Cannot create tile. The tile is outside the texture or tiles are already present in the space the tile would cover.
   at: create_tile (scene/resources/2d/tile_set.cpp:4986)
ERROR: The TileSetAtlasSource atlas has no tile at (13, 70).
   at: has_alternative_tile (scene/resources/2d/tile_set.cpp:5438)
ERROR: TileSetAtlasSource has no tile at (13, 70).
   at: create_alternative_tile (scene/resources/2d/tile_set.cpp:5386)
ERROR: Cannot create tile. The tile is outside the texture or tiles are already present in the space the tile would cover.
   at: create_tile (scene/resources/2d/tile_set.cpp:4986)
ERROR: The TileSetAtlasSource atlas has no tile at (0, 71).
   at: has_alternative_tile (scene/resources/2d/tile_set.cpp:5438)
ERROR: TileSetAtlasSource has no tile at (0, 71).
   at: create_alternative_tile (scene/resources/2d/tile_set.cpp:5386)
ERROR: Cannot create tile. The tile is outside the texture or tiles are already present in the space the tile would cover.
   at: create_tile (scene/resources/2d/tile_set.cpp:4986)
ERROR: The TileSetAtlasSource atlas has no tile at (1, 71).
   at: has_alternative_tile (scene/resources/2d/tile_set.cpp:5438)
ERROR: TileSetAtlasSource has no tile at (1, 71).
   at: create_alternative_tile (scene/resources/2d/tile_set.cpp:5386)
ERROR: Cannot create tile. The tile is outside the texture or tiles are already present in the space the tile would cover.
   at: create_tile (scene/resources/2d/tile_set.cpp:4986)
ERROR: The TileSetAtlasSource atlas has no tile at (2, 71).
   at: has_alternative_tile (scene/resources/2d/tile_set.cpp:5438)
ERROR: TileSetAtlasSource has no tile at (2, 71).
   at: create_alternative_tile (scene/resources/2d/tile_set.cpp:5386)
ERROR: Cannot create tile. The tile is outside the texture or tiles are already present in the space the tile would cover.
   at: create_tile (scene/resources/2d/tile_set.cpp:4986)
ERROR: The TileSetAtlasSource atlas has no tile at (3, 71).
   at: has_alternative_tile (scene/resources/2d/tile_set.cpp:5438)
ERROR: TileSetAtlasSource has no tile at (3, 71).
   at: create_alternative_tile (scene/resources/2d/tile_set.cpp:5386)
ERROR: Cannot create tile. The tile is outside the texture or tiles are already present in the space the tile would cover.
   at: create_tile (scene/resources/2d/tile_set.cpp:4986)
ERROR: The TileSetAtlasSource atlas has no tile at (4, 71).
   at: has_alternative_tile (scene/resources/2d/tile_set.cpp:5438)
ERROR: TileSetAtlasSource has no tile at (4, 71).
   at: create_alternative_tile (scene/resources/2d/tile_set.cpp:5386)
ERROR: Cannot create tile. The tile is outside the texture or tiles are already present in the space the tile would cover.
   at: create_tile (scene/resources/2d/tile_set.cpp:4986)
ERROR: The TileSetAtlasSource atlas has no tile at (5, 71).
   at: has_alternative_tile (scene/resources/2d/tile_set.cpp:5438)
ERROR: TileSetAtlasSource has no tile at (5, 71).
   at: create_alternative_tile (scene/resources/2d/tile_set.cpp:5386)
ERROR: Cannot create tile. The tile is outside the texture or tiles are already present in the space the tile would cover.
   at: create_tile (scene/resources/2d/tile_set.cpp:4986)
ERROR: The TileSetAtlasSource atlas has no tile at (6, 71).
   at: has_alternative_tile (scene/resources/2d/tile_set.cpp:5438)
ERROR: TileSetAtlasSource has no tile at (6, 71).
   at: create_alternative_tile (scene/resources/2d/tile_set.cpp:5386)
ERROR: Cannot create tile. The tile is outside the texture or tiles are already present in the space the tile would cover.
   at: create_tile (scene/resources/2d/tile_set.cpp:4986)
ERROR: The TileSetAtlasSource atlas has no tile at (7, 71).
   at: has_alternative_tile (scene/resources/2d/tile_set.cpp:5438)
ERROR: TileSetAtlasSource has no tile at (7, 71).
   at: create_alternative_tile (scene/resources/2d/tile_set.cpp:5386)
ERROR: Cannot create tile. The tile is outside the texture or tiles are already present in the space the tile would cover.
   at: create_tile (scene/resources/2d/tile_set.cpp:4986)
ERROR: The TileSetAtlasSource atlas has no tile at (8, 71).
   at: has_alternative_tile (scene/resources/2d/tile_set.cpp:5438)
ERROR: TileSetAtlasSource has no tile at (8, 71).
   at: create_alternative_tile (scene/resources/2d/tile_set.cpp:5386)
ERROR: Cannot create tile. The tile is outside the texture or tiles are already present in the space the tile would cover.
   at: create_tile (scene/resources/2d/tile_set.cpp:4986)
ERROR: The TileSetAtlasSource atlas has no tile at (9, 71).
   at: has_alternative_tile (scene/resources/2d/tile_set.cpp:5438)
ERROR: TileSetAtlasSource has no tile at (9, 71).
   at: create_alternative_tile (scene/resources/2d/tile_set.cpp:5386)
ERROR: Cannot create tile. The tile is outside the texture or tiles are already present in the space the tile would cover.
   at: create_tile (scene/resources/2d/tile_set.cpp:4986)
ERROR: The TileSetAtlasSource atlas has no tile at (10, 71).
   at: has_alternative_tile (scene/resources/2d/tile_set.cpp:5438)
ERROR: TileSetAtlasSource has no tile at (10, 71).
   at: create_alternative_tile (scene/resources/2d/tile_set.cpp:5386)
ERROR: Cannot create tile. The tile is outside the texture or tiles are already present in the space the tile would cover.
   at: create_tile (scene/resources/2d/tile_set.cpp:4986)
ERROR: The TileSetAtlasSource atlas has no tile at (11, 71).
   at: has_alternative_tile (scene/resources/2d/tile_set.cpp:5438)
ERROR: TileSetAtlasSource has no tile at (11, 71).
   at: create_alternative_tile (scene/resources/2d/tile_set.cpp:5386)
ERROR: Cannot create tile. The tile is outside the texture or tiles are already present in the space the tile would cover.
   at: create_tile (scene/resources/2d/tile_set.cpp:4986)
ERROR: The TileSetAtlasSource atlas has no tile at (12, 71).
   at: has_alternative_tile (scene/resources/2d/tile_set.cpp:5438)
ERROR: TileSetAtlasSource has no tile at (12, 71).
   at: create_alternative_tile (scene/resources/2d/tile_set.cpp:5386)
ERROR: Cannot create tile. The tile is outside the texture or tiles are already present in the space the tile would cover.
   at: create_tile (scene/resources/2d/tile_set.cpp:4986)
ERROR: The TileSetAtlasSource atlas has no tile at (13, 71).
   at: has_alternative_tile (scene/resources/2d/tile_set.cpp:5438)
ERROR: TileSetAtlasSource has no tile at (13, 71).
   at: create_alternative_tile (scene/resources/2d/tile_set.cpp:5386)
ERROR: Cannot create tile. The tile is outside the texture or tiles are already present in the space the tile would cover.
   at: create_tile (scene/resources/2d/tile_set.cpp:4986)
ERROR: The TileSetAtlasSource atlas has no tile at (0, 72).
   at: has_alternative_tile (scene/resources/2d/tile_set.cpp:5438)
ERROR: TileSetAtlasSource has no tile at (0, 72).
   at: create_alternative_tile (scene/resources/2d/tile_set.cpp:5386)
ERROR: Cannot create tile. The tile is outside the texture or tiles are already present in the space the tile would cover.
   at: create_tile (scene/resources/2d/tile_set.cpp:4986)
ERROR: The TileSetAtlasSource atlas has no tile at (1, 72).
   at: has_alternative_tile (scene/resources/2d/tile_set.cpp:5438)
ERROR: TileSetAtlasSource has no tile at (1, 72).
   at: create_alternative_tile (scene/resources/2d/tile_set.cpp:5386)
ERROR: Cannot create tile. The tile is outside the texture or tiles are already present in the space the tile would cover.
   at: create_tile (scene/resources/2d/tile_set.cpp:4986)
ERROR: The TileSetAtlasSource atlas has no tile at (2, 72).
   at: has_alternative_tile (scene/resources/2d/tile_set.cpp:5438)
ERROR: TileSetAtlasSource has no tile at (2, 72).
   at: create_alternative_tile (scene/resources/2d/tile_set.cpp:5386)
ERROR: Cannot create tile. The tile is outside the texture or tiles are already present in the space the tile would cover.
   at: create_tile (scene/resources/2d/tile_set.cpp:4986)
ERROR: The TileSetAtlasSource atlas has no tile at (3, 72).
   at: has_alternative_tile (scene/resources/2d/tile_set.cpp:5438)
ERROR: TileSetAtlasSource has no tile at (3, 72).
   at: create_alternative_tile (scene/resources/2d/tile_set.cpp:5386)
ERROR: Cannot create tile. The tile is outside the texture or tiles are already present in the space the tile would cover.
   at: create_tile (scene/resources/2d/tile_set.cpp:4986)
ERROR: The TileSetAtlasSource atlas has no tile at (4, 72).
   at: has_alternative_tile (scene/resources/2d/tile_set.cpp:5438)
ERROR: TileSetAtlasSource has no tile at (4, 72).
   at: create_alternative_tile (scene/resources/2d/tile_set.cpp:5386)
ERROR: Cannot create tile. The tile is outside the texture or tiles are already present in the space the tile would cover.
   at: create_tile (scene/resources/2d/tile_set.cpp:4986)
ERROR: The TileSetAtlasSource atlas has no tile at (5, 72).
   at: has_alternative_tile (scene/resources/2d/tile_set.cpp:5438)
ERROR: TileSetAtlasSource has no tile at (5, 72).
   at: create_alternative_tile (scene/resources/2d/tile_set.cpp:5386)
ERROR: Cannot create tile. The tile is outside the texture or tiles are already present in the space the tile would cover.
   at: create_tile (scene/resources/2d/tile_set.cpp:4986)
ERROR: The TileSetAtlasSource atlas has no tile at (6, 72).
   at: has_alternative_tile (scene/resources/2d/tile_set.cpp:5438)
ERROR: TileSetAtlasSource has no tile at (6, 72).
   at: create_alternative_tile (scene/resources/2d/tile_set.cpp:5386)
ERROR: Cannot create tile. The tile is outside the texture or tiles are already present in the space the tile would cover.
   at: create_tile (scene/resources/2d/tile_set.cpp:4986)
ERROR: The TileSetAtlasSource atlas has no tile at (7, 72).
   at: has_alternative_tile (scene/resources/2d/tile_set.cpp:5438)
ERROR: TileSetAtlasSource has no tile at (7, 72).
   at: create_alternative_tile (scene/resources/2d/tile_set.cpp:5386)
ERROR: Cannot create tile. The tile is outside the texture or tiles are already present in the space the tile would cover.
   at: create_tile (scene/resources/2d/tile_set.cpp:4986)
ERROR: The TileSetAtlasSource atlas has no tile at (8, 72).
   at: has_alternative_tile (scene/resources/2d/tile_set.cpp:5438)
ERROR: TileSetAtlasSource has no tile at (8, 72).
   at: create_alternative_tile (scene/resources/2d/tile_set.cpp:5386)
ERROR: Cannot create tile. The tile is outside the texture or tiles are already present in the space the tile would cover.
   at: create_tile (scene/resources/2d/tile_set.cpp:4986)
ERROR: The TileSetAtlasSource atlas has no tile at (9, 72).
   at: has_alternative_tile (scene/resources/2d/tile_set.cpp:5438)
ERROR: TileSetAtlasSource has no tile at (9, 72).
   at: create_alternative_tile (scene/resources/2d/tile_set.cpp:5386)
ERROR: Cannot create tile. The tile is outside the texture or tiles are already present in the space the tile would cover.
   at: create_tile (scene/resources/2d/tile_set.cpp:4986)
ERROR: The TileSetAtlasSource atlas has no tile at (10, 72).
   at: has_alternative_tile (scene/resources/2d/tile_set.cpp:5438)
ERROR: TileSetAtlasSource has no tile at (10, 72).
   at: create_alternative_tile (scene/resources/2d/tile_set.cpp:5386)
ERROR: Cannot create tile. The tile is outside the texture or tiles are already present in the space the tile would cover.
   at: create_tile (scene/resources/2d/tile_set.cpp:4986)
ERROR: The TileSetAtlasSource atlas has no tile at (11, 72).
   at: has_alternative_tile (scene/resources/2d/tile_set.cpp:5438)
ERROR: TileSetAtlasSource has no tile at (11, 72).
   at: create_alternative_tile (scene/resources/2d/tile_set.cpp:5386)
ERROR: Cannot create tile. The tile is outside the texture or tiles are already present in the space the tile would cover.
   at: create_tile (scene/resources/2d/tile_set.cpp:4986)
ERROR: The TileSetAtlasSource atlas has no tile at (12, 72).
   at: has_alternative_tile (scene/resources/2d/tile_set.cpp:5438)
ERROR: TileSetAtlasSource has no tile at (12, 72).
   at: create_alternative_tile (scene/resources/2d/tile_set.cpp:5386)
ERROR: Cannot create tile. The tile is outside the texture or tiles are already present in the space the tile would cover.
   at: create_tile (scene/resources/2d/tile_set.cpp:4986)
ERROR: The TileSetAtlasSource atlas has no tile at (13, 72).
   at: has_alternative_tile (scene/resources/2d/tile_set.cpp:5438)
ERROR: TileSetAtlasSource has no tile at (13, 72).
   at: create_alternative_tile (scene/resources/2d/tile_set.cpp:5386)
ERROR: Cannot create tile. The tile is outside the texture or tiles are already present in the space the tile would cover.
   at: create_tile (scene/resources/2d/tile_set.cpp:4986)
ERROR: The TileSetAtlasSource atlas has no tile at (14, 72).
   at: has_alternative_tile (scene/resources/2d/tile_set.cpp:5438)
ERROR: TileSetAtlasSource has no tile at (14, 72).
   at: create_alternative_tile (scene/resources/2d/tile_set.cpp:5386)
ERROR: Cannot create tile. The tile is outside the texture or tiles are already present in the space the tile would cover.
   at: create_tile (scene/resources/2d/tile_set.cpp:4986)
ERROR: The TileSetAtlasSource atlas has no tile at (15, 72).
   at: has_alternative_tile (scene/resources/2d/tile_set.cpp:5438)
ERROR: TileSetAtlasSource has no tile at (15, 72).
   at: create_alternative_tile (scene/resources/2d/tile_set.cpp:5386)
ERROR: Cannot create tile. The tile is outside the texture or tiles are already present in the space the tile would cover.
   at: create_tile (scene/resources/2d/tile_set.cpp:4986)
ERROR: The TileSetAtlasSource atlas has no tile at (0, 73).
   at: has_alternative_tile (scene/resources/2d/tile_set.cpp:5438)
ERROR: TileSetAtlasSource has no tile at (0, 73).
   at: create_alternative_tile (scene/resources/2d/tile_set.cpp:5386)
ERROR: Cannot create tile. The tile is outside the texture or tiles are already present in the space the tile would cover.
   at: create_tile (scene/resources/2d/tile_set.cpp:4986)
ERROR: The TileSetAtlasSource atlas has no tile at (1, 73).
   at: has_alternative_tile (scene/resources/2d/tile_set.cpp:5438)
ERROR: TileSetAtlasSource has no tile at (1, 73).
   at: create_alternative_tile (scene/resources/2d/tile_set.cpp:5386)
ERROR: Cannot create tile. The tile is outside the texture or tiles are already present in the space the tile would cover.
   at: create_tile (scene/resources/2d/tile_set.cpp:4986)
ERROR: The TileSetAtlasSource atlas has no tile at (2, 73).
   at: has_alternative_tile (scene/resources/2d/tile_set.cpp:5438)
ERROR: TileSetAtlasSource has no tile at (2, 73).
   at: create_alternative_tile (scene/resources/2d/tile_set.cpp:5386)
ERROR: Cannot create tile. The tile is outside the texture or tiles are already present in the space the tile would cover.
   at: create_tile (scene/resources/2d/tile_set.cpp:4986)
ERROR: The TileSetAtlasSource atlas has no tile at (3, 73).
   at: has_alternative_tile (scene/resources/2d/tile_set.cpp:5438)
ERROR: TileSetAtlasSource has no tile at (3, 73).
   at: create_alternative_tile (scene/resources/2d/tile_set.cpp:5386)
ERROR: Cannot create tile. The tile is outside the texture or tiles are already present in the space the tile would cover.
   at: create_tile (scene/resources/2d/tile_set.cpp:4986)
ERROR: The TileSetAtlasSource atlas has no tile at (4, 73).
   at: has_alternative_tile (scene/resources/2d/tile_set.cpp:5438)
ERROR: TileSetAtlasSource has no tile at (4, 73).
   at: create_alternative_tile (scene/resources/2d/tile_set.cpp:5386)
ERROR: Cannot create tile. The tile is outside the texture or tiles are already present in the space the tile would cover.
   at: create_tile (scene/resources/2d/tile_set.cpp:4986)
ERROR: The TileSetAtlasSource atlas has no tile at (5, 73).
   at: has_alternative_tile (scene/resources/2d/tile_set.cpp:5438)
ERROR: TileSetAtlasSource has no tile at (5, 73).
   at: create_alternative_tile (scene/resources/2d/tile_set.cpp:5386)
ERROR: Cannot create tile. The tile is outside the texture or tiles are already present in the space the tile would cover.
   at: create_tile (scene/resources/2d/tile_set.cpp:4986)
ERROR: The TileSetAtlasSource atlas has no tile at (6, 73).
   at: has_alternative_tile (scene/resources/2d/tile_set.cpp:5438)
ERROR: TileSetAtlasSource has no tile at (6, 73).
   at: create_alternative_tile (scene/resources/2d/tile_set.cpp:5386)
ERROR: Cannot create tile. The tile is outside the texture or tiles are already present in the space the tile would cover.
   at: create_tile (scene/resources/2d/tile_set.cpp:4986)
ERROR: The TileSetAtlasSource atlas has no tile at (7, 73).
   at: has_alternative_tile (scene/resources/2d/tile_set.cpp:5438)
ERROR: TileSetAtlasSource has no tile at (7, 73).
   at: create_alternative_tile (scene/resources/2d/tile_set.cpp:5386)
ERROR: Cannot create tile. The tile is outside the texture or tiles are already present in the space the tile would cover.
   at: create_tile (scene/resources/2d/tile_set.cpp:4986)
ERROR: The TileSetAtlasSource atlas has no tile at (8, 73).
   at: has_alternative_tile (scene/resources/2d/tile_set.cpp:5438)
ERROR: TileSetAtlasSource has no tile at (8, 73).
   at: create_alternative_tile (scene/resources/2d/tile_set.cpp:5386)
ERROR: Cannot create tile. The tile is outside the texture or tiles are already present in the space the tile would cover.
   at: create_tile (scene/resources/2d/tile_set.cpp:4986)
ERROR: The TileSetAtlasSource atlas has no tile at (9, 73).
   at: has_alternative_tile (scene/resources/2d/tile_set.cpp:5438)
ERROR: TileSetAtlasSource has no tile at (9, 73).
   at: create_alternative_tile (scene/resources/2d/tile_set.cpp:5386)
ERROR: Cannot create tile. The tile is outside the texture or tiles are already present in the space the tile would cover.
   at: create_tile (scene/resources/2d/tile_set.cpp:4986)
ERROR: The TileSetAtlasSource atlas has no tile at (10, 73).
   at: has_alternative_tile (scene/resources/2d/tile_set.cpp:5438)
ERROR: TileSetAtlasSource has no tile at (10, 73).
   at: create_alternative_tile (scene/resources/2d/tile_set.cpp:5386)
ERROR: Cannot create tile. The tile is outside the texture or tiles are already present in the space the tile would cover.
   at: create_tile (scene/resources/2d/tile_set.cpp:4986)
ERROR: The TileSetAtlasSource atlas has no tile at (11, 73).
   at: has_alternative_tile (scene/resources/2d/tile_set.cpp:5438)
ERROR: TileSetAtlasSource has no tile at (11, 73).
   at: create_alternative_tile (scene/resources/2d/tile_set.cpp:5386)
ERROR: Cannot create tile. The tile is outside the texture or tiles are already present in the space the tile would cover.
   at: create_tile (scene/resources/2d/tile_set.cpp:4986)
ERROR: The TileSetAtlasSource atlas has no tile at (12, 73).
   at: has_alternative_tile (scene/resources/2d/tile_set.cpp:5438)
ERROR: TileSetAtlasSource has no tile at (12, 73).
   at: create_alternative_tile (scene/resources/2d/tile_set.cpp:5386)
ERROR: Cannot create tile. The tile is outside the texture or tiles are already present in the space the tile would cover.
   at: create_tile (scene/resources/2d/tile_set.cpp:4986)
ERROR: The TileSetAtlasSource atlas has no tile at (13, 73).
   at: has_alternative_tile (scene/resources/2d/tile_set.cpp:5438)
ERROR: TileSetAtlasSource has no tile at (13, 73).
   at: create_alternative_tile (scene/resources/2d/tile_set.cpp:5386)
ERROR: Cannot create tile. The tile is outside the texture or tiles are already present in the space the tile would cover.
   at: create_tile (scene/resources/2d/tile_set.cpp:4986)
ERROR: The TileSetAtlasSource atlas has no tile at (14, 73).
   at: has_alternative_tile (scene/resources/2d/tile_set.cpp:5438)
ERROR: TileSetAtlasSource has no tile at (14, 73).
   at: create_alternative_tile (scene/resources/2d/tile_set.cpp:5386)
ERROR: Cannot create tile. The tile is outside the texture or tiles are already present in the space the tile would cover.
   at: create_tile (scene/resources/2d/tile_set.cpp:4986)
ERROR: The TileSetAtlasSource atlas has no tile at (15, 73).
   at: has_alternative_tile (scene/resources/2d/tile_set.cpp:5438)
ERROR: TileSetAtlasSource has no tile at (15, 73).
   at: create_alternative_tile (scene/resources/2d/tile_set.cpp:5386)
ERROR: Cannot create tile. The tile is outside the texture or tiles are already present in the space the tile would cover.
   at: create_tile (scene/resources/2d/tile_set.cpp:4986)
ERROR: The TileSetAtlasSource atlas has no tile at (0, 74).
   at: has_alternative_tile (scene/resources/2d/tile_set.cpp:5438)
ERROR: TileSetAtlasSource has no tile at (0, 74).
   at: create_alternative_tile (scene/resources/2d/tile_set.cpp:5386)
ERROR: Cannot create tile. The tile is outside the texture or tiles are already present in the space the tile would cover.
   at: create_tile (scene/resources/2d/tile_set.cpp:4986)
ERROR: The TileSetAtlasSource atlas has no tile at (1, 74).
   at: has_alternative_tile (scene/resources/2d/tile_set.cpp:5438)
ERROR: TileSetAtlasSource has no tile at (1, 74).
   at: create_alternative_tile (scene/resources/2d/tile_set.cpp:5386)
ERROR: Cannot create tile. The tile is outside the texture or tiles are already present in the space the tile would cover.
   at: create_tile (scene/resources/2d/tile_set.cpp:4986)
ERROR: The TileSetAtlasSource atlas has no tile at (2, 74).
   at: has_alternative_tile (scene/resources/2d/tile_set.cpp:5438)
ERROR: TileSetAtlasSource has no tile at (2, 74).
   at: create_alternative_tile (scene/resources/2d/tile_set.cpp:5386)
ERROR: Cannot create tile. The tile is outside the texture or tiles are already present in the space the tile would cover.
   at: create_tile (scene/resources/2d/tile_set.cpp:4986)
ERROR: The TileSetAtlasSource atlas has no tile at (3, 74).
   at: has_alternative_tile (scene/resources/2d/tile_set.cpp:5438)
ERROR: TileSetAtlasSource has no tile at (3, 74).
   at: create_alternative_tile (scene/resources/2d/tile_set.cpp:5386)
ERROR: Cannot create tile. The tile is outside the texture or tiles are already present in the space the tile would cover.
   at: create_tile (scene/resources/2d/tile_set.cpp:4986)
ERROR: The TileSetAtlasSource atlas has no tile at (4, 74).
   at: has_alternative_tile (scene/resources/2d/tile_set.cpp:5438)
ERROR: TileSetAtlasSource has no tile at (4, 74).
   at: create_alternative_tile (scene/resources/2d/tile_set.cpp:5386)
ERROR: Cannot create tile. The tile is outside the texture or tiles are already present in the space the tile would cover.
   at: create_tile (scene/resources/2d/tile_set.cpp:4986)
ERROR: The TileSetAtlasSource atlas has no tile at (5, 74).
   at: has_alternative_tile (scene/resources/2d/tile_set.cpp:5438)
ERROR: TileSetAtlasSource has no tile at (5, 74).
   at: create_alternative_tile (scene/resources/2d/tile_set.cpp:5386)
ERROR: Cannot create tile. The tile is outside the texture or tiles are already present in the space the tile would cover.
   at: create_tile (scene/resources/2d/tile_set.cpp:4986)
ERROR: The TileSetAtlasSource atlas has no tile at (6, 74).
   at: has_alternative_tile (scene/resources/2d/tile_set.cpp:5438)
ERROR: TileSetAtlasSource has no tile at (6, 74).
   at: create_alternative_tile (scene/resources/2d/tile_set.cpp:5386)
ERROR: Cannot create tile. The tile is outside the texture or tiles are already present in the space the tile would cover.
   at: create_tile (scene/resources/2d/tile_set.cpp:4986)
ERROR: The TileSetAtlasSource atlas has no tile at (7, 74).
   at: has_alternative_tile (scene/resources/2d/tile_set.cpp:5438)
ERROR: TileSetAtlasSource has no tile at (7, 74).
   at: create_alternative_tile (scene/resources/2d/tile_set.cpp:5386)
ERROR: Cannot create tile. The tile is outside the texture or tiles are already present in the space the tile would cover.
   at: create_tile (scene/resources/2d/tile_set.cpp:4986)
ERROR: The TileSetAtlasSource atlas has no tile at (8, 74).
   at: has_alternative_tile (scene/resources/2d/tile_set.cpp:5438)
ERROR: TileSetAtlasSource has no tile at (8, 74).
   at: create_alternative_tile (scene/resources/2d/tile_set.cpp:5386)
ERROR: Cannot create tile. The tile is outside the texture or tiles are already present in the space the tile would cover.
   at: create_tile (scene/resources/2d/tile_set.cpp:4986)
ERROR: The TileSetAtlasSource atlas has no tile at (9, 74).
   at: has_alternative_tile (scene/resources/2d/tile_set.cpp:5438)
ERROR: TileSetAtlasSource has no tile at (9, 74).
   at: create_alternative_tile (scene/resources/2d/tile_set.cpp:5386)
ERROR: Cannot create tile. The tile is outside the texture or tiles are already present in the space the tile would cover.
   at: create_tile (scene/resources/2d/tile_set.cpp:4986)
ERROR: The TileSetAtlasSource atlas has no tile at (10, 74).
   at: has_alternative_tile (scene/resources/2d/tile_set.cpp:5438)
ERROR: TileSetAtlasSource has no tile at (10, 74).
   at: create_alternative_tile (scene/resources/2d/tile_set.cpp:5386)
ERROR: Cannot create tile. The tile is outside the texture or tiles are already present in the space the tile would cover.
   at: create_tile (scene/resources/2d/tile_set.cpp:4986)
ERROR: The TileSetAtlasSource atlas has no tile at (11, 74).
   at: has_alternative_tile (scene/resources/2d/tile_set.cpp:5438)
ERROR: TileSetAtlasSource has no tile at (11, 74).
   at: create_alternative_tile (scene/resources/2d/tile_set.cpp:5386)
ERROR: Cannot create tile. The tile is outside the texture or tiles are already present in the space the tile would cover.
   at: create_tile (scene/resources/2d/tile_set.cpp:4986)
ERROR: The TileSetAtlasSource atlas has no tile at (12, 74).
   at: has_alternative_tile (scene/resources/2d/tile_set.cpp:5438)
ERROR: TileSetAtlasSource has no tile at (12, 74).
   at: create_alternative_tile (scene/resources/2d/tile_set.cpp:5386)
ERROR: Cannot create tile. The tile is outside the texture or tiles are already present in the space the tile would cover.
   at: create_tile (scene/resources/2d/tile_set.cpp:4986)
ERROR: The TileSetAtlasSource atlas has no tile at (13, 74).
   at: has_alternative_tile (scene/resources/2d/tile_set.cpp:5438)
ERROR: TileSetAtlasSource has no tile at (13, 74).
   at: create_alternative_tile (scene/resources/2d/tile_set.cpp:5386)
ERROR: Cannot create tile. The tile is outside the texture or tiles are already present in the space the tile would cover.
   at: create_tile (scene/resources/2d/tile_set.cpp:4986)
ERROR: The TileSetAtlasSource atlas has no tile at (14, 74).
   at: has_alternative_tile (scene/resources/2d/tile_set.cpp:5438)
ERROR: TileSetAtlasSource has no tile at (14, 74).
   at: create_alternative_tile (scene/resources/2d/tile_set.cpp:5386)
ERROR: Cannot create tile. The tile is outside the texture or tiles are already present in the space the tile would cover.
   at: create_tile (scene/resources/2d/tile_set.cpp:4986)
ERROR: The TileSetAtlasSource atlas has no tile at (15, 74).
   at: has_alternative_tile (scene/resources/2d/tile_set.cpp:5438)
ERROR: TileSetAtlasSource has no tile at (15, 74).
   at: create_alternative_tile (scene/resources/2d/tile_set.cpp:5386)
ERROR: Cannot create tile. The tile is outside the texture or tiles are already present in the space the tile would cover.
   at: create_tile (scene/resources/2d/tile_set.cpp:4986)
ERROR: The TileSetAtlasSource atlas has no tile at (0, 75).
   at: has_alternative_tile (scene/resources/2d/tile_set.cpp:5438)
ERROR: TileSetAtlasSource has no tile at (0, 75).
   at: create_alternative_tile (scene/resources/2d/tile_set.cpp:5386)
ERROR: Cannot create tile. The tile is outside the texture or tiles are already present in the space the tile would cover.
   at: create_tile (scene/resources/2d/tile_set.cpp:4986)
ERROR: The TileSetAtlasSource atlas has no tile at (1, 75).
   at: has_alternative_tile (scene/resources/2d/tile_set.cpp:5438)
ERROR: TileSetAtlasSource has no tile at (1, 75).
   at: create_alternative_tile (scene/resources/2d/tile_set.cpp:5386)
ERROR: Cannot create tile. The tile is outside the texture or tiles are already present in the space the tile would cover.
   at: create_tile (scene/resources/2d/tile_set.cpp:4986)
ERROR: The TileSetAtlasSource atlas has no tile at (2, 75).
   at: has_alternative_tile (scene/resources/2d/tile_set.cpp:5438)
ERROR: TileSetAtlasSource has no tile at (2, 75).
   at: create_alternative_tile (scene/resources/2d/tile_set.cpp:5386)
ERROR: Cannot create tile. The tile is outside the texture or tiles are already present in the space the tile would cover.
   at: create_tile (scene/resources/2d/tile_set.cpp:4986)
ERROR: The TileSetAtlasSource atlas has no tile at (3, 75).
   at: has_alternative_tile (scene/resources/2d/tile_set.cpp:5438)
ERROR: TileSetAtlasSource has no tile at (3, 75).
   at: create_alternative_tile (scene/resources/2d/tile_set.cpp:5386)
ERROR: Cannot create tile. The tile is outside the texture or tiles are already present in the space the tile would cover.
   at: create_tile (scene/resources/2d/tile_set.cpp:4986)
ERROR: The TileSetAtlasSource atlas has no tile at (4, 75).
   at: has_alternative_tile (scene/resources/2d/tile_set.cpp:5438)
ERROR: TileSetAtlasSource has no tile at (4, 75).
   at: create_alternative_tile (scene/resources/2d/tile_set.cpp:5386)
ERROR: Cannot create tile. The tile is outside the texture or tiles are already present in the space the tile would cover.
   at: create_tile (scene/resources/2d/tile_set.cpp:4986)
ERROR: The TileSetAtlasSource atlas has no tile at (5, 75).
   at: has_alternative_tile (scene/resources/2d/tile_set.cpp:5438)
ERROR: TileSetAtlasSource has no tile at (5, 75).
   at: create_alternative_tile (scene/resources/2d/tile_set.cpp:5386)
ERROR: Cannot create tile. The tile is outside the texture or tiles are already present in the space the tile would cover.
   at: create_tile (scene/resources/2d/tile_set.cpp:4986)
ERROR: The TileSetAtlasSource atlas has no tile at (6, 75).
   at: has_alternative_tile (scene/resources/2d/tile_set.cpp:5438)
ERROR: TileSetAtlasSource has no tile at (6, 75).
   at: create_alternative_tile (scene/resources/2d/tile_set.cpp:5386)
ERROR: Cannot create tile. The tile is outside the texture or tiles are already present in the space the tile would cover.
   at: create_tile (scene/resources/2d/tile_set.cpp:4986)
ERROR: The TileSetAtlasSource atlas has no tile at (7, 75).
   at: has_alternative_tile (scene/resources/2d/tile_set.cpp:5438)
ERROR: TileSetAtlasSource has no tile at (7, 75).
   at: create_alternative_tile (scene/resources/2d/tile_set.cpp:5386)
ERROR: Cannot create tile. The tile is outside the texture or tiles are already present in the space the tile would cover.
   at: create_tile (scene/resources/2d/tile_set.cpp:4986)
ERROR: The TileSetAtlasSource atlas has no tile at (8, 75).
   at: has_alternative_tile (scene/resources/2d/tile_set.cpp:5438)
ERROR: TileSetAtlasSource has no tile at (8, 75).
   at: create_alternative_tile (scene/resources/2d/tile_set.cpp:5386)
ERROR: Cannot create tile. The tile is outside the texture or tiles are already present in the space the tile would cover.
   at: create_tile (scene/resources/2d/tile_set.cpp:4986)
ERROR: The TileSetAtlasSource atlas has no tile at (9, 75).
   at: has_alternative_tile (scene/resources/2d/tile_set.cpp:5438)
ERROR: TileSetAtlasSource has no tile at (9, 75).
   at: create_alternative_tile (scene/resources/2d/tile_set.cpp:5386)
ERROR: Cannot create tile. The tile is outside the texture or tiles are already present in the space the tile would cover.
   at: create_tile (scene/resources/2d/tile_set.cpp:4986)
ERROR: The TileSetAtlasSource atlas has no tile at (10, 75).
   at: has_alternative_tile (scene/resources/2d/tile_set.cpp:5438)
ERROR: TileSetAtlasSource has no tile at (10, 75).
   at: create_alternative_tile (scene/resources/2d/tile_set.cpp:5386)
ERROR: Cannot create tile. The tile is outside the texture or tiles are already present in the space the tile would cover.
   at: create_tile (scene/resources/2d/tile_set.cpp:4986)
ERROR: The TileSetAtlasSource atlas has no tile at (11, 75).
   at: has_alternative_tile (scene/resources/2d/tile_set.cpp:5438)
ERROR: TileSetAtlasSource has no tile at (11, 75).
   at: create_alternative_tile (scene/resources/2d/tile_set.cpp:5386)
ERROR: Cannot create tile. The tile is outside the texture or tiles are already present in the space the tile would cover.
   at: create_tile (scene/resources/2d/tile_set.cpp:4986)
ERROR: The TileSetAtlasSource atlas has no tile at (12, 75).
   at: has_alternative_tile (scene/resources/2d/tile_set.cpp:5438)
ERROR: TileSetAtlasSource has no tile at (12, 75).
   at: create_alternative_tile (scene/resources/2d/tile_set.cpp:5386)
ERROR: Cannot create tile. The tile is outside the texture or tiles are already present in the space the tile would cover.
   at: create_tile (scene/resources/2d/tile_set.cpp:4986)
ERROR: The TileSetAtlasSource atlas has no tile at (13, 75).
   at: has_alternative_tile (scene/resources/2d/tile_set.cpp:5438)
ERROR: TileSetAtlasSource has no tile at (13, 75).
   at: create_alternative_tile (scene/resources/2d/tile_set.cpp:5386)
ERROR: Cannot create tile. The tile is outside the texture or tiles are already present in the space the tile would cover.
   at: create_tile (scene/resources/2d/tile_set.cpp:4986)
ERROR: The TileSetAtlasSource atlas has no tile at (14, 75).
   at: has_alternative_tile (scene/resources/2d/tile_set.cpp:5438)
ERROR: TileSetAtlasSource has no tile at (14, 75).
   at: create_alternative_tile (scene/resources/2d/tile_set.cpp:5386)
ERROR: Cannot create tile. The tile is outside the texture or tiles are already present in the space the tile would cover.
   at: create_tile (scene/resources/2d/tile_set.cpp:4986)
ERROR: The TileSetAtlasSource atlas has no tile at (15, 75).
   at: has_alternative_tile (scene/resources/2d/tile_set.cpp:5438)
ERROR: TileSetAtlasSource has no tile at (15, 75).
   at: create_alternative_tile (scene/resources/2d/tile_set.cpp:5386)
ERROR: Cannot create tile. The tile is outside the texture or tiles are already present in the space the tile would cover.
   at: create_tile (scene/resources/2d/tile_set.cpp:4986)
ERROR: The TileSetAtlasSource atlas has no tile at (0, 76).
   at: has_alternative_tile (scene/resources/2d/tile_set.cpp:5438)
ERROR: TileSetAtlasSource has no tile at (0, 76).
   at: create_alternative_tile (scene/resources/2d/tile_set.cpp:5386)
ERROR: Cannot create tile. The tile is outside the texture or tiles are already present in the space the tile would cover.
   at: create_tile (scene/resources/2d/tile_set.cpp:4986)
ERROR: The TileSetAtlasSource atlas has no tile at (1, 76).
   at: has_alternative_tile (scene/resources/2d/tile_set.cpp:5438)
ERROR: TileSetAtlasSource has no tile at (1, 76).
   at: create_alternative_tile (scene/resources/2d/tile_set.cpp:5386)
ERROR: Cannot create tile. The tile is outside the texture or tiles are already present in the space the tile would cover.
   at: create_tile (scene/resources/2d/tile_set.cpp:4986)
ERROR: The TileSetAtlasSource atlas has no tile at (2, 76).
   at: has_alternative_tile (scene/resources/2d/tile_set.cpp:5438)
ERROR: TileSetAtlasSource has no tile at (2, 76).
   at: create_alternative_tile (scene/resources/2d/tile_set.cpp:5386)
ERROR: Cannot create tile. The tile is outside the texture or tiles are already present in the space the tile would cover.
   at: create_tile (scene/resources/2d/tile_set.cpp:4986)
ERROR: The TileSetAtlasSource atlas has no tile at (3, 76).
   at: has_alternative_tile (scene/resources/2d/tile_set.cpp:5438)
ERROR: TileSetAtlasSource has no tile at (3, 76).
   at: create_alternative_tile (scene/resources/2d/tile_set.cpp:5386)
ERROR: Cannot create tile. The tile is outside the texture or tiles are already present in the space the tile would cover.
   at: create_tile (scene/resources/2d/tile_set.cpp:4986)
ERROR: The TileSetAtlasSource atlas has no tile at (4, 76).
   at: has_alternative_tile (scene/resources/2d/tile_set.cpp:5438)
ERROR: TileSetAtlasSource has no tile at (4, 76).
   at: create_alternative_tile (scene/resources/2d/tile_set.cpp:5386)
ERROR: Cannot create tile. The tile is outside the texture or tiles are already present in the space the tile would cover.
   at: create_tile (scene/resources/2d/tile_set.cpp:4986)
ERROR: The TileSetAtlasSource atlas has no tile at (5, 76).
   at: has_alternative_tile (scene/resources/2d/tile_set.cpp:5438)
ERROR: TileSetAtlasSource has no tile at (5, 76).
   at: create_alternative_tile (scene/resources/2d/tile_set.cpp:5386)
ERROR: Cannot create tile. The tile is outside the texture or tiles are already present in the space the tile would cover.
   at: create_tile (scene/resources/2d/tile_set.cpp:4986)
ERROR: The TileSetAtlasSource atlas has no tile at (6, 76).
   at: has_alternative_tile (scene/resources/2d/tile_set.cpp:5438)
ERROR: TileSetAtlasSource has no tile at (6, 76).
   at: create_alternative_tile (scene/resources/2d/tile_set.cpp:5386)
ERROR: Cannot create tile. The tile is outside the texture or tiles are already present in the space the tile would cover.
   at: create_tile (scene/resources/2d/tile_set.cpp:4986)
ERROR: The TileSetAtlasSource atlas has no tile at (7, 76).
   at: has_alternative_tile (scene/resources/2d/tile_set.cpp:5438)
ERROR: TileSetAtlasSource has no tile at (7, 76).
   at: create_alternative_tile (scene/resources/2d/tile_set.cpp:5386)
ERROR: Cannot create tile. The tile is outside the texture or tiles are already present in the space the tile would cover.
   at: create_tile (scene/resources/2d/tile_set.cpp:4986)
ERROR: The TileSetAtlasSource atlas has no tile at (8, 76).
   at: has_alternative_tile (scene/resources/2d/tile_set.cpp:5438)
ERROR: TileSetAtlasSource has no tile at (8, 76).
   at: create_alternative_tile (scene/resources/2d/tile_set.cpp:5386)
ERROR: Cannot create tile. The tile is outside the texture or tiles are already present in the space the tile would cover.
   at: create_tile (scene/resources/2d/tile_set.cpp:4986)
ERROR: The TileSetAtlasSource atlas has no tile at (9, 76).
   at: has_alternative_tile (scene/resources/2d/tile_set.cpp:5438)
ERROR: TileSetAtlasSource has no tile at (9, 76).
   at: create_alternative_tile (scene/resources/2d/tile_set.cpp:5386)
ERROR: Cannot create tile. The tile is outside the texture or tiles are already present in the space the tile would cover.
   at: create_tile (scene/resources/2d/tile_set.cpp:4986)
ERROR: The TileSetAtlasSource atlas has no tile at (10, 76).
   at: has_alternative_tile (scene/resources/2d/tile_set.cpp:5438)
ERROR: TileSetAtlasSource has no tile at (10, 76).
   at: create_alternative_tile (scene/resources/2d/tile_set.cpp:5386)
ERROR: Cannot create tile. The tile is outside the texture or tiles are already present in the space the tile would cover.
   at: create_tile (scene/resources/2d/tile_set.cpp:4986)
ERROR: The TileSetAtlasSource atlas has no tile at (11, 76).
   at: has_alternative_tile (scene/resources/2d/tile_set.cpp:5438)
ERROR: TileSetAtlasSource has no tile at (11, 76).
   at: create_alternative_tile (scene/resources/2d/tile_set.cpp:5386)
ERROR: Cannot create tile. The tile is outside the texture or tiles are already present in the space the tile would cover.
   at: create_tile (scene/resources/2d/tile_set.cpp:4986)
ERROR: The TileSetAtlasSource atlas has no tile at (12, 76).
   at: has_alternative_tile (scene/resources/2d/tile_set.cpp:5438)
ERROR: TileSetAtlasSource has no tile at (12, 76).
   at: create_alternative_tile (scene/resources/2d/tile_set.cpp:5386)
ERROR: Cannot create tile. The tile is outside the texture or tiles are already present in the space the tile would cover.
   at: create_tile (scene/resources/2d/tile_set.cpp:4986)
ERROR: The TileSetAtlasSource atlas has no tile at (13, 76).
   at: has_alternative_tile (scene/resources/2d/tile_set.cpp:5438)
ERROR: TileSetAtlasSource has no tile at (13, 76).
   at: create_alternative_tile (scene/resources/2d/tile_set.cpp:5386)
ERROR: Cannot create tile. The tile is outside the texture or tiles are already present in the space the tile would cover.
   at: create_tile (scene/resources/2d/tile_set.cpp:4986)
ERROR: The TileSetAtlasSource atlas has no tile at (14, 76).
   at: has_alternative_tile (scene/resources/2d/tile_set.cpp:5438)
ERROR: TileSetAtlasSource has no tile at (14, 76).
   at: create_alternative_tile (scene/resources/2d/tile_set.cpp:5386)
ERROR: Cannot create tile. The tile is outside the texture or tiles are already present in the space the tile would cover.
   at: create_tile (scene/resources/2d/tile_set.cpp:4986)
ERROR: The TileSetAtlasSource atlas has no tile at (15, 76).
   at: has_alternative_tile (scene/resources/2d/tile_set.cpp:5438)
ERROR: TileSetAtlasSource has no tile at (15, 76).
   at: create_alternative_tile (scene/resources/2d/tile_set.cpp:5386)
ERROR: Cannot create tile. The tile is outside the texture or tiles are already present in the space the tile would cover.
   at: create_tile (scene/resources/2d/tile_set.cpp:4986)
ERROR: The TileSetAtlasSource atlas has no tile at (0, 77).
   at: has_alternative_tile (scene/resources/2d/tile_set.cpp:5438)
ERROR: TileSetAtlasSource has no tile at (0, 77).
   at: create_alternative_tile (scene/resources/2d/tile_set.cpp:5386)
ERROR: Cannot create tile. The tile is outside the texture or tiles are already present in the space the tile would cover.
   at: create_tile (scene/resources/2d/tile_set.cpp:4986)
ERROR: The TileSetAtlasSource atlas has no tile at (1, 77).
   at: has_alternative_tile (scene/resources/2d/tile_set.cpp:5438)
ERROR: TileSetAtlasSource has no tile at (1, 77).
   at: create_alternative_tile (scene/resources/2d/tile_set.cpp:5386)
ERROR: Cannot create tile. The tile is outside the texture or tiles are already present in the space the tile would cover.
   at: create_tile (scene/resources/2d/tile_set.cpp:4986)
ERROR: The TileSetAtlasSource atlas has no tile at (2, 77).
   at: has_alternative_tile (scene/resources/2d/tile_set.cpp:5438)
ERROR: TileSetAtlasSource has no tile at (2, 77).
   at: create_alternative_tile (scene/resources/2d/tile_set.cpp:5386)
ERROR: Cannot create tile. The tile is outside the texture or tiles are already present in the space the tile would cover.
   at: create_tile (scene/resources/2d/tile_set.cpp:4986)
ERROR: The TileSetAtlasSource atlas has no tile at (3, 77).
   at: has_alternative_tile (scene/resources/2d/tile_set.cpp:5438)
ERROR: TileSetAtlasSource has no tile at (3, 77).
   at: create_alternative_tile (scene/resources/2d/tile_set.cpp:5386)
ERROR: Cannot create tile. The tile is outside the texture or tiles are already present in the space the tile would cover.
   at: create_tile (scene/resources/2d/tile_set.cpp:4986)
ERROR: The TileSetAtlasSource atlas has no tile at (4, 77).
   at: has_alternative_tile (scene/resources/2d/tile_set.cpp:5438)
ERROR: TileSetAtlasSource has no tile at (4, 77).
   at: create_alternative_tile (scene/resources/2d/tile_set.cpp:5386)
ERROR: Cannot create tile. The tile is outside the texture or tiles are already present in the space the tile would cover.
   at: create_tile (scene/resources/2d/tile_set.cpp:4986)
ERROR: The TileSetAtlasSource atlas has no tile at (5, 77).
   at: has_alternative_tile (scene/resources/2d/tile_set.cpp:5438)
ERROR: TileSetAtlasSource has no tile at (5, 77).
   at: create_alternative_tile (scene/resources/2d/tile_set.cpp:5386)
ERROR: Cannot create tile. The tile is outside the texture or tiles are already present in the space the tile would cover.
   at: create_tile (scene/resources/2d/tile_set.cpp:4986)
ERROR: The TileSetAtlasSource atlas has no tile at (6, 77).
   at: has_alternative_tile (scene/resources/2d/tile_set.cpp:5438)
ERROR: TileSetAtlasSource has no tile at (6, 77).
   at: create_alternative_tile (scene/resources/2d/tile_set.cpp:5386)
ERROR: Cannot create tile. The tile is outside the texture or tiles are already present in the space the tile would cover.
   at: create_tile (scene/resources/2d/tile_set.cpp:4986)
ERROR: The TileSetAtlasSource atlas has no tile at (7, 77).
   at: has_alternative_tile (scene/resources/2d/tile_set.cpp:5438)
ERROR: TileSetAtlasSource has no tile at (7, 77).
   at: create_alternative_tile (scene/resources/2d/tile_set.cpp:5386)
ERROR: Cannot create tile. The tile is outside the texture or tiles are already present in the space the tile would cover.
   at: create_tile (scene/resources/2d/tile_set.cpp:4986)
ERROR: The TileSetAtlasSource atlas has no tile at (8, 77).
   at: has_alternative_tile (scene/resources/2d/tile_set.cpp:5438)
ERROR: TileSetAtlasSource has no tile at (8, 77).
   at: create_alternative_tile (scene/resources/2d/tile_set.cpp:5386)
ERROR: Cannot create tile. The tile is outside the texture or tiles are already present in the space the tile would cover.
   at: create_tile (scene/resources/2d/tile_set.cpp:4986)
ERROR: The TileSetAtlasSource atlas has no tile at (9, 77).
   at: has_alternative_tile (scene/resources/2d/tile_set.cpp:5438)
ERROR: TileSetAtlasSource has no tile at (9, 77).
   at: create_alternative_tile (scene/resources/2d/tile_set.cpp:5386)
ERROR: Cannot create tile. The tile is outside the texture or tiles are already present in the space the tile would cover.
   at: create_tile (scene/resources/2d/tile_set.cpp:4986)
ERROR: The TileSetAtlasSource atlas has no tile at (10, 77).
   at: has_alternative_tile (scene/resources/2d/tile_set.cpp:5438)
ERROR: TileSetAtlasSource has no tile at (10, 77).
   at: create_alternative_tile (scene/resources/2d/tile_set.cpp:5386)
ERROR: Cannot create tile. The tile is outside the texture or tiles are already present in the space the tile would cover.
   at: create_tile (scene/resources/2d/tile_set.cpp:4986)
ERROR: The TileSetAtlasSource atlas has no tile at (11, 77).
   at: has_alternative_tile (scene/resources/2d/tile_set.cpp:5438)
ERROR: TileSetAtlasSource has no tile at (11, 77).
   at: create_alternative_tile (scene/resources/2d/tile_set.cpp:5386)
ERROR: Cannot create tile. The tile is outside the texture or tiles are already present in the space the tile would cover.
   at: create_tile (scene/resources/2d/tile_set.cpp:4986)
ERROR: The TileSetAtlasSource atlas has no tile at (12, 77).
   at: has_alternative_tile (scene/resources/2d/tile_set.cpp:5438)
ERROR: TileSetAtlasSource has no tile at (12, 77).
   at: create_alternative_tile (scene/resources/2d/tile_set.cpp:5386)
ERROR: Cannot create tile. The tile is outside the texture or tiles are already present in the space the tile would cover.
   at: create_tile (scene/resources/2d/tile_set.cpp:4986)
ERROR: The TileSetAtlasSource atlas has no tile at (13, 77).
   at: has_alternative_tile (scene/resources/2d/tile_set.cpp:5438)
ERROR: TileSetAtlasSource has no tile at (13, 77).
   at: create_alternative_tile (scene/resources/2d/tile_set.cpp:5386)
ERROR: Cannot create tile. The tile is outside the texture or tiles are already present in the space the tile would cover.
   at: create_tile (scene/resources/2d/tile_set.cpp:4986)
ERROR: The TileSetAtlasSource atlas has no tile at (14, 77).
   at: has_alternative_tile (scene/resources/2d/tile_set.cpp:5438)
ERROR: TileSetAtlasSource has no tile at (14, 77).
   at: create_alternative_tile (scene/resources/2d/tile_set.cpp:5386)
ERROR: Cannot create tile. The tile is outside the texture or tiles are already present in the space the tile would cover.
   at: create_tile (scene/resources/2d/tile_set.cpp:4986)
ERROR: The TileSetAtlasSource atlas has no tile at (15, 77).
   at: has_alternative_tile (scene/resources/2d/tile_set.cpp:5438)
ERROR: TileSetAtlasSource has no tile at (15, 77).
   at: create_alternative_tile (scene/resources/2d/tile_set.cpp:5386)
ERROR: Cannot create tile. The tile is outside the texture or tiles are already present in the space the tile would cover.
   at: create_tile (scene/resources/2d/tile_set.cpp:4986)
ERROR: The TileSetAtlasSource atlas has no tile at (0, 78).
   at: has_alternative_tile (scene/resources/2d/tile_set.cpp:5438)
ERROR: TileSetAtlasSource has no tile at (0, 78).
   at: create_alternative_tile (scene/resources/2d/tile_set.cpp:5386)
ERROR: Cannot create tile. The tile is outside the texture or tiles are already present in the space the tile would cover.
   at: create_tile (scene/resources/2d/tile_set.cpp:4986)
ERROR: The TileSetAtlasSource atlas has no tile at (1, 78).
   at: has_alternative_tile (scene/resources/2d/tile_set.cpp:5438)
ERROR: TileSetAtlasSource has no tile at (1, 78).
   at: create_alternative_tile (scene/resources/2d/tile_set.cpp:5386)
ERROR: Cannot create tile. The tile is outside the texture or tiles are already present in the space the tile would cover.
   at: create_tile (scene/resources/2d/tile_set.cpp:4986)
ERROR: The TileSetAtlasSource atlas has no tile at (2, 78).
   at: has_alternative_tile (scene/resources/2d/tile_set.cpp:5438)
ERROR: TileSetAtlasSource has no tile at (2, 78).
   at: create_alternative_tile (scene/resources/2d/tile_set.cpp:5386)
ERROR: Cannot create tile. The tile is outside the texture or tiles are already present in the space the tile would cover.
   at: create_tile (scene/resources/2d/tile_set.cpp:4986)
ERROR: The TileSetAtlasSource atlas has no tile at (3, 78).
   at: has_alternative_tile (scene/resources/2d/tile_set.cpp:5438)
ERROR: TileSetAtlasSource has no tile at (3, 78).
   at: create_alternative_tile (scene/resources/2d/tile_set.cpp:5386)
ERROR: Cannot create tile. The tile is outside the texture or tiles are already present in the space the tile would cover.
   at: create_tile (scene/resources/2d/tile_set.cpp:4986)
ERROR: The TileSetAtlasSource atlas has no tile at (4, 78).
   at: has_alternative_tile (scene/resources/2d/tile_set.cpp:5438)
ERROR: TileSetAtlasSource has no tile at (4, 78).
   at: create_alternative_tile (scene/resources/2d/tile_set.cpp:5386)
ERROR: Cannot create tile. The tile is outside the texture or tiles are already present in the space the tile would cover.
   at: create_tile (scene/resources/2d/tile_set.cpp:4986)
ERROR: The TileSetAtlasSource atlas has no tile at (5, 78).
   at: has_alternative_tile (scene/resources/2d/tile_set.cpp:5438)
ERROR: TileSetAtlasSource has no tile at (5, 78).
   at: create_alternative_tile (scene/resources/2d/tile_set.cpp:5386)
ERROR: Cannot create tile. The tile is outside the texture or tiles are already present in the space the tile would cover.
   at: create_tile (scene/resources/2d/tile_set.cpp:4986)
ERROR: The TileSetAtlasSource atlas has no tile at (6, 78).
   at: has_alternative_tile (scene/resources/2d/tile_set.cpp:5438)
ERROR: TileSetAtlasSource has no tile at (6, 78).
   at: create_alternative_tile (scene/resources/2d/tile_set.cpp:5386)
ERROR: Cannot create tile. The tile is outside the texture or tiles are already present in the space the tile would cover.
   at: create_tile (scene/resources/2d/tile_set.cpp:4986)
ERROR: The TileSetAtlasSource atlas has no tile at (7, 78).
   at: has_alternative_tile (scene/resources/2d/tile_set.cpp:5438)
ERROR: TileSetAtlasSource has no tile at (7, 78).
   at: create_alternative_tile (scene/resources/2d/tile_set.cpp:5386)
ERROR: Cannot create tile. The tile is outside the texture or tiles are already present in the space the tile would cover.
   at: create_tile (scene/resources/2d/tile_set.cpp:4986)
ERROR: The TileSetAtlasSource atlas has no tile at (8, 78).
   at: has_alternative_tile (scene/resources/2d/tile_set.cpp:5438)
ERROR: TileSetAtlasSource has no tile at (8, 78).
   at: create_alternative_tile (scene/resources/2d/tile_set.cpp:5386)
ERROR: Cannot create tile. The tile is outside the texture or tiles are already present in the space the tile would cover.
   at: create_tile (scene/resources/2d/tile_set.cpp:4986)
ERROR: The TileSetAtlasSource atlas has no tile at (9, 78).
   at: has_alternative_tile (scene/resources/2d/tile_set.cpp:5438)
ERROR: TileSetAtlasSource has no tile at (9, 78).
   at: create_alternative_tile (scene/resources/2d/tile_set.cpp:5386)
ERROR: Cannot create tile. The tile is outside the texture or tiles are already present in the space the tile would cover.
   at: create_tile (scene/resources/2d/tile_set.cpp:4986)
ERROR: The TileSetAtlasSource atlas has no tile at (10, 78).
   at: has_alternative_tile (scene/resources/2d/tile_set.cpp:5438)
ERROR: TileSetAtlasSource has no tile at (10, 78).
   at: create_alternative_tile (scene/resources/2d/tile_set.cpp:5386)
ERROR: Cannot create tile. The tile is outside the texture or tiles are already present in the space the tile would cover.
   at: create_tile (scene/resources/2d/tile_set.cpp:4986)
ERROR: The TileSetAtlasSource atlas has no tile at (11, 78).
   at: has_alternative_tile (scene/resources/2d/tile_set.cpp:5438)
ERROR: TileSetAtlasSource has no tile at (11, 78).
   at: create_alternative_tile (scene/resources/2d/tile_set.cpp:5386)
ERROR: Cannot create tile. The tile is outside the texture or tiles are already present in the space the tile would cover.
   at: create_tile (scene/resources/2d/tile_set.cpp:4986)
ERROR: The TileSetAtlasSource atlas has no tile at (12, 78).
   at: has_alternative_tile (scene/resources/2d/tile_set.cpp:5438)
ERROR: TileSetAtlasSource has no tile at (12, 78).
   at: create_alternative_tile (scene/resources/2d/tile_set.cpp:5386)
ERROR: Cannot create tile. The tile is outside the texture or tiles are already present in the space the tile would cover.
   at: create_tile (scene/resources/2d/tile_set.cpp:4986)
ERROR: The TileSetAtlasSource atlas has no tile at (13, 78).
   at: has_alternative_tile (scene/resources/2d/tile_set.cpp:5438)
ERROR: TileSetAtlasSource has no tile at (13, 78).
   at: create_alternative_tile (scene/resources/2d/tile_set.cpp:5386)
ERROR: Cannot create tile. The tile is outside the texture or tiles are already present in the space the tile would cover.
   at: create_tile (scene/resources/2d/tile_set.cpp:4986)
ERROR: The TileSetAtlasSource atlas has no tile at (14, 78).
   at: has_alternative_tile (scene/resources/2d/tile_set.cpp:5438)
ERROR: TileSetAtlasSource has no tile at (14, 78).
   at: create_alternative_tile (scene/resources/2d/tile_set.cpp:5386)
ERROR: Cannot create tile. The tile is outside the texture or tiles are already present in the space the tile would cover.
   at: create_tile (scene/resources/2d/tile_set.cpp:4986)
ERROR: The TileSetAtlasSource atlas has no tile at (15, 78).
   at: has_alternative_tile (scene/resources/2d/tile_set.cpp:5438)
ERROR: TileSetAtlasSource has no tile at (15, 78).
   at: create_alternative_tile (scene/resources/2d/tile_set.cpp:5386)
ERROR: Cannot create tile. The tile is outside the texture or tiles are already present in the space the tile would cover.
   at: create_tile (scene/resources/2d/tile_set.cpp:4986)
ERROR: The TileSetAtlasSource atlas has no tile at (0, 79).
   at: has_alternative_tile (scene/resources/2d/tile_set.cpp:5438)
ERROR: TileSetAtlasSource has no tile at (0, 79).
   at: create_alternative_tile (scene/resources/2d/tile_set.cpp:5386)
ERROR: Cannot create tile. The tile is outside the texture or tiles are already present in the space the tile would cover.
   at: create_tile (scene/resources/2d/tile_set.cpp:4986)
ERROR: The TileSetAtlasSource atlas has no tile at (1, 79).
   at: has_alternative_tile (scene/resources/2d/tile_set.cpp:5438)
ERROR: TileSetAtlasSource has no tile at (1, 79).
   at: create_alternative_tile (scene/resources/2d/tile_set.cpp:5386)
ERROR: Cannot create tile. The tile is outside the texture or tiles are already present in the space the tile would cover.
   at: create_tile (scene/resources/2d/tile_set.cpp:4986)
ERROR: The TileSetAtlasSource atlas has no tile at (2, 79).
   at: has_alternative_tile (scene/resources/2d/tile_set.cpp:5438)
ERROR: TileSetAtlasSource has no tile at (2, 79).
   at: create_alternative_tile (scene/resources/2d/tile_set.cpp:5386)
ERROR: Cannot create tile. The tile is outside the texture or tiles are already present in the space the tile would cover.
   at: create_tile (scene/resources/2d/tile_set.cpp:4986)
ERROR: The TileSetAtlasSource atlas has no tile at (3, 79).
   at: has_alternative_tile (scene/resources/2d/tile_set.cpp:5438)
ERROR: TileSetAtlasSource has no tile at (3, 79).
   at: create_alternative_tile (scene/resources/2d/tile_set.cpp:5386)
ERROR: Cannot create tile. The tile is outside the texture or tiles are already present in the space the tile would cover.
   at: create_tile (scene/resources/2d/tile_set.cpp:4986)
ERROR: The TileSetAtlasSource atlas has no tile at (4, 79).
   at: has_alternative_tile (scene/resources/2d/tile_set.cpp:5438)
ERROR: TileSetAtlasSource has no tile at (4, 79).
   at: create_alternative_tile (scene/resources/2d/tile_set.cpp:5386)
ERROR: Cannot create tile. The tile is outside the texture or tiles are already present in the space the tile would cover.
   at: create_tile (scene/resources/2d/tile_set.cpp:4986)
ERROR: The TileSetAtlasSource atlas has no tile at (5, 79).
   at: has_alternative_tile (scene/resources/2d/tile_set.cpp:5438)
ERROR: TileSetAtlasSource has no tile at (5, 79).
   at: create_alternative_tile (scene/resources/2d/tile_set.cpp:5386)
ERROR: Cannot create tile. The tile is outside the texture or tiles are already present in the space the tile would cover.
   at: create_tile (scene/resources/2d/tile_set.cpp:4986)
ERROR: The TileSetAtlasSource atlas has no tile at (6, 79).
   at: has_alternative_tile (scene/resources/2d/tile_set.cpp:5438)
ERROR: TileSetAtlasSource has no tile at (6, 79).
   at: create_alternative_tile (scene/resources/2d/tile_set.cpp:5386)
ERROR: Cannot create tile. The tile is outside the texture or tiles are already present in the space the tile would cover.
   at: create_tile (scene/resources/2d/tile_set.cpp:4986)
ERROR: The TileSetAtlasSource atlas has no tile at (7, 79).
   at: has_alternative_tile (scene/resources/2d/tile_set.cpp:5438)
ERROR: TileSetAtlasSource has no tile at (7, 79).
   at: create_alternative_tile (scene/resources/2d/tile_set.cpp:5386)
ERROR: Cannot create tile. The tile is outside the texture or tiles are already present in the space the tile would cover.
   at: create_tile (scene/resources/2d/tile_set.cpp:4986)
ERROR: The TileSetAtlasSource atlas has no tile at (8, 79).
   at: has_alternative_tile (scene/resources/2d/tile_set.cpp:5438)
ERROR: TileSetAtlasSource has no tile at (8, 79).
   at: create_alternative_tile (scene/resources/2d/tile_set.cpp:5386)
ERROR: Cannot create tile. The tile is outside the texture or tiles are already present in the space the tile would cover.
   at: create_tile (scene/resources/2d/tile_set.cpp:4986)
ERROR: The TileSetAtlasSource atlas has no tile at (9, 79).
   at: has_alternative_tile (scene/resources/2d/tile_set.cpp:5438)
ERROR: TileSetAtlasSource has no tile at (9, 79).
   at: create_alternative_tile (scene/resources/2d/tile_set.cpp:5386)
ERROR: Cannot create tile. The tile is outside the texture or tiles are already present in the space the tile would cover.
   at: create_tile (scene/resources/2d/tile_set.cpp:4986)
ERROR: The TileSetAtlasSource atlas has no tile at (10, 79).
   at: has_alternative_tile (scene/resources/2d/tile_set.cpp:5438)
ERROR: TileSetAtlasSource has no tile at (10, 79).
   at: create_alternative_tile (scene/resources/2d/tile_set.cpp:5386)
ERROR: Cannot create tile. The tile is outside the texture or tiles are already present in the space the tile would cover.
   at: create_tile (scene/resources/2d/tile_set.cpp:4986)
ERROR: The TileSetAtlasSource atlas has no tile at (11, 79).
   at: has_alternative_tile (scene/resources/2d/tile_set.cpp:5438)
ERROR: TileSetAtlasSource has no tile at (11, 79).
   at: create_alternative_tile (scene/resources/2d/tile_set.cpp:5386)
ERROR: Cannot create tile. The tile is outside the texture or tiles are already present in the space the tile would cover.
   at: create_tile (scene/resources/2d/tile_set.cpp:4986)
ERROR: The TileSetAtlasSource atlas has no tile at (12, 79).
   at: has_alternative_tile (scene/resources/2d/tile_set.cpp:5438)
ERROR: TileSetAtlasSource has no tile at (12, 79).
   at: create_alternative_tile (scene/resources/2d/tile_set.cpp:5386)
ERROR: Cannot create tile. The tile is outside the texture or tiles are already present in the space the tile would cover.
   at: create_tile (scene/resources/2d/tile_set.cpp:4986)
ERROR: The TileSetAtlasSource atlas has no tile at (13, 79).
   at: has_alternative_tile (scene/resources/2d/tile_set.cpp:5438)
ERROR: TileSetAtlasSource has no tile at (13, 79).
   at: create_alternative_tile (scene/resources/2d/tile_set.cpp:5386)
ERROR: Cannot create tile. The tile is outside the texture or tiles are already present in the space the tile would cover.
   at: create_tile (scene/resources/2d/tile_set.cpp:4986)
ERROR: The TileSetAtlasSource atlas has no tile at (14, 79).
   at: has_alternative_tile (scene/resources/2d/tile_set.cpp:5438)
ERROR: TileSetAtlasSource has no tile at (14, 79).
   at: create_alternative_tile (scene/resources/2d/tile_set.cpp:5386)
ERROR: Cannot create tile. The tile is outside the texture or tiles are already present in the space the tile would cover.
   at: create_tile (scene/resources/2d/tile_set.cpp:4986)
ERROR: The TileSetAtlasSource atlas has no tile at (15, 79).
   at: has_alternative_tile (scene/resources/2d/tile_set.cpp:5438)
ERROR: TileSetAtlasSource has no tile at (15, 79).
   at: create_alternative_tile (scene/resources/2d/tile_set.cpp:5386)
ERROR: Cannot create tile. The tile is outside the texture or tiles are already present in the space the tile would cover.
   at: create_tile (scene/resources/2d/tile_set.cpp:4986)
ERROR: The TileSetAtlasSource atlas has no tile at (0, 80).
   at: has_alternative_tile (scene/resources/2d/tile_set.cpp:5438)
ERROR: TileSetAtlasSource has no tile at (0, 80).
   at: create_alternative_tile (scene/resources/2d/tile_set.cpp:5386)
ERROR: Cannot create tile. The tile is outside the texture or tiles are already present in the space the tile would cover.
   at: create_tile (scene/resources/2d/tile_set.cpp:4986)
ERROR: The TileSetAtlasSource atlas has no tile at (1, 80).
   at: has_alternative_tile (scene/resources/2d/tile_set.cpp:5438)
ERROR: TileSetAtlasSource has no tile at (1, 80).
   at: create_alternative_tile (scene/resources/2d/tile_set.cpp:5386)
ERROR: Cannot create tile. The tile is outside the texture or tiles are already present in the space the tile would cover.
   at: create_tile (scene/resources/2d/tile_set.cpp:4986)
ERROR: The TileSetAtlasSource atlas has no tile at (2, 80).
   at: has_alternative_tile (scene/resources/2d/tile_set.cpp:5438)
ERROR: TileSetAtlasSource has no tile at (2, 80).
   at: create_alternative_tile (scene/resources/2d/tile_set.cpp:5386)
ERROR: Cannot create tile. The tile is outside the texture or tiles are already present in the space the tile would cover.
   at: create_tile (scene/resources/2d/tile_set.cpp:4986)
ERROR: The TileSetAtlasSource atlas has no tile at (3, 80).
   at: has_alternative_tile (scene/resources/2d/tile_set.cpp:5438)
ERROR: TileSetAtlasSource has no tile at (3, 80).
   at: create_alternative_tile (scene/resources/2d/tile_set.cpp:5386)
ERROR: Cannot create tile. The tile is outside the texture or tiles are already present in the space the tile would cover.
   at: create_tile (scene/resources/2d/tile_set.cpp:4986)
ERROR: The TileSetAtlasSource atlas has no tile at (4, 80).
   at: has_alternative_tile (scene/resources/2d/tile_set.cpp:5438)
ERROR: TileSetAtlasSource has no tile at (4, 80).
   at: create_alternative_tile (scene/resources/2d/tile_set.cpp:5386)
ERROR: Cannot create tile. The tile is outside the texture or tiles are already present in the space the tile would cover.
   at: create_tile (scene/resources/2d/tile_set.cpp:4986)
ERROR: The TileSetAtlasSource atlas has no tile at (5, 80).
   at: has_alternative_tile (scene/resources/2d/tile_set.cpp:5438)
ERROR: TileSetAtlasSource has no tile at (5, 80).
   at: create_alternative_tile (scene/resources/2d/tile_set.cpp:5386)
ERROR: Cannot create tile. The tile is outside the texture or tiles are already present in the space the tile would cover.
   at: create_tile (scene/resources/2d/tile_set.cpp:4986)
ERROR: The TileSetAtlasSource atlas has no tile at (6, 80).
   at: has_alternative_tile (scene/resources/2d/tile_set.cpp:5438)
ERROR: TileSetAtlasSource has no tile at (6, 80).
   at: create_alternative_tile (scene/resources/2d/tile_set.cpp:5386)
ERROR: Cannot create tile. The tile is outside the texture or tiles are already present in the space the tile would cover.
   at: create_tile (scene/resources/2d/tile_set.cpp:4986)
ERROR: The TileSetAtlasSource atlas has no tile at (7, 80).
   at: has_alternative_tile (scene/resources/2d/tile_set.cpp:5438)
ERROR: TileSetAtlasSource has no tile at (7, 80).
   at: create_alternative_tile (scene/resources/2d/tile_set.cpp:5386)
ERROR: Cannot create tile. The tile is outside the texture or tiles are already present in the space the tile would cover.
   at: create_tile (scene/resources/2d/tile_set.cpp:4986)
ERROR: The TileSetAtlasSource atlas has no tile at (8, 80).
   at: has_alternative_tile (scene/resources/2d/tile_set.cpp:5438)
ERROR: TileSetAtlasSource has no tile at (8, 80).
   at: create_alternative_tile (scene/resources/2d/tile_set.cpp:5386)
ERROR: Cannot create tile. The tile is outside the texture or tiles are already present in the space the tile would cover.
   at: create_tile (scene/resources/2d/tile_set.cpp:4986)
ERROR: The TileSetAtlasSource atlas has no tile at (9, 80).
   at: has_alternative_tile (scene/resources/2d/tile_set.cpp:5438)
ERROR: TileSetAtlasSource has no tile at (9, 80).
   at: create_alternative_tile (scene/resources/2d/tile_set.cpp:5386)
ERROR: Cannot create tile. The tile is outside the texture or tiles are already present in the space the tile would cover.
   at: create_tile (scene/resources/2d/tile_set.cpp:4986)
ERROR: The TileSetAtlasSource atlas has no tile at (10, 80).
   at: has_alternative_tile (scene/resources/2d/tile_set.cpp:5438)
ERROR: TileSetAtlasSource has no tile at (10, 80).
   at: create_alternative_tile (scene/resources/2d/tile_set.cpp:5386)
ERROR: Cannot create tile. The tile is outside the texture or tiles are already present in the space the tile would cover.
   at: create_tile (scene/resources/2d/tile_set.cpp:4986)
ERROR: The TileSetAtlasSource atlas has no tile at (11, 80).
   at: has_alternative_tile (scene/resources/2d/tile_set.cpp:5438)
ERROR: TileSetAtlasSource has no tile at (11, 80).
   at: create_alternative_tile (scene/resources/2d/tile_set.cpp:5386)
ERROR: Cannot create tile. The tile is outside the texture or tiles are already present in the space the tile would cover.
   at: create_tile (scene/resources/2d/tile_set.cpp:4986)
ERROR: The TileSetAtlasSource atlas has no tile at (12, 80).
   at: has_alternative_tile (scene/resources/2d/tile_set.cpp:5438)
ERROR: TileSetAtlasSource has no tile at (12, 80).
   at: create_alternative_tile (scene/resources/2d/tile_set.cpp:5386)
ERROR: Cannot create tile. The tile is outside the texture or tiles are already present in the space the tile would cover.
   at: create_tile (scene/resources/2d/tile_set.cpp:4986)
ERROR: The TileSetAtlasSource atlas has no tile at (13, 80).
   at: has_alternative_tile (scene/resources/2d/tile_set.cpp:5438)
ERROR: TileSetAtlasSource has no tile at (13, 80).
   at: create_alternative_tile (scene/resources/2d/tile_set.cpp:5386)
ERROR: Cannot create tile. The tile is outside the texture or tiles are already present in the space the tile would cover.
   at: create_tile (scene/resources/2d/tile_set.cpp:4986)
ERROR: The TileSetAtlasSource atlas has no tile at (14, 80).
   at: has_alternative_tile (scene/resources/2d/tile_set.cpp:5438)
ERROR: TileSetAtlasSource has no tile at (14, 80).
   at: create_alternative_tile (scene/resources/2d/tile_set.cpp:5386)
ERROR: Cannot create tile. The tile is outside the texture or tiles are already present in the space the tile would cover.
   at: create_tile (scene/resources/2d/tile_set.cpp:4986)
ERROR: The TileSetAtlasSource atlas has no tile at (15, 80).
   at: has_alternative_tile (scene/resources/2d/tile_set.cpp:5438)
ERROR: TileSetAtlasSource has no tile at (15, 80).
   at: create_alternative_tile (scene/resources/2d/tile_set.cpp:5386)
ERROR: Cannot create tile. The tile is outside the texture or tiles are already present in the space the tile would cover.
   at: create_tile (scene/resources/2d/tile_set.cpp:4986)
ERROR: The TileSetAtlasSource atlas has no tile at (0, 81).
   at: has_alternative_tile (scene/resources/2d/tile_set.cpp:5438)
ERROR: TileSetAtlasSource has no tile at (0, 81).
   at: create_alternative_tile (scene/resources/2d/tile_set.cpp:5386)
ERROR: Cannot create tile. The tile is outside the texture or tiles are already present in the space the tile would cover.
   at: create_tile (scene/resources/2d/tile_set.cpp:4986)
ERROR: The TileSetAtlasSource atlas has no tile at (1, 81).
   at: has_alternative_tile (scene/resources/2d/tile_set.cpp:5438)
ERROR: TileSetAtlasSource has no tile at (1, 81).
   at: create_alternative_tile (scene/resources/2d/tile_set.cpp:5386)
ERROR: Cannot create tile. The tile is outside the texture or tiles are already present in the space the tile would cover.
   at: create_tile (scene/resources/2d/tile_set.cpp:4986)
ERROR: The TileSetAtlasSource atlas has no tile at (2, 81).
   at: has_alternative_tile (scene/resources/2d/tile_set.cpp:5438)
ERROR: TileSetAtlasSource has no tile at (2, 81).
   at: create_alternative_tile (scene/resources/2d/tile_set.cpp:5386)
ERROR: Cannot create tile. The tile is outside the texture or tiles are already present in the space the tile would cover.
   at: create_tile (scene/resources/2d/tile_set.cpp:4986)
ERROR: The TileSetAtlasSource atlas has no tile at (3, 81).
   at: has_alternative_tile (scene/resources/2d/tile_set.cpp:5438)
ERROR: TileSetAtlasSource has no tile at (3, 81).
   at: create_alternative_tile (scene/resources/2d/tile_set.cpp:5386)
ERROR: Cannot create tile. The tile is outside the texture or tiles are already present in the space the tile would cover.
   at: create_tile (scene/resources/2d/tile_set.cpp:4986)
ERROR: The TileSetAtlasSource atlas has no tile at (4, 81).
   at: has_alternative_tile (scene/resources/2d/tile_set.cpp:5438)
ERROR: TileSetAtlasSource has no tile at (4, 81).
   at: create_alternative_tile (scene/resources/2d/tile_set.cpp:5386)
ERROR: Cannot create tile. The tile is outside the texture or tiles are already present in the space the tile would cover.
   at: create_tile (scene/resources/2d/tile_set.cpp:4986)
ERROR: The TileSetAtlasSource atlas has no tile at (5, 81).
   at: has_alternative_tile (scene/resources/2d/tile_set.cpp:5438)
ERROR: TileSetAtlasSource has no tile at (5, 81).
   at: create_alternative_tile (scene/resources/2d/tile_set.cpp:5386)
ERROR: Cannot create tile. The tile is outside the texture or tiles are already present in the space the tile would cover.
   at: create_tile (scene/resources/2d/tile_set.cpp:4986)
ERROR: The TileSetAtlasSource atlas has no tile at (6, 81).
   at: has_alternative_tile (scene/resources/2d/tile_set.cpp:5438)
ERROR: TileSetAtlasSource has no tile at (6, 81).
   at: create_alternative_tile (scene/resources/2d/tile_set.cpp:5386)
ERROR: Cannot create tile. The tile is outside the texture or tiles are already present in the space the tile would cover.
   at: create_tile (scene/resources/2d/tile_set.cpp:4986)
ERROR: The TileSetAtlasSource atlas has no tile at (7, 81).
   at: has_alternative_tile (scene/resources/2d/tile_set.cpp:5438)
ERROR: TileSetAtlasSource has no tile at (7, 81).
   at: create_alternative_tile (scene/resources/2d/tile_set.cpp:5386)
ERROR: Cannot create tile. The tile is outside the texture or tiles are already present in the space the tile would cover.
   at: create_tile (scene/resources/2d/tile_set.cpp:4986)
ERROR: The TileSetAtlasSource atlas has no tile at (8, 81).
   at: has_alternative_tile (scene/resources/2d/tile_set.cpp:5438)
ERROR: TileSetAtlasSource has no tile at (8, 81).
   at: create_alternative_tile (scene/resources/2d/tile_set.cpp:5386)
ERROR: Cannot create tile. The tile is outside the texture or tiles are already present in the space the tile would cover.
   at: create_tile (scene/resources/2d/tile_set.cpp:4986)
ERROR: The TileSetAtlasSource atlas has no tile at (9, 81).
   at: has_alternative_tile (scene/resources/2d/tile_set.cpp:5438)
ERROR: TileSetAtlasSource has no tile at (9, 81).
   at: create_alternative_tile (scene/resources/2d/tile_set.cpp:5386)
ERROR: Cannot create tile. The tile is outside the texture or tiles are already present in the space the tile would cover.
   at: create_tile (scene/resources/2d/tile_set.cpp:4986)
ERROR: The TileSetAtlasSource atlas has no tile at (10, 81).
   at: has_alternative_tile (scene/resources/2d/tile_set.cpp:5438)
ERROR: TileSetAtlasSource has no tile at (10, 81).
   at: create_alternative_tile (scene/resources/2d/tile_set.cpp:5386)
ERROR: Cannot create tile. The tile is outside the texture or tiles are already present in the space the tile would cover.
   at: create_tile (scene/resources/2d/tile_set.cpp:4986)
ERROR: The TileSetAtlasSource atlas has no tile at (11, 81).
   at: has_alternative_tile (scene/resources/2d/tile_set.cpp:5438)
ERROR: TileSetAtlasSource has no tile at (11, 81).
   at: create_alternative_tile (scene/resources/2d/tile_set.cpp:5386)
ERROR: Cannot create tile. The tile is outside the texture or tiles are already present in the space the tile would cover.
   at: create_tile (scene/resources/2d/tile_set.cpp:4986)
ERROR: The TileSetAtlasSource atlas has no tile at (12, 81).
   at: has_alternative_tile (scene/resources/2d/tile_set.cpp:5438)
ERROR: TileSetAtlasSource has no tile at (12, 81).
   at: create_alternative_tile (scene/resources/2d/tile_set.cpp:5386)
ERROR: Cannot create tile. The tile is outside the texture or tiles are already present in the space the tile would cover.
   at: create_tile (scene/resources/2d/tile_set.cpp:4986)
ERROR: The TileSetAtlasSource atlas has no tile at (13, 81).
   at: has_alternative_tile (scene/resources/2d/tile_set.cpp:5438)
ERROR: TileSetAtlasSource has no tile at (13, 81).
   at: create_alternative_tile (scene/resources/2d/tile_set.cpp:5386)
ERROR: Cannot create tile. The tile is outside the texture or tiles are already present in the space the tile would cover.
   at: create_tile (scene/resources/2d/tile_set.cpp:4986)
ERROR: The TileSetAtlasSource atlas has no tile at (14, 81).
   at: has_alternative_tile (scene/resources/2d/tile_set.cpp:5438)
ERROR: TileSetAtlasSource has no tile at (14, 81).
   at: create_alternative_tile (scene/resources/2d/tile_set.cpp:5386)
ERROR: Cannot create tile. The tile is outside the texture or tiles are already present in the space the tile would cover.
   at: create_tile (scene/resources/2d/tile_set.cpp:4986)
ERROR: The TileSetAtlasSource atlas has no tile at (15, 81).
   at: has_alternative_tile (scene/resources/2d/tile_set.cpp:5438)
ERROR: TileSetAtlasSource has no tile at (15, 81).
   at: create_alternative_tile (scene/resources/2d/tile_set.cpp:5386)
ERROR: Cannot create tile. The tile is outside the texture or tiles are already present in the space the tile would cover.
   at: create_tile (scene/resources/2d/tile_set.cpp:4986)
ERROR: The TileSetAtlasSource atlas has no tile at (0, 82).
   at: has_alternative_tile (scene/resources/2d/tile_set.cpp:5438)
ERROR: TileSetAtlasSource has no tile at (0, 82).
   at: create_alternative_tile (scene/resources/2d/tile_set.cpp:5386)
ERROR: Cannot create tile. The tile is outside the texture or tiles are already present in the space the tile would cover.
   at: create_tile (scene/resources/2d/tile_set.cpp:4986)
ERROR: The TileSetAtlasSource atlas has no tile at (1, 82).
   at: has_alternative_tile (scene/resources/2d/tile_set.cpp:5438)
ERROR: TileSetAtlasSource has no tile at (1, 82).
   at: create_alternative_tile (scene/resources/2d/tile_set.cpp:5386)
ERROR: Cannot create tile. The tile is outside the texture or tiles are already present in the space the tile would cover.
   at: create_tile (scene/resources/2d/tile_set.cpp:4986)
ERROR: The TileSetAtlasSource atlas has no tile at (2, 82).
   at: has_alternative_tile (scene/resources/2d/tile_set.cpp:5438)
ERROR: TileSetAtlasSource has no tile at (2, 82).
   at: create_alternative_tile (scene/resources/2d/tile_set.cpp:5386)
ERROR: Cannot create tile. The tile is outside the texture or tiles are already present in the space the tile would cover.
   at: create_tile (scene/resources/2d/tile_set.cpp:4986)
ERROR: The TileSetAtlasSource atlas has no tile at (3, 82).
   at: has_alternative_tile (scene/resources/2d/tile_set.cpp:5438)
ERROR: TileSetAtlasSource has no tile at (3, 82).
   at: create_alternative_tile (scene/resources/2d/tile_set.cpp:5386)
ERROR: Cannot create tile. The tile is outside the texture or tiles are already present in the space the tile would cover.
   at: create_tile (scene/resources/2d/tile_set.cpp:4986)
ERROR: The TileSetAtlasSource atlas has no tile at (4, 82).
   at: has_alternative_tile (scene/resources/2d/tile_set.cpp:5438)
ERROR: TileSetAtlasSource has no tile at (4, 82).
   at: create_alternative_tile (scene/resources/2d/tile_set.cpp:5386)
ERROR: Cannot create tile. The tile is outside the texture or tiles are already present in the space the tile would cover.
   at: create_tile (scene/resources/2d/tile_set.cpp:4986)
ERROR: The TileSetAtlasSource atlas has no tile at (5, 82).
   at: has_alternative_tile (scene/resources/2d/tile_set.cpp:5438)
ERROR: TileSetAtlasSource has no tile at (5, 82).
   at: create_alternative_tile (scene/resources/2d/tile_set.cpp:5386)
ERROR: Cannot create tile. The tile is outside the texture or tiles are already present in the space the tile would cover.
   at: create_tile (scene/resources/2d/tile_set.cpp:4986)
ERROR: The TileSetAtlasSource atlas has no tile at (6, 82).
   at: has_alternative_tile (scene/resources/2d/tile_set.cpp:5438)
ERROR: TileSetAtlasSource has no tile at (6, 82).
   at: create_alternative_tile (scene/resources/2d/tile_set.cpp:5386)
ERROR: Cannot create tile. The tile is outside the texture or tiles are already present in the space the tile would cover.
   at: create_tile (scene/resources/2d/tile_set.cpp:4986)
ERROR: The TileSetAtlasSource atlas has no tile at (7, 82).
   at: has_alternative_tile (scene/resources/2d/tile_set.cpp:5438)
ERROR: TileSetAtlasSource has no tile at (7, 82).
   at: create_alternative_tile (scene/resources/2d/tile_set.cpp:5386)
ERROR: Cannot create tile. The tile is outside the texture or tiles are already present in the space the tile would cover.
   at: create_tile (scene/resources/2d/tile_set.cpp:4986)
ERROR: The TileSetAtlasSource atlas has no tile at (8, 82).
   at: has_alternative_tile (scene/resources/2d/tile_set.cpp:5438)
ERROR: TileSetAtlasSource has no tile at (8, 82).
   at: create_alternative_tile (scene/resources/2d/tile_set.cpp:5386)
ERROR: Cannot create tile. The tile is outside the texture or tiles are already present in the space the tile would cover.
   at: create_tile (scene/resources/2d/tile_set.cpp:4986)
ERROR: The TileSetAtlasSource atlas has no tile at (9, 82).
   at: has_alternative_tile (scene/resources/2d/tile_set.cpp:5438)
ERROR: TileSetAtlasSource has no tile at (9, 82).
   at: create_alternative_tile (scene/resources/2d/tile_set.cpp:5386)
ERROR: Cannot create tile. The tile is outside the texture or tiles are already present in the space the tile would cover.
   at: create_tile (scene/resources/2d/tile_set.cpp:4986)
ERROR: The TileSetAtlasSource atlas has no tile at (10, 82).
   at: has_alternative_tile (scene/resources/2d/tile_set.cpp:5438)
ERROR: TileSetAtlasSource has no tile at (10, 82).
   at: create_alternative_tile (scene/resources/2d/tile_set.cpp:5386)
ERROR: Cannot create tile. The tile is outside the texture or tiles are already present in the space the tile would cover.
   at: create_tile (scene/resources/2d/tile_set.cpp:4986)
ERROR: The TileSetAtlasSource atlas has no tile at (11, 82).
   at: has_alternative_tile (scene/resources/2d/tile_set.cpp:5438)
ERROR: TileSetAtlasSource has no tile at (11, 82).
   at: create_alternative_tile (scene/resources/2d/tile_set.cpp:5386)
ERROR: Cannot create tile. The tile is outside the texture or tiles are already present in the space the tile would cover.
   at: create_tile (scene/resources/2d/tile_set.cpp:4986)
ERROR: The TileSetAtlasSource atlas has no tile at (12, 82).
   at: has_alternative_tile (scene/resources/2d/tile_set.cpp:5438)
ERROR: TileSetAtlasSource has no tile at (12, 82).
   at: create_alternative_tile (scene/resources/2d/tile_set.cpp:5386)
ERROR: Cannot create tile. The tile is outside the texture or tiles are already present in the space the tile would cover.
   at: create_tile (scene/resources/2d/tile_set.cpp:4986)
ERROR: The TileSetAtlasSource atlas has no tile at (13, 82).
   at: has_alternative_tile (scene/resources/2d/tile_set.cpp:5438)
ERROR: TileSetAtlasSource has no tile at (13, 82).
   at: create_alternative_tile (scene/resources/2d/tile_set.cpp:5386)
ERROR: Cannot create tile. The tile is outside the texture or tiles are already present in the space the tile would cover.
   at: create_tile (scene/resources/2d/tile_set.cpp:4986)
ERROR: The TileSetAtlasSource atlas has no tile at (0, 83).
   at: has_alternative_tile (scene/resources/2d/tile_set.cpp:5438)
ERROR: TileSetAtlasSource has no tile at (0, 83).
   at: create_alternative_tile (scene/resources/2d/tile_set.cpp:5386)
ERROR: Cannot create tile. The tile is outside the texture or tiles are already present in the space the tile would cover.
   at: create_tile (scene/resources/2d/tile_set.cpp:4986)
ERROR: The TileSetAtlasSource atlas has no tile at (1, 83).
   at: has_alternative_tile (scene/resources/2d/tile_set.cpp:5438)
ERROR: TileSetAtlasSource has no tile at (1, 83).
   at: create_alternative_tile (scene/resources/2d/tile_set.cpp:5386)
ERROR: Cannot create tile. The tile is outside the texture or tiles are already present in the space the tile would cover.
   at: create_tile (scene/resources/2d/tile_set.cpp:4986)
ERROR: The TileSetAtlasSource atlas has no tile at (2, 83).
   at: has_alternative_tile (scene/resources/2d/tile_set.cpp:5438)
ERROR: TileSetAtlasSource has no tile at (2, 83).
   at: create_alternative_tile (scene/resources/2d/tile_set.cpp:5386)
ERROR: Cannot create tile. The tile is outside the texture or tiles are already present in the space the tile would cover.
   at: create_tile (scene/resources/2d/tile_set.cpp:4986)
ERROR: The TileSetAtlasSource atlas has no tile at (3, 83).
   at: has_alternative_tile (scene/resources/2d/tile_set.cpp:5438)
ERROR: TileSetAtlasSource has no tile at (3, 83).
   at: create_alternative_tile (scene/resources/2d/tile_set.cpp:5386)
ERROR: Cannot create tile. The tile is outside the texture or tiles are already present in the space the tile would cover.
   at: create_tile (scene/resources/2d/tile_set.cpp:4986)
ERROR: The TileSetAtlasSource atlas has no tile at (4, 83).
   at: has_alternative_tile (scene/resources/2d/tile_set.cpp:5438)
ERROR: TileSetAtlasSource has no tile at (4, 83).
   at: create_alternative_tile (scene/resources/2d/tile_set.cpp:5386)
ERROR: Cannot create tile. The tile is outside the texture or tiles are already present in the space the tile would cover.
   at: create_tile (scene/resources/2d/tile_set.cpp:4986)
ERROR: The TileSetAtlasSource atlas has no tile at (5, 83).
   at: has_alternative_tile (scene/resources/2d/tile_set.cpp:5438)
ERROR: TileSetAtlasSource has no tile at (5, 83).
   at: create_alternative_tile (scene/resources/2d/tile_set.cpp:5386)
ERROR: Cannot create tile. The tile is outside the texture or tiles are already present in the space the tile would cover.
   at: create_tile (scene/resources/2d/tile_set.cpp:4986)
ERROR: The TileSetAtlasSource atlas has no tile at (6, 83).
   at: has_alternative_tile (scene/resources/2d/tile_set.cpp:5438)
ERROR: TileSetAtlasSource has no tile at (6, 83).
   at: create_alternative_tile (scene/resources/2d/tile_set.cpp:5386)
ERROR: Cannot create tile. The tile is outside the texture or tiles are already present in the space the tile would cover.
   at: create_tile (scene/resources/2d/tile_set.cpp:4986)
ERROR: The TileSetAtlasSource atlas has no tile at (7, 83).
   at: has_alternative_tile (scene/resources/2d/tile_set.cpp:5438)
ERROR: TileSetAtlasSource has no tile at (7, 83).
   at: create_alternative_tile (scene/resources/2d/tile_set.cpp:5386)
ERROR: Cannot create tile. The tile is outside the texture or tiles are already present in the space the tile would cover.
   at: create_tile (scene/resources/2d/tile_set.cpp:4986)
ERROR: The TileSetAtlasSource atlas has no tile at (8, 83).
   at: has_alternative_tile (scene/resources/2d/tile_set.cpp:5438)
ERROR: TileSetAtlasSource has no tile at (8, 83).
   at: create_alternative_tile (scene/resources/2d/tile_set.cpp:5386)
ERROR: Cannot create tile. The tile is outside the texture or tiles are already present in the space the tile would cover.
   at: create_tile (scene/resources/2d/tile_set.cpp:4986)
ERROR: The TileSetAtlasSource atlas has no tile at (9, 83).
   at: has_alternative_tile (scene/resources/2d/tile_set.cpp:5438)
ERROR: TileSetAtlasSource has no tile at (9, 83).
   at: create_alternative_tile (scene/resources/2d/tile_set.cpp:5386)
ERROR: Cannot create tile. The tile is outside the texture or tiles are already present in the space the tile would cover.
   at: create_tile (scene/resources/2d/tile_set.cpp:4986)
ERROR: The TileSetAtlasSource atlas has no tile at (10, 83).
   at: has_alternative_tile (scene/resources/2d/tile_set.cpp:5438)
ERROR: TileSetAtlasSource has no tile at (10, 83).
   at: create_alternative_tile (scene/resources/2d/tile_set.cpp:5386)
ERROR: Cannot create tile. The tile is outside the texture or tiles are already present in the space the tile would cover.
   at: create_tile (scene/resources/2d/tile_set.cpp:4986)
ERROR: The TileSetAtlasSource atlas has no tile at (11, 83).
   at: has_alternative_tile (scene/resources/2d/tile_set.cpp:5438)
ERROR: TileSetAtlasSource has no tile at (11, 83).
   at: create_alternative_tile (scene/resources/2d/tile_set.cpp:5386)
ERROR: Cannot create tile. The tile is outside the texture or tiles are already present in the space the tile would cover.
   at: create_tile (scene/resources/2d/tile_set.cpp:4986)
ERROR: The TileSetAtlasSource atlas has no tile at (12, 83).
   at: has_alternative_tile (scene/resources/2d/tile_set.cpp:5438)
ERROR: TileSetAtlasSource has no tile at (12, 83).
   at: create_alternative_tile (scene/resources/2d/tile_set.cpp:5386)
ERROR: Cannot create tile. The tile is outside the texture or tiles are already present in the space the tile would cover.
   at: create_tile (scene/resources/2d/tile_set.cpp:4986)
ERROR: The TileSetAtlasSource atlas has no tile at (13, 83).
   at: has_alternative_tile (scene/resources/2d/tile_set.cpp:5438)
ERROR: TileSetAtlasSource has no tile at (13, 83).
   at: create_alternative_tile (scene/resources/2d/tile_set.cpp:5386)
[   7% ] [90m[1msavepack[22m | 淇濆瓨鏂囦欢锛歳es://.godot/exported/133200997/export-62d9b75a051767140c15cf2800a9b15c-new_tile_set.res[39m[0m
[   7% ] [90m[1msavepack[22m | 淇濆瓨鏂囦欢锛歳es://.godot/imported/[A]Dirt_pipo.png-e6acf5b4955e7a01b75fdb44bf8792f0.ctex[39m[0m
[   7% ] [90m[1msavepack[22m | 淇濆瓨鏂囦欢锛歳es://assets/tilesets/[A]Dirt_pipo.png.import[39m[0m
[   8% ] [90m[1msavepack[22m | 淇濆瓨鏂囦欢锛歳es://.godot/imported/[A]Flower_pipo.png-134e9194c08dc6f67df5fe95263f7302.ctex[39m[0m
[   8% ] [90m[1msavepack[22m | 淇濆瓨鏂囦欢锛歳es://assets/tilesets/[A]Flower_pipo.png.import[39m[0m
[   8% ] [90m[1msavepack[22m | 淇濆瓨鏂囦欢锛歳es://.godot/imported/[A]Grass_pipo.png-782eebed9e25e27e2862bd7c0ce746f2.ctex[39m[0m
[   8% ] [90m[1msavepack[22m | 淇濆瓨鏂囦欢锛歳es://assets/tilesets/[A]Grass_pipo.png.import[39m[0m
[   8% ] [90m[1msavepack[22m | 淇濆瓨鏂囦欢锛歳es://.godot/imported/[A]Wall-Up_pipo.png-b72c9c040c7c51d70b4fd8833ebae918.ctex[39m[0m
[   8% ] [90m[1msavepack[22m | 淇濆瓨鏂囦欢锛歳es://assets/tilesets/[A]Wall-Up_pipo.png.import[39m[0m
[   9% ] [90m[1msavepack[22m | 淇濆瓨鏂囦欢锛歳es://.godot/imported/[A]WaterFall_pipo.png-4b792518f75d57b6c690554440437204.ctex[39m[0m
[   9% ] [90m[1msavepack[22m | 淇濆瓨鏂囦欢锛歳es://assets/tilesets/[A]WaterFall_pipo.png.import[39m[0m
[   9% ] [90m[1msavepack[22m | 淇濆瓨鏂囦欢锛歳es://.godot/imported/[A]Water_pipo.png-820e1fc9c7465f559dfcf053f35475f4.ctex[39m[0m
[   9% ] [90m[1msavepack[22m | 淇濆瓨鏂囦欢锛歳es://assets/tilesets/[A]Water_pipo.png.import[39m[0m
[  10% ] [90m[1msavepack[22m | 淇濆瓨鏂囦欢锛歳es://.godot/imported/[Base]BaseChip_pipo3.png-695acfbcbf7906097bde85a63c82f632.ctex[39m[0m
[  10% ] [90m[1msavepack[22m | 淇濆瓨鏂囦欢锛歳es://assets/tilesets/[Base]BaseChip_pipo3.png.import[39m[0m
[  10% ] [90m[1msavepack[22m | 淇濆瓨鏂囦欢锛歳es://.godot/imported/[Base]BaseChip_pipo.png-50b5965dd7664ecab41bcc61eba93607.ctex[39m[0m
[  10% ] [90m[1msavepack[22m | 淇濆瓨鏂囦欢锛歳es://assets/tilesets/[Base]BaseChip_pipo.png.import[39m[0m
[  10% ] [90m[1msavepack[22m | 淇濆瓨鏂囦欢锛歳es://.godot/exported/133200997/export-9ff9c21d2644ab58094e25d71d185890-goblin_idle_down.res[39m[0m
[  11% ] [90m[1msavepack[22m | 淇濆瓨鏂囦欢锛歳es://.godot/exported/133200997/export-b15ef0b5832cbb70ca49c6034365cf52-goblin_idle_left.res[39m[0m
[  11% ] [90m[1msavepack[22m | 淇濆瓨鏂囦欢锛歳es://.godot/exported/133200997/export-ed185ec293be1a22bbc80fe33fbd8e90-goblin_idle_right.res[39m[0m
[  11% ] [90m[1msavepack[22m | 淇濆瓨鏂囦欢锛歳es://.godot/exported/133200997/export-ac71b54dd1b8600279b196cf477bf3e0-goblin_idle_up.res[39m[0m
[  12% ] [90m[1msavepack[22m | 淇濆瓨鏂囦欢锛歳es://.godot/exported/133200997/export-ee1b000fead4f8c39d756ea477710b54-goblin_walk_down.res[39m[0m
[  12% ] [90m[1msavepack[22m | 淇濆瓨鏂囦欢锛歳es://.godot/exported/133200997/export-a073272f3180cbb3c26889081fef4c2a-goblin_walk_left.res[39m[0m
[  12% ] [90m[1msavepack[22m | 淇濆瓨鏂囦欢锛歳es://.godot/exported/133200997/export-7801b519814dd188b6f9c29818932136-goblin_walk_right.res[39m[0m
[  13% ] [90m[1msavepack[22m | 淇濆瓨鏂囦欢锛歳es://.godot/exported/133200997/export-5382101aa2aaa59e1191dc15af67b1c1-goblin_walk_up.res[39m[0m
Loading resource: res://data/actors/enemies/head_cutter/goblin_data.tres
Loading resource: res://data/actors/enemies/head_cutter/animations/goblin_walk_down.tres
Loading resource: res://assets/sprites/enemy.png
Loading resource: res://.godot/imported/enemy.png-6b2203c402e38acd697818ffb85e8537.ctex
Loading resource: res://data/actors/enemies/head_cutter/animations/goblin_walk_left.tres
Loading resource: res://data/actors/enemies/head_cutter/animations/goblin_walk_right.tres
Loading resource: res://data/actors/enemies/head_cutter/animations/goblin_walk_up.tres
Loading resource: res://data/actors/enemies/head_cutter/animations/goblin_idle_down.tres
Loading resource: res://data/actors/enemies/head_cutter/animations/goblin_idle_left.tres
Loading resource: res://data/actors/enemies/head_cutter/animations/goblin_idle_right.tres
Loading resource: res://data/ai_behavior/attack_behavior.tres
Loading resource: res://data/definitions/ai_behavior/attack_behavior_data.gd
Loading resource: res://data/actors/enemies/head_cutter/animations/goblin_idle_up.tres
Loading resource: res://data/ai_behavior/patrol_behavior.tres
Loading resource: res://data/definitions/ai_behavior/patrol_behavior_data.gd
Loading resource: res://data/weapons/actor_weapons/enemy_weapons/enemy_gun_item.tres
Loading resource: res://data/weapons/actor_weapons/enemy_weapons/enemy_gun.tres
Loading resource: res://features/effects/enemy_base_bullet.tscn
Loading resource: res://features/effects/base_bullet.gd
Loading resource: res://assets/effects/base_bullet.png
Loading resource: res://.godot/imported/base_bullet.png-9b08ccef534395017e54dd18ae581346.ctex
Loading resource: res://assets/effects/explosion_scaled_down.png
Loading resource: res://.godot/imported/explosion_scaled_down.png-72b926d9a6a731e0197901d05937af23.ctex
[  13% ] [90m[1msavepack[22m | 淇濆瓨鏂囦欢锛歳es://.godot/exported/133200997/export-8fdf9e4640afaefe587f58a9fd476382-goblin_data.res[39m[0m
[  13% ] [90m[1msavepack[22m | 淇濆瓨鏂囦欢锛歳es://.godot/exported/133200997/export-dfb5a0c6755b0a8b1dd02c6c3a3dbdf4-player_idle_down.res[39m[0m
[  14% ] [90m[1msavepack[22m | 淇濆瓨鏂囦欢锛歳es://.godot/exported/133200997/export-810f787baf3a531a170bc7eb0aed54fb-player_idle_left.res[39m[0m
[  14% ] [90m[1msavepack[22m | 淇濆瓨鏂囦欢锛歳es://.godot/exported/133200997/export-7d06d44f47bef38e7990b8c5ad718136-player_idle_right.res[39m[0m
[  15% ] [90m[1msavepack[22m | 淇濆瓨鏂囦欢锛歳es://.godot/exported/133200997/export-755ab032ff8299f7bfbe7ebb3aff0a9d-player_idle_up.res[39m[0m
Loading resource: res://data/actors/player/animations/player_walk_down.tres
Loading resource: res://assets/charactor/actor01.png
Loading resource: res://.godot/imported/actor01.png-5fa2da47639e9f555e4364465fbf9689.ctex
[  15% ] [90m[1msavepack[22m | 淇濆瓨鏂囦欢锛歳es://.godot/exported/133200997/export-ae8319f08e782c276f72607d81737412-player_walk_down.res[39m[0m
Loading resource: res://data/actors/player/animations/player_walk_left.tres
Loading resource: res://assets/charactor/actor01.png
Loading resource: res://.godot/imported/actor01.png-5fa2da47639e9f555e4364465fbf9689.ctex
[  15% ] [90m[1msavepack[22m | 淇濆瓨鏂囦欢锛歳es://.godot/exported/133200997/export-e0587c7625650749bcbb92b89d61bbe5-player_walk_left.res[39m[0m
Loading resource: res://data/actors/player/animations/player_walk_right.tres
Loading resource: res://assets/charactor/actor01.png
Loading resource: res://.godot/imported/actor01.png-5fa2da47639e9f555e4364465fbf9689.ctex
[  16% ] [90m[1msavepack[22m | 淇濆瓨鏂囦欢锛歳es://.godot/exported/133200997/export-dc155dc7ff4304371c89c5347efa88e7-player_walk_right.res[39m[0m
Loading resource: res://data/actors/player/animations/player_walk_up.tres
Loading resource: res://assets/charactor/actor01.png
Loading resource: res://.godot/imported/actor01.png-5fa2da47639e9f555e4364465fbf9689.ctex
[  16% ] [90m[1msavepack[22m | 淇濆瓨鏂囦欢锛歳es://.godot/exported/133200997/export-d6cb11b68ce510dc9e58db9736ed7e9d-player_walk_up.res[39m[0m
Loading resource: res://data/actors/player/player_data.tres
Loading resource: res://data/actors/player/animations/player_walk_down.tres
Loading resource: res://assets/charactor/actor01.png
Loading resource: res://.godot/imported/actor01.png-5fa2da47639e9f555e4364465fbf9689.ctex
Loading resource: res://data/actors/player/animations/player_walk_left.tres
Loading resource: res://data/actors/player/animations/player_walk_right.tres
Loading resource: res://data/actors/player/animations/player_walk_up.tres
Loading resource: res://data/actors/player/animations/player_idle_down.tres
Loading resource: res://data/actors/player/animations/player_idle_left.tres
Loading resource: res://data/actors/player/animations/player_idle_right.tres
Loading resource: res://data/actors/player/animations/player_idle_up.tres
Loading resource: res://data/inventory/player_weapon_inventory.tres
Loading resource: res://data/inventory/player_armor_inventory.tres
Loading resource: res://data/inventory/player_comsumable_inventory.tres
Loading resource: res://data/inventory/player_key_item_inventory.tres
Loading resource: res://data/items/light_machine_gun_item.tres
Loading resource: res://assets/sprites/machine_gun.png
Loading resource: res://.godot/imported/machine_gun.png-64a135095b705378c923e6d126545cbd.ctex
Loading resource: res://data/weapons/actor_weapons/player_weapons/light_machine_gun.tres
Loading resource: res://features/effects/base_bullet.tscn
Loading resource: res://assets/effects/base_bullet.png
Loading resource: res://.godot/imported/base_bullet.png-9b08ccef534395017e54dd18ae581346.ctex
Loading resource: res://assets/effects/explosion_scaled_down.png
Loading resource: res://.godot/imported/explosion_scaled_down.png-72b926d9a6a731e0197901d05937af23.ctex
Loading resource: res://data/weapons/actor_weapons/player_weapons/combo_data/combo_stage_1.tres
Loading resource: res://data/weapons/actor_weapons/player_weapons/combo_data/combo_stage_2.tres
Loading resource: res://data/weapons/actor_weapons/player_weapons/combo_data/combo_stage_3.tres
Loading resource: res://data/weapons/actor_weapons/player_weapons/combo_data/heavy_level_1.tres
Loading resource: res://data/weapons/actor_weapons/player_weapons/combo_data/heavy_level_3.tres
Loading resource: res://data/weapons/actor_weapons/player_weapons/combo_data/heavy_level_5.tres
[  16% ] [90m[1msavepack[22m | 淇濆瓨鏂囦欢锛歳es://.godot/exported/133200997/export-c591c9955a2849cf10175087358aa7be-player_data.res[39m[0m
[  17% ] [90m[1msavepack[22m | 淇濆瓨鏂囦欢锛歳es://.godot/exported/133200997/export-692224818fa8f39f05662184ec8be8ad-attack_behavior.res[39m[0m
[  17% ] [90m[1msavepack[22m | 淇濆瓨鏂囦欢锛歳es://.godot/exported/133200997/export-835073d688f5b6664ebcb4dbe90e8d50-chase_player_behavior.res[39m[0m
[  17% ] [90m[1msavepack[22m | 淇濆瓨鏂囦欢锛歳es://.godot/exported/133200997/export-b6e0bb77c179d2bf648666391ca28c63-patrol_behavior.res[39m[0m
[  18% ] [90m[1msavepack[22m | 淇濆瓨鏂囦欢锛歳es://.godot/exported/133200997/export-ce64c514e9ea0c1af056a35effb1235c-wander_behavior.res[39m[0m
[  18% ] [90m[1msavepack[22m | 淇濆瓨鏂囦欢锛歳es://data/definitions/actor_data/actor_data.gdc[39m[0m
[  19% ] [90m[1msavepack[22m | 淇濆瓨鏂囦欢锛歳es://data/definitions/ai_behavior/ai_behavior_data.gdc[39m[0m
[  19% ] [90m[1msavepack[22m | 淇濆瓨鏂囦欢锛歳es://data/definitions/ai_behavior/attack_behavior_data.gdc[39m[0m
[  19% ] [90m[1msavepack[22m | 淇濆瓨鏂囦欢锛歳es://data/definitions/ai_behavior/chase_player_behavior_data.gdc[39m[0m
[  20% ] [90m[1msavepack[22m | 淇濆瓨鏂囦欢锛歳es://data/definitions/ai_behavior/patrol_behavior_data.gdc[39m[0m
[  20% ] [90m[1msavepack[22m | 淇濆瓨鏂囦欢锛歳es://data/definitions/ai_behavior/wander_behavior_data.gdc[39m[0m
[  20% ] [90m[1msavepack[22m | 淇濆瓨鏂囦欢锛歳es://data/definitions/animation/animation_data.gdc[39m[0m
[  21% ] [90m[1msavepack[22m | 淇濆瓨鏂囦欢锛歳es://data/definitions/bio_blitz/boss_data.gdc[39m[0m
[  21% ] [90m[1msavepack[22m | 淇濆瓨鏂囦欢锛歳es://data/definitions/bio_blitz/question_data.gdc[39m[0m
[  21% ] [90m[1msavepack[22m | 淇濆瓨鏂囦欢锛歳es://data/definitions/dialogue/dialogue_choice_data.gdc[39m[0m
[  22% ] [90m[1msavepack[22m | 淇濆瓨鏂囦欢锛歳es://data/definitions/dialogue/dialogue_condition_data.gdc[39m[0m
[  22% ] [90m[1msavepack[22m | 淇濆瓨鏂囦欢锛歳es://data/definitions/dialogue/dialogue_data.gdc[39m[0m
[  23% ] [90m[1msavepack[22m | 淇濆瓨鏂囦欢锛歳es://data/definitions/dialogue/dialogue_effect_data.gdc[39m[0m
[  23% ] [90m[1msavepack[22m | 淇濆瓨鏂囦欢锛歳es://data/definitions/dialogue/dialogue_line_data.gdc[39m[0m
[  23% ] [90m[1msavepack[22m | 淇濆瓨鏂囦欢锛歳es://data/definitions/inventory/item/equipment/armor_data.gdc[39m[0m
[  24% ] [90m[1msavepack[22m | 淇濆瓨鏂囦欢锛歳es://data/definitions/inventory/item/equipment/combo_attack_data.gdc[39m[0m
[  24% ] [90m[1msavepack[22m | 淇濆瓨鏂囦欢锛歳es://data/definitions/inventory/item/equipment/heavy_attack_data.gdc[39m[0m
[  24% ] [90m[1msavepack[22m | 淇濆瓨鏂囦欢锛歳es://data/definitions/inventory/item/equipment/special_equipment_data.gdc[39m[0m
[  25% ] [90m[1msavepack[22m | 淇濆瓨鏂囦欢锛歳es://data/definitions/inventory/item/equipment/weapon_data.gdc[39m[0m
[  25% ] [90m[1msavepack[22m | 淇濆瓨鏂囦欢锛歳es://data/definitions/inventory/inventory_data.gdc[39m[0m
[  25% ] [90m[1msavepack[22m | 淇濆瓨鏂囦欢锛歳es://data/definitions/inventory/item_data.gdc[39m[0m
[  26% ] [90m[1msavepack[22m | 淇濆瓨鏂囦欢锛歳es://data/definitions/item/item_effect_data.gdc[39m[0m
[  26% ] [90m[1msavepack[22m | 淇濆瓨鏂囦欢锛歳es://data/definitions/quest/objective_data.gdc[39m[0m
[  26% ] [90m[1msavepack[22m | 淇濆瓨鏂囦欢锛歳es://data/definitions/quest/quest_data.gdc[39m[0m
[  27% ] [90m[1msavepack[22m | 淇濆瓨鏂囦欢锛歳es://data/definitions/system/engine_data.gdc[39m[0m
[  27% ] [90m[1msavepack[22m | 淇濆瓨鏂囦欢锛歳es://data/definitions/system/game_save_data.gdc[39m[0m
[  28% ] [90m[1msavepack[22m | 淇濆瓨鏂囦欢锛歳es://data/definitions/system/game_scene_data.gdc[39m[0m
[  28% ] [90m[1msavepack[22m | 淇濆瓨鏂囦欢锛歳es://data/definitions/system/map_data.gdc[39m[0m
[  28% ] [90m[1msavepack[22m | 淇濆瓨鏂囦欢锛歳es://data/definitions/system/player_data_global.gdc[39m[0m
[  29% ] [90m[1msavepack[22m | 淇濆瓨鏂囦欢锛歳es://data/definitions/system/player_spawn_data.gdc[39m[0m
[  29% ] [90m[1msavepack[22m | 淇濆瓨鏂囦欢锛歳es://data/definitions/system/scene_sequence_data.gdc[39m[0m
[  29% ] [90m[1msavepack[22m | 淇濆瓨鏂囦欢锛歳es://data/definitions/system/scene_transition_data.gdc[39m[0m
[  30% ] [90m[1msavepack[22m | 淇濆瓨鏂囦欢锛歳es://data/definitions/system/spawnable_entity_data.gdc[39m[0m
[  30% ] [90m[1msavepack[22m | 淇濆瓨鏂囦欢锛歳es://data/definitions/system/world_data.gdc[39m[0m
[  30% ] [90m[1msavepack[22m | 淇濆瓨鏂囦欢锛歳es://data/definitions/system/world_generating_settings.gdc[39m[0m
[  31% ] [90m[1msavepack[22m | 淇濆瓨鏂囦欢锛歳es://data/definitions/vehicle/vehicle_data.gdc[39m[0m
[  31% ] [90m[1msavepack[22m | 淇濆瓨鏂囦欢锛歳es://data/definitions/vehicle/vehicle_skill_data.gdc[39m[0m
Loading resource: res://data/dialogue/sample_intro.tres
Loading resource: res://icon.svg
Loading resource: res://.godot/imported/icon.svg-218a8f2b3041327d8a5756f3a245f83b.ctex
Loading resource: res://assets/sprites/mitochondria.png
Loading resource: res://.godot/imported/mitochondria.png-18b7d35aab84ea2a64a96392a7b80ece.ctex
[  32% ] [90m[1msavepack[22m | 淇濆瓨鏂囦欢锛歳es://.godot/exported/133200997/export-25f3752fcfcc13bfea1cfa997147330e-sample_intro.res[39m[0m
Loading resource: res://data/dialogue/sample_more.tres
Loading resource: res://icon.svg
Loading resource: res://.godot/imported/icon.svg-218a8f2b3041327d8a5756f3a245f83b.ctex
Loading resource: res://assets/sprites/tanks_main_gun.png
Loading resource: res://.godot/imported/tanks_main_gun.png-6a0b1300d8e4b3390b91ad4f56963b0a.ctex
[  32% ] [90m[1msavepack[22m | 淇濆瓨鏂囦欢锛歳es://.godot/exported/133200997/export-f39319368e48fddf25191312282e378a-sample_more.res[39m[0m
Loading resource: res://data/dialogue/tts_demo.tres
Loading resource: res://icon.svg
Loading resource: res://.godot/imported/icon.svg-218a8f2b3041327d8a5756f3a245f83b.ctex
[  32% ] [90m[1msavepack[22m | 淇濆瓨鏂囦欢锛歳es://.godot/exported/133200997/export-5314270fc2f02142674f5430865da2de-tts_demo.res[39m[0m
Loading resource: res://data/game_scenes/default_game_scene.tres
Loading resource: res://data/definitions/system/game_scene_data.gd
[  33% ] [90m[1msavepack[22m | 淇濆瓨鏂囦欢锛歳es://.godot/exported/133200997/export-95184159a99f3ca9d3479ab8644614c3-default_game_scene.res[39m[0m
Loading resource: res://data/game_scenes/example_scene_with_entities.tres
Loading resource: res://data/actors/player/player_data.tres
Loading resource: res://data/actors/player/animations/player_walk_down.tres
Loading resource: res://assets/charactor/actor01.png
Loading resource: res://.godot/imported/actor01.png-5fa2da47639e9f555e4364465fbf9689.ctex
Loading resource: res://data/actors/player/animations/player_walk_left.tres
Loading resource: res://data/actors/player/animations/player_walk_right.tres
Loading resource: res://data/actors/player/animations/player_walk_up.tres
Loading resource: res://data/actors/player/animations/player_idle_down.tres
Loading resource: res://data/actors/player/animations/player_idle_left.tres
Loading resource: res://data/actors/player/animations/player_idle_right.tres
Loading resource: res://data/actors/player/animations/player_idle_up.tres
Loading resource: res://data/inventory/player_weapon_inventory.tres
Loading resource: res://data/inventory/player_armor_inventory.tres
Loading resource: res://data/inventory/player_comsumable_inventory.tres
Loading resource: res://data/inventory/player_key_item_inventory.tres
Loading resource: res://data/items/light_machine_gun_item.tres
Loading resource: res://assets/sprites/machine_gun.png
Loading resource: res://.godot/imported/machine_gun.png-64a135095b705378c923e6d126545cbd.ctex
Loading resource: res://data/weapons/actor_weapons/player_weapons/light_machine_gun.tres
Loading resource: res://features/effects/base_bullet.tscn
Loading resource: res://assets/effects/base_bullet.png
Loading resource: res://.godot/imported/base_bullet.png-9b08ccef534395017e54dd18ae581346.ctex
Loading resource: res://assets/effects/explosion_scaled_down.png
Loading resource: res://.godot/imported/explosion_scaled_down.png-72b926d9a6a731e0197901d05937af23.ctex
Loading resource: res://data/weapons/actor_weapons/player_weapons/combo_data/combo_stage_1.tres
Loading resource: res://data/weapons/actor_weapons/player_weapons/combo_data/combo_stage_2.tres
Loading resource: res://data/weapons/actor_weapons/player_weapons/combo_data/combo_stage_3.tres
Loading resource: res://data/weapons/actor_weapons/player_weapons/combo_data/heavy_level_1.tres
Loading resource: res://data/weapons/actor_weapons/player_weapons/combo_data/heavy_level_3.tres
Loading resource: res://data/weapons/actor_weapons/player_weapons/combo_data/heavy_level_5.tres
Loading resource: res://data/vehicles/basic_tank_data.tres
Loading resource: res://data/vehicles/components/engines/default_tank_engine.tres
Loading resource: res://data/definitions/system/engine_data.gd
Loading resource: res://data/definitions/vehicle/vehicle_data.gd
Loading resource: res://data/actors/enemies/head_cutter/goblin_data.tres
Loading resource: res://data/actors/enemies/head_cutter/animations/goblin_walk_down.tres
Loading resource: res://assets/sprites/enemy.png
Loading resource: res://.godot/imported/enemy.png-6b2203c402e38acd697818ffb85e8537.ctex
Loading resource: res://data/actors/enemies/head_cutter/animations/goblin_walk_left.tres
Loading resource: res://data/actors/enemies/head_cutter/animations/goblin_walk_right.tres
Loading resource: res://data/actors/enemies/head_cutter/animations/goblin_walk_up.tres
Loading resource: res://data/actors/enemies/head_cutter/animations/goblin_idle_down.tres
Loading resource: res://data/actors/enemies/head_cutter/animations/goblin_idle_left.tres
Loading resource: res://data/actors/enemies/head_cutter/animations/goblin_idle_right.tres
Loading resource: res://data/ai_behavior/attack_behavior.tres
Loading resource: res://data/actors/enemies/head_cutter/animations/goblin_idle_up.tres
Loading resource: res://data/ai_behavior/patrol_behavior.tres
Loading resource: res://data/weapons/actor_weapons/enemy_weapons/enemy_gun_item.tres
Loading resource: res://data/weapons/actor_weapons/enemy_weapons/enemy_gun.tres
Loading resource: res://features/effects/enemy_base_bullet.tscn
[  33% ] [90m[1msavepack[22m | 淇濆瓨鏂囦欢锛歳es://.godot/exported/133200997/export-c33426611f3c3dd36f91e7a2fc28d36d-example_scene_with_entities.res[39m[0m
Loading resource: res://data/game_scenes/prologue_scene_01.tres
Loading resource: res://data/maps/prologue_map_01.tres
[  33% ] [90m[1msavepack[22m | 淇濆瓨鏂囦欢锛歳es://.godot/exported/133200997/export-a4b227a9f4d2e781deb6f947ad2321db-prologue_scene_01.res[39m[0m
Loading resource: res://data/game_scenes/prologue_scene_02.tres
Loading resource: res://data/maps/prologue_map_02.tres
Loading resource: res://systems/eca/actions/action_show_dialog.gd
[  33% ] [90m[1msavepack[22m | 淇濆瓨鏂囦欢锛歳es://.godot/exported/133200997/export-71723ed00350d80556d6c72875b6e71f-prologue_scene_02.res[39m[0m
Loading resource: res://data/inventory/player_armor_inventory.tres
[  33% ] [90m[1msavepack[22m | 淇濆瓨鏂囦欢锛歳es://.godot/exported/133200997/export-b6488b1fb3f83b871f5410950266983c-player_armor_inventory.res[39m[0m
Loading resource: res://data/inventory/player_comsumable_inventory.tres
[  33% ] [90m[1msavepack[22m | 淇濆瓨鏂囦欢锛歳es://.godot/exported/133200997/export-e55bd08c68e6e7be6716c387f998faf0-player_comsumable_inventory.res[39m[0m
Loading resource: res://data/inventory/player_key_item_inventory.tres
[  34% ] [90m[1msavepack[22m | 淇濆瓨鏂囦欢锛歳es://.godot/exported/133200997/export-b964f41aac989905cf32483563105a0a-player_key_item_inventory.res[39m[0m
Loading resource: res://data/inventory/player_weapon_inventory.tres
[  34% ] [90m[1msavepack[22m | 淇濆瓨鏂囦欢锛歳es://.godot/exported/133200997/export-2bd2b7d7e85fdccebf02da0ed1bf2989-player_weapon_inventory.res[39m[0m
Loading resource: res://data/items/health_potion.tres
Loading resource: res://assets/charactor/actor01.png
Loading resource: res://.godot/imported/actor01.png-5fa2da47639e9f555e4364465fbf9689.ctex
[  35% ] [90m[1msavepack[22m | 淇濆瓨鏂囦欢锛歳es://.godot/exported/133200997/export-b96a7eb4adcdf2c446a10ee4d1b01c33-health_potion.res[39m[0m
Loading resource: res://data/items/light_machine_gun_item.tres
Loading resource: res://assets/sprites/machine_gun.png
Loading resource: res://.godot/imported/machine_gun.png-64a135095b705378c923e6d126545cbd.ctex
Loading resource: res://data/weapons/actor_weapons/player_weapons/light_machine_gun.tres
Loading resource: res://features/effects/base_bullet.tscn
Loading resource: res://assets/effects/base_bullet.png
Loading resource: res://.godot/imported/base_bullet.png-9b08ccef534395017e54dd18ae581346.ctex
Loading resource: res://assets/effects/explosion_scaled_down.png
Loading resource: res://.godot/imported/explosion_scaled_down.png-72b926d9a6a731e0197901d05937af23.ctex
Loading resource: res://data/weapons/actor_weapons/player_weapons/combo_data/combo_stage_1.tres
Loading resource: res://data/weapons/actor_weapons/player_weapons/combo_data/combo_stage_2.tres
Loading resource: res://data/weapons/actor_weapons/player_weapons/combo_data/combo_stage_3.tres
Loading resource: res://data/weapons/actor_weapons/player_weapons/combo_data/heavy_level_1.tres
Loading resource: res://data/weapons/actor_weapons/player_weapons/combo_data/heavy_level_3.tres
Loading resource: res://data/weapons/actor_weapons/player_weapons/combo_data/heavy_level_5.tres
[  35% ] [90m[1msavepack[22m | 淇濆瓨鏂囦欢锛歳es://.godot/exported/133200997/export-e073ed371df3ea18af6ae07d938f41cc-light_machine_gun_item.res[39m[0m
Loading resource: res://data/maps/prologue_map_01.tres
[  35% ] [90m[1msavepack[22m | 淇濆瓨鏂囦欢锛歳es://.godot/exported/133200997/export-50ea77e2b6a11c7b60a6251b90eb2a04-prologue_map_01.res[39m[0m
Loading resource: res://data/maps/prologue_map_02.tres
[  36% ] [90m[1msavepack[22m | 淇濆瓨鏂囦欢锛歳es://.godot/exported/133200997/export-b08f6bc80cb97666b179a957a3ba68da-prologue_map_02.res[39m[0m
[  36% ] [90m[1msavepack[22m | 淇濆瓨鏂囦欢锛歳es://.godot/exported/133200997/export-89ba94266a99ef69605a333bffb52392-goblin_idle_down.res[39m[0m
[  36% ] [90m[1msavepack[22m | 淇濆瓨鏂囦欢锛歳es://.godot/exported/133200997/export-7b87ff2b4a52479cb3c24a867709e1df-goblin_idle_left.res[39m[0m
[  37% ] [90m[1msavepack[22m | 淇濆瓨鏂囦欢锛歳es://.godot/exported/133200997/export-27274a65039cc417cdd39578748f425b-goblin_idle_right.res[39m[0m
[  37% ] [90m[1msavepack[22m | 淇濆瓨鏂囦欢锛歳es://.godot/exported/133200997/export-3c7f7fb088320f9bdad4993673cbcf4b-goblin_idle_up.res[39m[0m
[  37% ] [90m[1msavepack[22m | 淇濆瓨鏂囦欢锛歳es://.godot/exported/133200997/export-b23a48b2d88ba8e21e6e10430d56cb04-goblin_walk_down.res[39m[0m
[  38% ] [90m[1msavepack[22m | 淇濆瓨鏂囦欢锛歳es://.godot/exported/133200997/export-9bc07ce36b954665f8a3200ea1d66c10-goblin_walk_left.res[39m[0m
[  38% ] [90m[1msavepack[22m | 淇濆瓨鏂囦欢锛歳es://.godot/exported/133200997/export-3cf91148bfe299552e074cf192a634f6-goblin_walk_right.res[39m[0m
[  38% ] [90m[1msavepack[22m | 淇濆瓨鏂囦欢锛歳es://.godot/exported/133200997/export-36c937505c906f1599df653c32a81700-goblin_walk_up.res[39m[0m
Loading resource: res://data/questions/bio_blitz_demo/boss_data/head_cutter/goblin_data.tres
Loading resource: res://data/questions/bio_blitz_demo/boss_data/head_cutter/animations/goblin_walk_down.tres
Loading resource: res://assets/sprites/enemy.png
Loading resource: res://.godot/imported/enemy.png-6b2203c402e38acd697818ffb85e8537.ctex
Loading resource: res://data/questions/bio_blitz_demo/boss_data/head_cutter/animations/goblin_walk_left.tres
Loading resource: res://data/questions/bio_blitz_demo/boss_data/head_cutter/animations/goblin_walk_right.tres
Loading resource: res://data/questions/bio_blitz_demo/boss_data/head_cutter/animations/goblin_walk_up.tres
Loading resource: res://data/questions/bio_blitz_demo/boss_data/head_cutter/animations/goblin_idle_down.tres
Loading resource: res://data/questions/bio_blitz_demo/boss_data/head_cutter/animations/goblin_idle_left.tres
Loading resource: res://data/questions/bio_blitz_demo/boss_data/head_cutter/animations/goblin_idle_right.tres
Loading resource: res://data/questions/bio_blitz_demo/boss_data/head_cutter/animations/goblin_idle_up.tres
Loading resource: res://data/ai_behavior/patrol_behavior.tres
ERROR: Cannot assign contents of "Array[String]" to "Array[Object]".
   at: assign (core/variant/array.cpp:241)
ERROR: Cannot assign contents of "Array[String]" to "Array[Object]".
   at: assign (core/variant/array.cpp:241)
[  39% ] [90m[1msavepack[22m | 淇濆瓨鏂囦欢锛歳es://.godot/exported/133200997/export-d2c80a91b1eaa639944fde9006747a17-goblin_data.res[39m[0m
[  39% ] [90m[1msavepack[22m | 淇濆瓨鏂囦欢锛歳es://.godot/exported/133200997/export-08f6f9d98763e1121a351580e9416e09-boss_history.res[39m[0m
Loading resource: res://data/questions/bio_blitz_demo/boss_demo.tres
Loading resource: res://data/definitions/bio_blitz/boss_data.gd
Loading resource: res://data/ai_behavior/attack_behavior.tres
Loading resource: res://assets/sprites/mitochondria.png
Loading resource: res://.godot/imported/mitochondria.png-18b7d35aab84ea2a64a96392a7b80ece.ctex
[  40% ] [90m[1msavepack[22m | 淇濆瓨鏂囦欢锛歳es://.godot/exported/133200997/export-19d9cc29670924d1de49deb7e5d3ff42-boss_demo.res[39m[0m
Loading resource: res://data/questions/bio_blitz_demo/boss_respiration.tres
Loading resource: res://assets/sprites/mitochondria.png
Loading resource: res://.godot/imported/mitochondria.png-18b7d35aab84ea2a64a96392a7b80ece.ctex
[  40% ] [90m[1msavepack[22m | 淇濆瓨鏂囦欢锛歳es://.godot/exported/133200997/export-b576e1017b5dded6d8c39e96cd38e1d8-boss_respiration.res[39m[0m
[  40% ] [90m[1msavepack[22m | 淇濆瓨鏂囦欢锛歳es://.godot/exported/133200997/export-394ea54d7fd504ada705db1684dee422-q1_mitochondria.res[39m[0m
[  41% ] [90m[1msavepack[22m | 淇濆瓨鏂囦欢锛歳es://.godot/exported/133200997/export-4dc59e73914f11712cbfa979eafccbba-q2_osmosis.res[39m[0m
[  41% ] [90m[1msavepack[22m | 淇濆瓨鏂囦欢锛歳es://.godot/exported/133200997/export-489c06161ca357037321798108bae370-q3_enzyme.res[39m[0m
[  41% ] [90m[1msavepack[22m | 淇濆瓨鏂囦欢锛歳es://data/question_bank/A2Biology/12_respiration.json[39m[0m
[  42% ] [90m[1msavepack[22m | 淇濆瓨鏂囦欢锛歳es://data/question_bank/涓浗鍘嗗彶/01_涓夌殗浜斿笣.json[39m[0m
[  42% ] [90m[1msavepack[22m | 淇濆瓨鏂囦欢锛歳es://data/question_bank/涓浗鍘嗗彶/02_澶忓晢瑗垮懆.json[39m[0m
Loading resource: res://data/sequences/prologue_sequence.tres
Loading resource: res://data/definitions/system/scene_sequence_data.gd
Loading resource: res://assets/items/tools/microscope.webp
Loading resource: res://.godot/imported/microscope.webp-e0845ed04371a4fbad1034bbbfef491b.ctex
[  42% ] [90m[1msavepack[22m | 淇濆瓨鏂囦欢锛歳es://.godot/exported/133200997/export-3d6f4da67726c982c0397607dca4e0f3-prologue_sequence.res[39m[0m
[  43% ] [90m[1msavepack[22m | 淇濆瓨鏂囦欢锛歳es://.godot/exported/133200997/export-fa86d9efaad5694f4968855b65eb2a8d-default_tank_engine.res[39m[0m
[  43% ] [90m[1msavepack[22m | 淇濆瓨鏂囦欢锛歳es://.godot/exported/133200997/export-69549b7354c5c3bfd1a1b7ae9207092d-basic_tank_data.res[39m[0m
Loading resource: res://data/weapons/actor_weapons/enemy_weapons/enemy_gun.tres
Loading resource: res://features/effects/enemy_base_bullet.tscn
Loading resource: res://assets/effects/base_bullet.png
Loading resource: res://.godot/imported/base_bullet.png-9b08ccef534395017e54dd18ae581346.ctex
Loading resource: res://assets/effects/explosion_scaled_down.png
Loading resource: res://.godot/imported/explosion_scaled_down.png-72b926d9a6a731e0197901d05937af23.ctex
[  44% ] [90m[1msavepack[22m | 淇濆瓨鏂囦欢锛歳es://.godot/exported/133200997/export-19c08adedf257b6889f1e7f144b5c58a-enemy_gun.res[39m[0m
Loading resource: res://data/weapons/actor_weapons/enemy_weapons/enemy_gun_data.tres
Loading resource: res://features/effects/base_bullet.tscn
Loading resource: res://assets/sprites/machine_gun.png
Loading resource: res://.godot/imported/machine_gun.png-64a135095b705378c923e6d126545cbd.ctex
Loading resource: res://assets/effects/base_bullet.png
Loading resource: res://.godot/imported/base_bullet.png-9b08ccef534395017e54dd18ae581346.ctex
Loading resource: res://assets/effects/explosion_scaled_down.png
Loading resource: res://.godot/imported/explosion_scaled_down.png-72b926d9a6a731e0197901d05937af23.ctex
[  44% ] [90m[1msavepack[22m | 淇濆瓨鏂囦欢锛歳es://.godot/exported/133200997/export-dba1cab1a60e49bc04031a913742e07f-enemy_gun_data.res[39m[0m
Loading resource: res://data/weapons/actor_weapons/enemy_weapons/enemy_gun_item.tres
Loading resource: res://data/weapons/actor_weapons/enemy_weapons/enemy_gun.tres
Loading resource: res://features/effects/enemy_base_bullet.tscn
Loading resource: res://assets/effects/base_bullet.png
Loading resource: res://.godot/imported/base_bullet.png-9b08ccef534395017e54dd18ae581346.ctex
Loading resource: res://assets/effects/explosion_scaled_down.png
Loading resource: res://.godot/imported/explosion_scaled_down.png-72b926d9a6a731e0197901d05937af23.ctex
[  44% ] [90m[1msavepack[22m | 淇濆瓨鏂囦欢锛歳es://.godot/exported/133200997/export-8ff0702706f7fe9813c9dbd2270c6f78-enemy_gun_item.res[39m[0m
[  45% ] [90m[1msavepack[22m | 淇濆瓨鏂囦欢锛歳es://.godot/exported/133200997/export-91fe28df70504f2d9ac697c5c05f441b-enemy_weapon_test.scn[39m[0m
Loading resource: res://data/weapons/actor_weapons/player_weapons/combo_data/combo_stage_1.tres
[  45% ] [90m[1msavepack[22m | 淇濆瓨鏂囦欢锛歳es://.godot/exported/133200997/export-18c48a70576642dc04347a68348de658-combo_stage_1.res[39m[0m
Loading resource: res://data/weapons/actor_weapons/player_weapons/combo_data/combo_stage_2.tres
[  45% ] [90m[1msavepack[22m | 淇濆瓨鏂囦欢锛歳es://.godot/exported/133200997/export-b68791fe276a8e5b37399367d1756e75-combo_stage_2.res[39m[0m
Loading resource: res://data/weapons/actor_weapons/player_weapons/combo_data/combo_stage_3.tres
[  46% ] [90m[1msavepack[22m | 淇濆瓨鏂囦欢锛歳es://.godot/exported/133200997/export-b441e26bb57879f3e9e455fab4ac6b4e-combo_stage_3.res[39m[0m
Loading resource: res://data/weapons/actor_weapons/player_weapons/combo_data/heavy_level_1.tres
[  46% ] [90m[1msavepack[22m | 淇濆瓨鏂囦欢锛歳es://.godot/exported/133200997/export-4ba84c2fd563a1e7bbb98188cb2a8373-heavy_level_1.res[39m[0m
Loading resource: res://data/weapons/actor_weapons/player_weapons/combo_data/heavy_level_3.tres
[  46% ] [90m[1msavepack[22m | 淇濆瓨鏂囦欢锛歳es://.godot/exported/133200997/export-470a656194958179cb124b1b3a9fc648-heavy_level_3.res[39m[0m
Loading resource: res://data/weapons/actor_weapons/player_weapons/combo_data/heavy_level_5.tres
[  47% ] [90m[1msavepack[22m | 淇濆瓨鏂囦欢锛歳es://.godot/exported/133200997/export-d55751747189d50b3e561c5f284c19b9-heavy_level_5.res[39m[0m
Loading resource: res://data/weapons/actor_weapons/player_weapons/light_machine_gun.tres
Loading resource: res://features/effects/base_bullet.tscn
Loading resource: res://assets/effects/base_bullet.png
Loading resource: res://.godot/imported/base_bullet.png-9b08ccef534395017e54dd18ae581346.ctex
Loading resource: res://assets/effects/explosion_scaled_down.png
Loading resource: res://.godot/imported/explosion_scaled_down.png-72b926d9a6a731e0197901d05937af23.ctex
Loading resource: res://data/weapons/actor_weapons/player_weapons/combo_data/combo_stage_1.tres
Loading resource: res://data/weapons/actor_weapons/player_weapons/combo_data/combo_stage_2.tres
Loading resource: res://data/weapons/actor_weapons/player_weapons/combo_data/combo_stage_3.tres
Loading resource: res://data/weapons/actor_weapons/player_weapons/combo_data/heavy_level_1.tres
Loading resource: res://data/weapons/actor_weapons/player_weapons/combo_data/heavy_level_3.tres
Loading resource: res://data/weapons/actor_weapons/player_weapons/combo_data/heavy_level_5.tres
[  47% ] [90m[1msavepack[22m | 淇濆瓨鏂囦欢锛歳es://.godot/exported/133200997/export-c9337f44be3b0ea2308350a11149b0e9-light_machine_gun.res[39m[0m
Loading resource: res://data/weapons/actor_weapons/player_weapons/player_default_weapon.tres
Loading resource: res://assets/sprites/machine_gun.png
Loading resource: res://.godot/imported/machine_gun.png-64a135095b705378c923e6d126545cbd.ctex
Loading resource: res://data/weapons/actor_weapons/player_weapons/light_machine_gun.tres
Loading resource: res://features/effects/base_bullet.tscn
Loading resource: res://assets/effects/base_bullet.png
Loading resource: res://.godot/imported/base_bullet.png-9b08ccef534395017e54dd18ae581346.ctex
Loading resource: res://assets/effects/explosion_scaled_down.png
Loading resource: res://.godot/imported/explosion_scaled_down.png-72b926d9a6a731e0197901d05937af23.ctex
Loading resource: res://data/weapons/actor_weapons/player_weapons/combo_data/combo_stage_1.tres
Loading resource: res://data/weapons/actor_weapons/player_weapons/combo_data/combo_stage_2.tres
Loading resource: res://data/weapons/actor_weapons/player_weapons/combo_data/combo_stage_3.tres
Loading resource: res://data/weapons/actor_weapons/player_weapons/combo_data/heavy_level_1.tres
Loading resource: res://data/weapons/actor_weapons/player_weapons/combo_data/heavy_level_3.tres
Loading resource: res://data/weapons/actor_weapons/player_weapons/combo_data/heavy_level_5.tres
[  48% ] [90m[1msavepack[22m | 淇濆瓨鏂囦欢锛歳es://.godot/exported/133200997/export-d75c8396f4ff270302eba99b33981a9b-player_default_weapon.res[39m[0m
[  48% ] [90m[1msavepack[22m | 淇濆瓨鏂囦欢锛歳es://.godot/exported/133200997/export-043961851c47561ccbd6e9048fd6cadb-player_weapon_test.scn[39m[0m
Loading resource: res://data/weapons/vehicle_weapons/main_weapons/heavy_cannon.tres
Loading resource: res://features/effects/base_bullet.tscn
Loading resource: res://assets/effects/base_bullet.png
Loading resource: res://.godot/imported/base_bullet.png-9b08ccef534395017e54dd18ae581346.ctex
Loading resource: res://assets/sprites/tanks_main_gun.png
Loading resource: res://.godot/imported/tanks_main_gun.png-6a0b1300d8e4b3390b91ad4f56963b0a.ctex
Loading resource: res://assets/effects/explosion_scaled_down.png
Loading resource: res://.godot/imported/explosion_scaled_down.png-72b926d9a6a731e0197901d05937af23.ctex
[  48% ] [90m[1msavepack[22m | 淇濆瓨鏂囦欢锛歳es://.godot/exported/133200997/export-533d1007f878956aff3f6eee5bd229b5-heavy_cannon.res[39m[0m
Loading resource: res://data/weapons/vehicle_weapons/sub_weapons/light_machine_gun.tres
Loading resource: res://assets/effects/base_bullet.png
Loading resource: res://.godot/imported/base_bullet.png-9b08ccef534395017e54dd18ae581346.ctex
Loading resource: res://features/effects/base_bullet.tscn
Loading resource: res://assets/effects/explosion_scaled_down.png
Loading resource: res://.godot/imported/explosion_scaled_down.png-72b926d9a6a731e0197901d05937af23.ctex
Loading resource: res://assets/sprites/machine_gun.png
Loading resource: res://.godot/imported/machine_gun.png-64a135095b705378c923e6d126545cbd.ctex
[  49% ] [90m[1msavepack[22m | 淇濆瓨鏂囦欢锛歳es://.godot/exported/133200997/export-4d20295bd2fbe56f51c8ce40c1267139-light_machine_gun.res[39m[0m
[  49% ] [90m[1msavepack[22m | 淇濆瓨鏂囦欢锛歳es://features/actor/actor.gdc[39m[0m
Loading resource: res://features/actor/base_actor.tscn
Loading resource: res://features/components/attribute_component/health_component.tscn
Loading resource: res://features/components/attribute_component/attribute_component.tscn
Loading resource: res://features/components/attribute_component/metabolism_component.tscn
Loading resource: res://features/components/attribute_component/speed_component.gd.tscn
Loading resource: res://features/components/inventory_component/inventory_component.tscn
Loading resource: res://features/components/combat_component/actor_combat_component.tscn
Loading resource: res://features/effects/base_weapon_effect.tscn
[  49% ] [90m[1msavepack[22m | 淇濆瓨鏂囦欢锛歳es://.godot/exported/133200997/export-f7d83335f9a0607fc20c6d26c0edfbad-base_actor.scn[39m[0m
[  50% ] [90m[1msavepack[22m | 淇濆瓨鏂囦欢锛歳es://features/components/attribute_component/attribute_component.gdc[39m[0m
[  50% ] [90m[1msavepack[22m | 淇濆瓨鏂囦欢锛歳es://.godot/exported/133200997/export-a7ddba4d4dd377c96cde2ae28e393c4c-attribute_component.scn[39m[0m
[  50% ] [90m[1msavepack[22m | 淇濆瓨鏂囦欢锛歳es://features/components/attribute_component/health_component.gdc[39m[0m
[  51% ] [90m[1msavepack[22m | 淇濆瓨鏂囦欢锛歳es://.godot/exported/133200997/export-aba1cf2bacb80be03a1e8b761f1d8d7d-health_component.scn[39m[0m
[  51% ] [90m[1msavepack[22m | 淇濆瓨鏂囦欢锛歳es://features/components/attribute_component/metabolism_component.gdc[39m[0m
[  51% ] [90m[1msavepack[22m | 淇濆瓨鏂囦欢锛歳es://.godot/exported/133200997/export-24719f5226334168a91924f2cf8bc364-metabolism_component.scn[39m[0m
[  52% ] [90m[1msavepack[22m | 淇濆瓨鏂囦欢锛歳es://features/components/attribute_component/speed_component.gd.gdc[39m[0m
[  52% ] [90m[1msavepack[22m | 淇濆瓨鏂囦欢锛歳es://.godot/exported/133200997/export-1f6be6b40750320d224f26659ffdf672-speed_component.gd.scn[39m[0m
[  53% ] [90m[1msavepack[22m | 淇濆瓨鏂囦欢锛歳es://features/components/combat_component/actor_combat_component.gdc[39m[0m
Loading resource: res://features/components/combat_component/actor_combat_component.tscn
[  53% ] [90m[1msavepack[22m | 淇濆瓨鏂囦欢锛歳es://.godot/exported/133200997/export-20907069288184b3fb3926377d24292c-actor_combat_component.scn[39m[0m
[  53% ] [90m[1msavepack[22m | 淇濆瓨鏂囦欢锛歳es://features/components/combat_component/combo_system.gdc[39m[0m
[  54% ] [90m[1msavepack[22m | 淇濆瓨鏂囦欢锛歳es://features/components/combat_component/heavy_attack_system.gdc[39m[0m
[  54% ] [90m[1msavepack[22m | 淇濆瓨鏂囦欢锛歳es://features/components/combat_component/hit_damage_calculator.gdc[39m[0m
[  54% ] [90m[1msavepack[22m | 淇濆瓨鏂囦欢锛歳es://features/components/combat_component/vehicle_combat_component.gdc[39m[0m
Loading resource: res://features/components/combat_component/vehicle_combat_component.tscn
Loading resource: res://features/components/combat_component/vehicle_combat_component.gd
[  55% ] [90m[1msavepack[22m | 淇濆瓨鏂囦欢锛歳es://.godot/exported/133200997/export-dd45195227b85e0dbe3f18afcdc5255a-vehicle_combat_component.scn[39m[0m
[  55% ] [90m[1msavepack[22m | 淇濆瓨鏂囦欢锛歳es://features/components/dialogue/dialogue_component.gdc[39m[0m
Loading resource: res://features/components/dialogue/dialogue_component.tscn
Loading resource: res://features/components/dialogue/dialogue_component.gd
Loading resource: res://features/components/interactable_component/interactable_component.tscn
ERROR: Parse Error: Parse error. [Resource file res://features/components/interactable_component/interactable_component.tscn:9]
   at: _parse_node_tag (scene/resources/resource_format_text.cpp:279)
Failed loading resource: res://features/components/interactable_component/interactable_component.tscn
ERROR: Failed loading resource: res://features/components/interactable_component/interactable_component.tscn.
   at: _load (core/io/resource_loader.cpp:343)
ERROR: Parse Error: Parse error. [Resource file res://features/components/dialogue/dialogue_component.tscn:9]
   at: _parse_node_tag (scene/resources/resource_format_text.cpp:279)
Failed loading resource: res://features/components/dialogue/dialogue_component.tscn
ERROR: Failed loading resource: res://features/components/dialogue/dialogue_component.tscn.
   at: _load (core/io/resource_loader.cpp:343)
ERROR: Condition "ps.is_null()" is true. Returning: p_path
   at: _export_customize (editor/export/editor_export_platform.cpp:890)
[  55% ] [90m[1msavepack[22m | 淇濆瓨鏂囦欢锛歳es://features/components/dialogue/dialogue_component.tscn[39m[0m
[  56% ] [90m[1msavepack[22m | 淇濆瓨鏂囦欢锛歳es://features/components/interactable_component/interactable_component.gdc[39m[0m
Loading resource: res://features/components/interactable_component/interactable_component.tscn
ERROR: Parse Error: Parse error. [Resource file res://features/components/interactable_component/interactable_component.tscn:9]
   at: _parse_node_tag (scene/resources/resource_format_text.cpp:279)
Failed loading resource: res://features/components/interactable_component/interactable_component.tscn
ERROR: Failed loading resource: res://features/components/interactable_component/interactable_component.tscn.
   at: _load (core/io/resource_loader.cpp:343)
ERROR: Condition "ps.is_null()" is true. Returning: p_path
   at: _export_customize (editor/export/editor_export_platform.cpp:890)
[  56% ] [90m[1msavepack[22m | 淇濆瓨鏂囦欢锛歳es://features/components/interactable_component/interactable_component.tscn[39m[0m
[  57% ] [90m[1msavepack[22m | 淇濆瓨鏂囦欢锛歳es://features/components/inventory_component/inventory_component.gdc[39m[0m
Loading resource: res://features/components/inventory_component/inventory_component.tscn
[  57% ] [90m[1msavepack[22m | 淇濆瓨鏂囦欢锛歳es://.godot/exported/133200997/export-66e1b9fdfffb2fbf763c6c0745f6c035-inventory_component.scn[39m[0m
[  57% ] [90m[1msavepack[22m | 淇濆瓨鏂囦欢锛歳es://features/components/quest/quest_log_component.gdc[39m[0m
[  58% ] [90m[1msavepack[22m | 淇濆瓨鏂囦欢锛歳es://features/components/quest/quest_runtime_state.gdc[39m[0m
[  58% ] [90m[1msavepack[22m | 淇濆瓨鏂囦欢锛歳es://features/components/charge_component.gdc[39m[0m
Loading resource: res://features/components/charge_component.tscn
[  58% ] [90m[1msavepack[22m | 淇濆瓨鏂囦欢锛歳es://.godot/exported/133200997/export-39d26d7738bd57e6dd26edf154dbaebe-charge_component.scn[39m[0m
[  59% ] [90m[1msavepack[22m | 淇濆瓨鏂囦欢锛歳es://features/components/damage_calculator.gdc[39m[0m
[  59% ] [90m[1msavepack[22m | 淇濆瓨鏂囦欢锛歳es://features/components/dodge_component.gdc[39m[0m
Loading resource: res://features/components/dodge_component.tscn
Loading resource: res://features/components/dodge_component.gd
[  59% ] [90m[1msavepack[22m | 淇濆瓨鏂囦欢锛歳es://.godot/exported/133200997/export-f92c5d68e42af524c76a6e244b66f311-dodge_component.scn[39m[0m
[  60% ] [90m[1msavepack[22m | 淇濆瓨鏂囦欢锛歳es://features/components/toughness_component.gdc[39m[0m
Loading resource: res://features/components/toughness_component.tscn
[  60% ] [90m[1msavepack[22m | 淇濆瓨鏂囦欢锛歳es://.godot/exported/133200997/export-d6641cd7b39d932bbcc4645f5a8c0aaa-toughness_component.scn[39m[0m
[  61% ] [90m[1msavepack[22m | 淇濆瓨鏂囦欢锛歳es://features/components/vehicle_stats_component.gdc[39m[0m
[  61% ] [90m[1msavepack[22m | 淇濆瓨鏂囦欢锛歳es://.godot/exported/133200997/export-1d4e26633c612d594c1655fe375fb8ce-vehicle_stats_component.scn[39m[0m
[  61% ] [90m[1msavepack[22m | 淇濆瓨鏂囦欢锛歳es://features/components/weapon_component.gdc[39m[0m
[  62% ] [90m[1msavepack[22m | 淇濆瓨鏂囦欢锛歳es://.godot/exported/133200997/export-e63458494f364d3c434b10979186cc62-weapon_component.scn[39m[0m
[  62% ] [90m[1msavepack[22m | 淇濆瓨鏂囦欢锛歳es://features/effects/background/cell_background.gdshader[39m[0m
[  62% ] [90m[1msavepack[22m | 淇濆瓨鏂囦欢锛歳es://.godot/exported/133200997/export-2a9d75a53e9dcf3747987f35be1706b5-cell_background.scn[39m[0m
[  63% ] [90m[1msavepack[22m | 淇濆瓨鏂囦欢锛歳es://features/effects/base_bullet.gdc[39m[0m
[  63% ] [90m[1msavepack[22m | 淇濆瓨鏂囦欢锛歳es://.godot/exported/133200997/export-551dbb52c5cb118585e16c7bc3fbd42d-base_bullet.scn[39m[0m
[  63% ] [90m[1msavepack[22m | 淇濆瓨鏂囦欢锛歳es://features/effects/base_weapon_effect.gdc[39m[0m
[  64% ] [90m[1msavepack[22m | 淇濆瓨鏂囦欢锛歳es://.godot/exported/133200997/export-8c24eb5c39d26b0caa99200ace41ac07-base_weapon_effect.scn[39m[0m
[  64% ] [90m[1msavepack[22m | 淇濆瓨鏂囦欢锛歳es://.godot/exported/133200997/export-6413d48da91375c58e94dfcd74825580-enemy_base_bullet.scn[39m[0m
[  64% ] [90m[1msavepack[22m | 淇濆瓨鏂囦欢锛歳es://features/enemy/boss.gdc[39m[0m
[  65% ] [90m[1msavepack[22m | 淇濆瓨鏂囦欢锛歳es://.godot/exported/133200997/export-4d40b8b6bcf223bf39284e462ca358a6-boss.scn[39m[0m
[  65% ] [90m[1msavepack[22m | 淇濆瓨鏂囦欢锛歳es://features/enemy/enemy.gdc[39m[0m
[  66% ] [90m[1msavepack[22m | 淇濆瓨鏂囦欢锛歳es://.godot/exported/133200997/export-3729c473a8e8c9b3c4caa0549f31ea03-enemy.scn[39m[0m
[  66% ] [90m[1msavepack[22m | 淇濆瓨鏂囦欢锛歳es://features/interactive/molecule/molecule.gdc[39m[0m
Loading resource: res://features/interactive/molecule/molecule.tscn
Loading resource: res://features/interactive/molecule/molecule.gd
Loading resource: res://assets/sprites/molecules/molecule_circle.png
Loading resource: res://.godot/imported/molecule_circle.png-1eebc449f36d24932703863cac08b80e.ctex
[  66% ] [90m[1msavepack[22m | 淇濆瓨鏂囦欢锛歳es://.godot/exported/133200997/export-015dacad7bc6c1d6da0a54fb7056a01a-molecule.scn[39m[0m
[  66% ] [90m[1msavepack[22m | 淇濆瓨鏂囦欢锛歳es://features/interactive/pickup/pickup.gdc[39m[0m
Loading resource: res://features/interactive/pickup/pickup.tscn
Loading resource: res://features/interactive/pickup/pickup.gd
[  66% ] [90m[1msavepack[22m | 淇濆瓨鏂囦欢锛歳es://.godot/exported/133200997/export-749368857923e323d56129fc5b94df3a-pickup.scn[39m[0m
[  66% ] [90m[1msavepack[22m | 淇濆瓨鏂囦欢锛歳es://features/interactive/gateway.gdc[39m[0m
Loading resource: res://features/interactive/gateway.tscn
Loading resource: res://features/interactive/gateway.gd
[  67% ] [90m[1msavepack[22m | 淇濆瓨鏂囦欢锛歳es://.godot/exported/133200997/export-ea5885fdc84bd62cf6c2120237e1398a-gateway.scn[39m[0m
Loading resource: res://features/map/chunks/map_0_0.tscn
Loading resource: res://features/map/tilesets/tileset.tres
Loading resource: res://assets/tilesets/Endo-environment.png
Loading resource: res://.godot/imported/Endo-environment.png-ff12b198bbd7d2893d4f9d24ebf20080.ctex
[  67% ] [90m[1msavepack[22m | 淇濆瓨鏂囦欢锛歳es://.godot/exported/133200997/export-48afd5a2cae85084fbf3c638502004ce-map_0_0.scn[39m[0m
Loading resource: res://features/map/tilesets/tileset.tres
[  67% ] [90m[1msavepack[22m | 淇濆瓨鏂囦欢锛歳es://.godot/exported/133200997/export-3b2f2d9d1cd844a78195f93d73062070-tileset.res[39m[0m
[  68% ] [90m[1msavepack[22m | 淇濆瓨鏂囦欢锛歳es://features/map/example_map_portal.gdc[39m[0m
[  68% ] [90m[1msavepack[22m | 淇濆瓨鏂囦欢锛歳es://features/player/player.gdc[39m[0m
Loading resource: res://features/player/player.tscn
Loading resource: res://features/actor/base_actor.tscn
Loading resource: res://features/player/player.gd
Loading resource: res://features/components/dodge_component.tscn
[  69% ] [90m[1msavepack[22m | 淇濆瓨鏂囦欢锛歳es://.godot/exported/133200997/export-6300420f301048e2262a460b1633c400-player.scn[39m[0m
[  69% ] [90m[1msavepack[22m | 淇濆瓨鏂囦欢锛歳es://features/prologue/target_cell.gdc[39m[0m
Loading resource: res://features/prologue/target_cell.tscn
Loading resource: res://features/prologue/target_cell.gd
Loading resource: res://assets/sprites/cell_sprite.png
Loading resource: res://.godot/imported/cell_sprite.png-6885b53e86eb3a6978c70738f373a09b.ctex
[  69% ] [90m[1msavepack[22m | 淇濆瓨鏂囦欢锛歳es://.godot/exported/133200997/export-13dab9f066cc3d88a0c61767577cbcd8-target_cell.scn[39m[0m
[  70% ] [90m[1msavepack[22m | 淇濆瓨鏂囦欢锛歳es://features/vehicle/base_vehicle.gdc[39m[0m
Loading resource: res://features/vehicle/base_vehicle.tscn
Loading resource: res://features/components/combat_component/vehicle_combat_component.tscn
Loading resource: res://assets/sprites/tanks_moving_1.png
Loading resource: res://.godot/imported/tanks_moving_1.png-feecf08295ee03a4c09844737beedfec.ctex
Loading resource: res://features/components/vehicle_stats_component.tscn
Loading resource: res://assets/sprites/tanks_moving_2.png
Loading resource: res://.godot/imported/tanks_moving_2.png-039059e0e7c3ce53f64f540c60cc2423.ctex
[  70% ] [90m[1msavepack[22m | 淇濆瓨鏂囦欢锛歳es://.godot/exported/133200997/export-0b9844bee68bb65a429d8860fe0087e1-base_vehicle.scn[39m[0m
Loading resource: res://scenes/blitz_battle/bio_blitz_battle.tscn
Loading resource: res://scenes/blitz_battle/bio_blitz_manager.gd
Loading resource: res://assets/audio/music/MatelMax.mp3
Loading resource: res://.godot/imported/MatelMax.mp3-76eab8e5d4912d4c0466a3a39e753727.mp3str
Loading resource: res://features/effects/background/cell_background.tscn
Loading resource: res://features/effects/background/cell_background.gdshader
Loading resource: res://features/player/player.tscn
Loading resource: res://data/actors/player/player_data.tres
Loading resource: res://data/actors/player/animations/player_walk_down.tres
Loading resource: res://assets/charactor/actor01.png
Loading resource: res://.godot/imported/actor01.png-5fa2da47639e9f555e4364465fbf9689.ctex
Loading resource: res://data/actors/player/animations/player_walk_left.tres
Loading resource: res://data/actors/player/animations/player_walk_right.tres
Loading resource: res://data/actors/player/animations/player_walk_up.tres
Loading resource: res://data/actors/player/animations/player_idle_down.tres
Loading resource: res://data/actors/player/animations/player_idle_left.tres
Loading resource: res://data/actors/player/animations/player_idle_right.tres
Loading resource: res://data/actors/player/animations/player_idle_up.tres
Loading resource: res://data/inventory/player_weapon_inventory.tres
Loading resource: res://data/inventory/player_armor_inventory.tres
Loading resource: res://data/inventory/player_comsumable_inventory.tres
Loading resource: res://data/inventory/player_key_item_inventory.tres
Loading resource: res://data/items/light_machine_gun_item.tres
Loading resource: res://assets/sprites/machine_gun.png
Loading resource: res://.godot/imported/machine_gun.png-64a135095b705378c923e6d126545cbd.ctex
Loading resource: res://data/weapons/actor_weapons/player_weapons/light_machine_gun.tres
Loading resource: res://features/effects/base_bullet.tscn
Loading resource: res://assets/effects/base_bullet.png
Loading resource: res://.godot/imported/base_bullet.png-9b08ccef534395017e54dd18ae581346.ctex
Loading resource: res://assets/effects/explosion_scaled_down.png
Loading resource: res://.godot/imported/explosion_scaled_down.png-72b926d9a6a731e0197901d05937af23.ctex
Loading resource: res://data/weapons/actor_weapons/player_weapons/combo_data/combo_stage_1.tres
Loading resource: res://data/weapons/actor_weapons/player_weapons/combo_data/combo_stage_2.tres
Loading resource: res://data/weapons/actor_weapons/player_weapons/combo_data/combo_stage_3.tres
Loading resource: res://data/weapons/actor_weapons/player_weapons/combo_data/heavy_level_1.tres
Loading resource: res://data/weapons/actor_weapons/player_weapons/combo_data/heavy_level_3.tres
Loading resource: res://data/weapons/actor_weapons/player_weapons/combo_data/heavy_level_5.tres
Loading resource: res://features/enemy/boss.tscn
Loading resource: res://features/enemy/enemy.tscn
Loading resource: res://features/enemy/enemy.gd
Loading resource: res://features/enemy/boss.gd
Loading resource: res://ui/hud/hud.tscn
Loading resource: res://ui/hud/hud.gd
Loading resource: res://ui/hud/charge_display.tscn
Loading resource: res://ui/hud/charge_display.gd
Loading resource: res://data/questions/bio_blitz_demo/boss_data/head_cutter/goblin_data.tres
Loading resource: res://data/questions/bio_blitz_demo/boss_data/head_cutter/animations/goblin_walk_down.tres
Loading resource: res://assets/sprites/enemy.png
Loading resource: res://.godot/imported/enemy.png-6b2203c402e38acd697818ffb85e8537.ctex
Loading resource: res://data/questions/bio_blitz_demo/boss_data/head_cutter/animations/goblin_walk_left.tres
Loading resource: res://data/questions/bio_blitz_demo/boss_data/head_cutter/animations/goblin_walk_right.tres
Loading resource: res://data/questions/bio_blitz_demo/boss_data/head_cutter/animations/goblin_walk_up.tres
Loading resource: res://data/questions/bio_blitz_demo/boss_data/head_cutter/animations/goblin_idle_down.tres
Loading resource: res://data/questions/bio_blitz_demo/boss_data/head_cutter/animations/goblin_idle_left.tres
Loading resource: res://data/questions/bio_blitz_demo/boss_data/head_cutter/animations/goblin_idle_right.tres
Loading resource: res://data/questions/bio_blitz_demo/boss_data/head_cutter/animations/goblin_idle_up.tres
Loading resource: res://data/ai_behavior/patrol_behavior.tres
ERROR: Cannot assign contents of "Array[String]" to "Array[Object]".
   at: assign (core/variant/array.cpp:241)
ERROR: Cannot assign contents of "Array[String]" to "Array[Object]".
   at: assign (core/variant/array.cpp:241)
Loading resource: res://features/vehicle/base_vehicle.tscn
Loading resource: res://data/vehicles/basic_tank_data.tres
Loading resource: res://data/vehicles/components/engines/default_tank_engine.tres
Loading resource: res://features/interactive/pickup/pickup.tscn
Loading resource: res://data/weapons/actor_weapons/player_weapons/player_default_weapon.tres
Loading resource: res://ui/system_menu/system_menu.tscn
Loading resource: res://ui/system_menu/system_menu.gd
Loading resource: res://ui/system_menu/charactor_menu.tscn
Loading resource: res://ui/system_menu/charactor_menu.gd
Loading resource: res://ui/system_menu/inventory_ui.tscn
Loading resource: res://ui/system_menu/inventory_ui.gd
Loading resource: res://ui/system_menu/equipment_ui.tscn
Loading resource: res://ui/system_menu/equipment_ui.gd
Loading resource: res://icon.svg
Loading resource: res://.godot/imported/icon.svg-218a8f2b3041327d8a5756f3a245f83b.ctex
Loading resource: res://scenes/story/prologue/prologue_scene_01.tscn
Loading resource: res://scenes/story/prologue/prologue_scene_01.gd
Loading resource: res://assets/items/tools/cells_in_microscope.jpg
Loading resource: res://.godot/imported/cells_in_microscope.jpg-f0aa08983f0426ab7eadf8922cad5342.ctex
[  70% ] [90m[1msavepack[22m | 淇濆瓨鏂囦欢锛歳es://.godot/exported/133200997/export-1393cd19e0d8c261b8750cb9204f7797-bio_blitz_battle.scn[39m[0m
[  71% ] [90m[1msavepack[22m | 淇濆瓨鏂囦欢锛歳es://scenes/blitz_battle/bio_blitz_manager.gdc[39m[0m
[  71% ] [90m[1msavepack[22m | 淇濆瓨鏂囦欢锛歳es://scenes/blitz_battle/bio_blitz_selection.gdc[39m[0m
Loading resource: res://scenes/blitz_battle/bio_blitz_selection.tscn
Loading resource: res://scenes/blitz_battle/bio_blitz_selection.gd
[  71% ] [90m[1msavepack[22m | 淇濆瓨鏂囦欢锛歳es://.godot/exported/133200997/export-e346a1da4e1342655f6750a4bfa9653f-bio_blitz_selection.scn[39m[0m
[  72% ] [90m[1msavepack[22m | 淇濆瓨鏂囦欢锛歳es://scenes/story/opening/opening_animation.gdc[39m[0m
Loading resource: res://scenes/story/opening/opening_animation.tscn
Loading resource: res://scenes/story/opening/opening_animation.gd
WARNING: res://scenes/story/opening/opening_animation.tscn:4 - ext_resource, invalid UID: uid://b0a3wuusv8qjh - using text path instead: res://icon.svg
   at: load (scene/resources/resource_format_text.cpp:444)
[  72% ] [90m[1msavepack[22m | 淇濆瓨鏂囦欢锛歳es://.godot/exported/133200997/export-cb068cc8d5d5d4d8e196c0f885971c88-opening_animation.scn[39m[0m
Loading resource: res://scenes/story/prologue/prologue_game.tscn
Loading resource: res://features/prologue/prologue_game.gd
ERROR: Attempt to open script 'res://features/prologue/prologue_game.gd' resulted in error 'File not found'.
   at: load_source_code (modules/gdscript/gdscript.cpp:1120)
Failed loading resource: res://features/prologue/prologue_game.gd
ERROR: Failed loading resource: res://features/prologue/prologue_game.gd.
   at: _load (core/io/resource_loader.cpp:343)
Loading resource: res://features/prologue/target_cell.tscn
Loading resource: res://ui/prologue/prologue_ui.tscn
Loading resource: res://ui/prologue/prologue_ui.gd
ERROR: Cannot set object script. Parameter should be null or a reference to a valid script.
   at: set_script (core/object/object.cpp:1005)
[  73% ] [90m[1msavepack[22m | 淇濆瓨鏂囦欢锛歳es://.godot/exported/133200997/export-dc32cfc97066585eb0b04763d9cd93d8-prologue_game.scn[39m[0m
[  73% ] [90m[1msavepack[22m | 淇濆瓨鏂囦欢锛歳es://scenes/story/prologue/prologue_scene_01.gdc[39m[0m
Loading resource: res://scenes/story/prologue/prologue_scene_01.tscn
[  73% ] [90m[1msavepack[22m | 淇濆瓨鏂囦欢锛歳es://.godot/exported/133200997/export-2b498542287cfb8e9d85b116c78aca60-prologue_scene_01.scn[39m[0m
[  74% ] [90m[1msavepack[22m | 淇濆瓨鏂囦欢锛歳es://scenes/story/prologue/prologue_scene_02.gdc[39m[0m
Loading resource: res://scenes/story/prologue/prologue_scene_02.tscn
Loading resource: res://scenes/story/prologue/prologue_scene_02.gd
[  74% ] [90m[1msavepack[22m | 淇濆瓨鏂囦欢锛歳es://.godot/exported/133200997/export-208b28e704026b494cbf9dc736de3a33-prologue_scene_02.scn[39m[0m
[  74% ] [90m[1msavepack[22m | 淇濆瓨鏂囦欢锛歳es://scenes/game_scene.gdc[39m[0m
Loading resource: res://scenes/game_scene.tscn
Loading resource: res://scenes/game_scene.gd
Loading resource: res://data/game_scenes/default_game_scene.tres
[  75% ] [90m[1msavepack[22m | 淇濆瓨鏂囦欢锛歳es://.godot/exported/133200997/export-c959080bbd5e20519c449e1181f906a4-game_scene.scn[39m[0m
Loading resource: res://scenes/main.tscn
Loading resource: res://systems/main_game_manager.gd
Loading resource: res://scenes/game_scene.tscn
Loading resource: res://ui/dialogue/dialogue_panel.tscn
Loading resource: res://ui/dialogue/dialogue_panel.gd
Loading resource: res://data/game_scenes/prologue_scene_01.tres
Loading resource: res://data/maps/prologue_map_01.tres
Loading resource: res://data/game_scenes/prologue_scene_02.tres
Loading resource: res://data/maps/prologue_map_02.tres
[  75% ] [90m[1msavepack[22m | 淇濆瓨鏂囦欢锛歳es://.godot/exported/133200997/export-3ad5c15c4f3250da0cc7c1af1770d85f-main.scn[39m[0m
[  75% ] [90m[1msavepack[22m | 淇濆瓨鏂囦欢锛歳es://systems/eca/actions/action_show_dialog.gdc[39m[0m
[  76% ] [90m[1msavepack[22m | 淇濆瓨鏂囦欢锛歳es://systems/eca/actions/action_spawn_actor.gdc[39m[0m
[  76% ] [90m[1msavepack[22m | 淇濆瓨鏂囦欢锛歳es://systems/eca/conditions/condition_has_item.gdc[39m[0m
[  76% ] [90m[1msavepack[22m | 淇濆瓨鏂囦欢锛歳es://systems/eca/game_action.gdc[39m[0m
[  77% ] [90m[1msavepack[22m | 淇濆瓨鏂囦欢锛歳es://systems/eca/game_condition.gdc[39m[0m
[  77% ] [90m[1msavepack[22m | 淇濆瓨鏂囦欢锛歳es://systems/eca/game_event_data.gdc[39m[0m
[  78% ] [90m[1msavepack[22m | 淇濆瓨鏂囦欢锛歳es://systems/audio_manager.gdc[39m[0m
[  78% ] [90m[1msavepack[22m | 淇濆瓨鏂囦欢锛歳es://systems/dialogue_manager.gdc[39m[0m
[  78% ] [90m[1msavepack[22m | 淇濆瓨鏂囦欢锛歳es://systems/event_bus.gdc[39m[0m
[  79% ] [90m[1msavepack[22m | 淇濆瓨鏂囦欢锛歳es://systems/game_logger.gdc[39m[0m
[  79% ] [90m[1msavepack[22m | 淇濆瓨鏂囦欢锛歳es://systems/game_properties.gdc[39m[0m
[  79% ] [90m[1msavepack[22m | 淇濆瓨鏂囦欢锛歳es://systems/item_use_service.gdc[39m[0m
[  80% ] [90m[1msavepack[22m | 淇濆瓨鏂囦欢锛歳es://systems/main_game_manager.gdc[39m[0m
[  80% ] [90m[1msavepack[22m | 淇濆瓨鏂囦欢锛歳es://systems/map_manager.gdc[39m[0m
[  80% ] [90m[1msavepack[22m | 淇濆瓨鏂囦欢锛歳es://systems/quest_manager.gdc[39m[0m
[  81% ] [90m[1msavepack[22m | 淇濆瓨鏂囦欢锛歳es://systems/save_manager.gdc[39m[0m
[  81% ] [90m[1msavepack[22m | 淇濆瓨鏂囦欢锛歳es://systems/scene_manager.gdc[39m[0m
[  82% ] [90m[1msavepack[22m | 淇濆瓨鏂囦欢锛歳es://systems/scene_paths.gdc[39m[0m
[  82% ] [90m[1msavepack[22m | 淇濆瓨鏂囦欢锛歳es://systems/tts_manager.gdc[39m[0m
[  82% ] [90m[1msavepack[22m | 淇濆瓨鏂囦欢锛歳es://tests/dialogue_test.gdc[39m[0m
Loading resource: res://tests/dialogue_test.tscn
Loading resource: res://tests/dialogue_test.gd
Loading resource: res://data/dialogue/sample_intro.tres
Loading resource: res://assets/sprites/mitochondria.png
Loading resource: res://.godot/imported/mitochondria.png-18b7d35aab84ea2a64a96392a7b80ece.ctex
Loading resource: res://data/dialogue/sample_more.tres
Loading resource: res://assets/sprites/tanks_main_gun.png
Loading resource: res://.godot/imported/tanks_main_gun.png-6a0b1300d8e4b3390b91ad4f56963b0a.ctex
Loading resource: res://data/dialogue/tts_demo.tres
[  83% ] [90m[1msavepack[22m | 淇濆瓨鏂囦欢锛歳es://.godot/exported/133200997/export-086da767e0eb354c89d851ad1ea4efa6-dialogue_test.scn[39m[0m
[  83% ] [90m[1msavepack[22m | 淇濆瓨鏂囦欢锛歳es://tests/map_switching_test.gdc[39m[0m
Loading resource: res://tests/map_switching_test.tscn
Loading resource: res://tests/map_switching_test.gd
[  83% ] [90m[1msavepack[22m | 淇濆瓨鏂囦欢锛歳es://.godot/exported/133200997/export-62035f9ee850edfdd26468745d49b9ef-map_switching_test.scn[39m[0m
[  84% ] [90m[1msavepack[22m | 淇濆瓨鏂囦欢锛歳es://tests/quest_test.gdc[39m[0m
[  84% ] [90m[1msavepack[22m | 淇濆瓨鏂囦欢锛歳es://tests/test_eca_system.gdc[39m[0m
Loading resource: res://tests/test_eca_system.tscn
Loading resource: res://tests/test_eca_system.gd
[  84% ] [90m[1msavepack[22m | 淇濆瓨鏂囦欢锛歳es://.godot/exported/133200997/export-16c0831e4755251d93c23fd665123f8c-test_eca_system.scn[39m[0m
[  85% ] [90m[1msavepack[22m | 淇濆瓨鏂囦欢锛歳es://tests/test_game_scene_loading.gdc[39m[0m
[  85% ] [90m[1msavepack[22m | 淇濆瓨鏂囦欢锛歳es://tests/test_tts.gdc[39m[0m
[  86% ] [90m[1msavepack[22m | 淇濆瓨鏂囦欢锛歳es://ui/backpack/backpack_ui.gdc[39m[0m
[  86% ] [90m[1msavepack[22m | 淇濆瓨鏂囦欢锛歳es://.godot/exported/133200997/export-2da6feb1c1ba1c3b110d109899ea7977-backpack_ui.scn[39m[0m
[  86% ] [90m[1msavepack[22m | 淇濆瓨鏂囦欢锛歳es://ui/backpack/item_slot.gdc[39m[0m
[  87% ] [90m[1msavepack[22m | 淇濆瓨鏂囦欢锛歳es://.godot/exported/133200997/export-6ca21537fa243b3d92c86f431442f3d6-item_slot.scn[39m[0m
[  87% ] [90m[1msavepack[22m | 淇濆瓨鏂囦欢锛歳es://ui/character_creation/character_creation.gdc[39m[0m
[  87% ] [90m[1msavepack[22m | 淇濆瓨鏂囦欢锛歳es://.godot/exported/133200997/export-1ab9dc3178c9e529fb1682b5943c531a-character_creation.scn[39m[0m
[  88% ] [90m[1msavepack[22m | 淇濆瓨鏂囦欢锛歳es://ui/dialogue/dialogue_panel.gdc[39m[0m
Loading resource: res://ui/dialogue/dialogue_panel.tscn
[  88% ] [90m[1msavepack[22m | 淇濆瓨鏂囦欢锛歳es://.godot/exported/133200997/export-bbfa8208e8783db408622b73f1ee2bbd-dialogue_panel.scn[39m[0m
[  88% ] [90m[1msavepack[22m | 淇濆瓨鏂囦欢锛歳es://ui/hud/charge_display.gdc[39m[0m
Loading resource: res://ui/hud/charge_display.tscn
[  89% ] [90m[1msavepack[22m | 淇濆瓨鏂囦欢锛歳es://.godot/exported/133200997/export-82f3bdac8d57e228ae47a9f54daf6fde-charge_display.scn[39m[0m
[  89% ] [90m[1msavepack[22m | 淇濆瓨鏂囦欢锛歳es://ui/hud/hud.gdc[39m[0m
Loading resource: res://ui/hud/hud.tscn
[  89% ] [90m[1msavepack[22m | 淇濆瓨鏂囦欢锛歳es://.godot/exported/133200997/export-792a24e5cecbc11ca3b65b68aecce616-hud.scn[39m[0m
[  90% ] [90m[1msavepack[22m | 淇濆瓨鏂囦欢锛歳es://ui/loading_screen/loading_screen.gdc[39m[0m
Loading resource: res://ui/loading_screen/loading_screen.tscn
Loading resource: res://ui/loading_screen/loading_screen.gd
WARNING: res://ui/loading_screen/loading_screen.tscn:4 - ext_resource, invalid UID: uid://b0a3wuusv8qjh - using text path instead: res://icon.svg
   at: load (scene/resources/resource_format_text.cpp:444)
[  90% ] [90m[1msavepack[22m | 淇濆瓨鏂囦欢锛歳es://.godot/exported/133200997/export-701abeb9924a27f4f007ff34e1dc61c6-loading_screen.scn[39m[0m
[  91% ] [90m[1msavepack[22m | 淇濆瓨鏂囦欢锛歳es://ui/load_game/load_game_menu.gdc[39m[0m
[  91% ] [90m[1msavepack[22m | 淇濆瓨鏂囦欢锛歳es://.godot/exported/133200997/export-4962c6ffea0158dc883ddf8435922fc9-load_game_menu.scn[39m[0m
[  91% ] [90m[1msavepack[22m | 淇濆瓨鏂囦欢锛歳es://ui/main_menu/main_menu.gdc[39m[0m
[  92% ] [90m[1msavepack[22m | 淇濆瓨鏂囦欢锛歳es://.godot/exported/133200997/export-e4e7be6a8478e426437c5048574855e9-main_menu.scn[39m[0m
[  92% ] [90m[1msavepack[22m | 淇濆瓨鏂囦欢锛歳es://ui/main_menu/new_game_settings.gdc[39m[0m
Loading resource: res://ui/main_menu/new_game_settings.tscn
Loading resource: res://ui/main_menu/new_game_settings.gd
[  92% ] [90m[1msavepack[22m | 淇濆瓨鏂囦欢锛歳es://.godot/exported/133200997/export-ea03dfb11e65679a61f1923fd60876a3-new_game_settings.scn[39m[0m
[  93% ] [90m[1msavepack[22m | 淇濆瓨鏂囦欢锛歳es://ui/prologue/prologue_ui.gdc[39m[0m
Loading resource: res://ui/prologue/prologue_ui.tscn
[  93% ] [90m[1msavepack[22m | 淇濆瓨鏂囦欢锛歳es://.godot/exported/133200997/export-716aedb615572f4fbbf7a906fa762468-prologue_ui.scn[39m[0m
[  93% ] [90m[1msavepack[22m | 淇濆瓨鏂囦欢锛歳es://ui/system_menu/charactor_menu.gdc[39m[0m
Loading resource: res://ui/system_menu/charactor_menu.tscn
[  94% ] [90m[1msavepack[22m | 淇濆瓨鏂囦欢锛歳es://.godot/exported/133200997/export-bbd54064642b9d5b61fbe5103ddf9181-charactor_menu.scn[39m[0m
[  94% ] [90m[1msavepack[22m | 淇濆瓨鏂囦欢锛歳es://ui/system_menu/equipment_ui.gdc[39m[0m
Loading resource: res://ui/system_menu/equipment_ui.tscn
[  95% ] [90m[1msavepack[22m | 淇濆瓨鏂囦欢锛歳es://.godot/exported/133200997/export-eab6a6d90e76e1abd5eebc20e2c1b0f5-equipment_ui.scn[39m[0m
[  95% ] [90m[1msavepack[22m | 淇濆瓨鏂囦欢锛歳es://ui/system_menu/inventory_ui.gdc[39m[0m
Loading resource: res://ui/system_menu/inventory_ui.tscn
[  95% ] [90m[1msavepack[22m | 淇濆瓨鏂囦欢锛歳es://.godot/exported/133200997/export-0e1ac7244840f0cf0f4a86b05086125d-inventory_ui.scn[39m[0m
[  96% ] [90m[1msavepack[22m | 淇濆瓨鏂囦欢锛歳es://ui/system_menu/item_slot.gdc[39m[0m
Loading resource: res://ui/system_menu/item_slot.tscn
Loading resource: res://ui/system_menu/item_slot.gd
[  96% ] [90m[1msavepack[22m | 淇濆瓨鏂囦欢锛歳es://.godot/exported/133200997/export-799630121a85d96d329ef640106d6d5c-item_slot.scn[39m[0m
[  96% ] [90m[1msavepack[22m | 淇濆瓨鏂囦欢锛歳es://ui/system_menu/system_menu.gdc[39m[0m
Loading resource: res://ui/system_menu/system_menu.tscn
[  97% ] [90m[1msavepack[22m | 淇濆瓨鏂囦欢锛歳es://.godot/exported/133200997/export-0115bfaef42629301f7c91e6a488bc4c-system_menu.scn[39m[0m
[  97% ] [90m[1msavepack[22m | 淇濆瓨鏂囦欢锛歳es://world/game_world.gdc[39m[0m
[  97% ] [90m[1msavepack[22m | 淇濆瓨鏂囦欢锛歳es://.godot/exported/133200997/export-4c9a3912d9d1060ba511eb146b0a800d-game_world.scn[39m[0m
[  98% ] [90m[1msavepack[22m | 淇濆瓨鏂囦欢锛歳es://.godot/exported/133200997/export-19246414aa9fb561ced4b8dce477acec-default_bus_layout.res[39m[0m
[  98% ] [90m[1msavepack[22m | 淇濆瓨鏂囦欢锛歳es://.godot/imported/icon.svg-218a8f2b3041327d8a5756f3a245f83b.ctex[39m[0m
[  98% ] [90m[1msavepack[22m | 淇濆瓨鏂囦欢锛歳es://icon.svg.import[39m[0m
[  98% ] [90m[1msavepack[22m | 淇濆瓨鏂囦欢锛歳es://assets/tilesets/new_tile_set.tres.remap[39m[0m
[  98% ] [90m[1msavepack[22m | 淇濆瓨鏂囦欢锛歳es://data/actors/enemies/head_cutter/animations/goblin_idle_down.tres.remap[39m[0m
[  98% ] [90m[1msavepack[22m | 淇濆瓨鏂囦欢锛歳es://data/actors/enemies/head_cutter/animations/goblin_idle_left.tres.remap[39m[0m
[  98% ] [90m[1msavepack[22m | 淇濆瓨鏂囦欢锛歳es://data/actors/enemies/head_cutter/animations/goblin_idle_right.tres.remap[39m[0m
[  98% ] [90m[1msavepack[22m | 淇濆瓨鏂囦欢锛歳es://data/actors/enemies/head_cutter/animations/goblin_idle_up.tres.remap[39m[0m
[  98% ] [90m[1msavepack[22m | 淇濆瓨鏂囦欢锛歳es://data/actors/enemies/head_cutter/animations/goblin_walk_down.tres.remap[39m[0m
[  98% ] [90m[1msavepack[22m | 淇濆瓨鏂囦欢锛歳es://data/actors/enemies/head_cutter/animations/goblin_walk_left.tres.remap[39m[0m
[  98% ] [90m[1msavepack[22m | 淇濆瓨鏂囦欢锛歳es://data/actors/enemies/head_cutter/animations/goblin_walk_right.tres.remap[39m[0m
[  98% ] [90m[1msavepack[22m | 淇濆瓨鏂囦欢锛歳es://data/actors/enemies/head_cutter/animations/goblin_walk_up.tres.remap[39m[0m
[  98% ] [90m[1msavepack[22m | 淇濆瓨鏂囦欢锛歳es://data/actors/enemies/head_cutter/goblin_data.tres.remap[39m[0m
[  98% ] [90m[1msavepack[22m | 淇濆瓨鏂囦欢锛歳es://data/actors/player/animations/player_idle_down.tres.remap[39m[0m
[  98% ] [90m[1msavepack[22m | 淇濆瓨鏂囦欢锛歳es://data/actors/player/animations/player_idle_left.tres.remap[39m[0m
[  98% ] [90m[1msavepack[22m | 淇濆瓨鏂囦欢锛歳es://data/actors/player/animations/player_idle_right.tres.remap[39m[0m
[  98% ] [90m[1msavepack[22m | 淇濆瓨鏂囦欢锛歳es://data/actors/player/animations/player_idle_up.tres.remap[39m[0m
[  98% ] [90m[1msavepack[22m | 淇濆瓨鏂囦欢锛歳es://data/actors/player/animations/player_walk_down.tres.remap[39m[0m
[  98% ] [90m[1msavepack[22m | 淇濆瓨鏂囦欢锛歳es://data/actors/player/animations/player_walk_left.tres.remap[39m[0m
[  98% ] [90m[1msavepack[22m | 淇濆瓨鏂囦欢锛歳es://data/actors/player/animations/player_walk_right.tres.remap[39m[0m
[  98% ] [90m[1msavepack[22m | 淇濆瓨鏂囦欢锛歳es://data/actors/player/animations/player_walk_up.tres.remap[39m[0m
[  98% ] [90m[1msavepack[22m | 淇濆瓨鏂囦欢锛歳es://data/actors/player/player_data.tres.remap[39m[0m
[  98% ] [90m[1msavepack[22m | 淇濆瓨鏂囦欢锛歳es://data/ai_behavior/attack_behavior.tres.remap[39m[0m
[  98% ] [90m[1msavepack[22m | 淇濆瓨鏂囦欢锛歳es://data/ai_behavior/chase_player_behavior.tres.remap[39m[0m
[  98% ] [90m[1msavepack[22m | 淇濆瓨鏂囦欢锛歳es://data/ai_behavior/patrol_behavior.tres.remap[39m[0m
[  98% ] [90m[1msavepack[22m | 淇濆瓨鏂囦欢锛歳es://data/ai_behavior/wander_behavior.tres.remap[39m[0m
[  98% ] [90m[1msavepack[22m | 淇濆瓨鏂囦欢锛歳es://data/definitions/actor_data/actor_data.gd.remap[39m[0m
[  98% ] [90m[1msavepack[22m | 淇濆瓨鏂囦欢锛歳es://data/definitions/ai_behavior/ai_behavior_data.gd.remap[39m[0m
[  98% ] [90m[1msavepack[22m | 淇濆瓨鏂囦欢锛歳es://data/definitions/ai_behavior/attack_behavior_data.gd.remap[39m[0m
[  98% ] [90m[1msavepack[22m | 淇濆瓨鏂囦欢锛歳es://data/definitions/ai_behavior/chase_player_behavior_data.gd.remap[39m[0m
[  98% ] [90m[1msavepack[22m | 淇濆瓨鏂囦欢锛歳es://data/definitions/ai_behavior/patrol_behavior_data.gd.remap[39m[0m
[  98% ] [90m[1msavepack[22m | 淇濆瓨鏂囦欢锛歳es://data/definitions/ai_behavior/wander_behavior_data.gd.remap[39m[0m
[  98% ] [90m[1msavepack[22m | 淇濆瓨鏂囦欢锛歳es://data/definitions/animation/animation_data.gd.remap[39m[0m
[  98% ] [90m[1msavepack[22m | 淇濆瓨鏂囦欢锛歳es://data/definitions/bio_blitz/boss_data.gd.remap[39m[0m
[  98% ] [90m[1msavepack[22m | 淇濆瓨鏂囦欢锛歳es://data/definitions/bio_blitz/question_data.gd.remap[39m[0m
[  98% ] [90m[1msavepack[22m | 淇濆瓨鏂囦欢锛歳es://data/definitions/dialogue/dialogue_choice_data.gd.remap[39m[0m
[  98% ] [90m[1msavepack[22m | 淇濆瓨鏂囦欢锛歳es://data/definitions/dialogue/dialogue_condition_data.gd.remap[39m[0m
[  98% ] [90m[1msavepack[22m | 淇濆瓨鏂囦欢锛歳es://data/definitions/dialogue/dialogue_data.gd.remap[39m[0m
[  98% ] [90m[1msavepack[22m | 淇濆瓨鏂囦欢锛歳es://data/definitions/dialogue/dialogue_effect_data.gd.remap[39m[0m
[  98% ] [90m[1msavepack[22m | 淇濆瓨鏂囦欢锛歳es://data/definitions/dialogue/dialogue_line_data.gd.remap[39m[0m
[  98% ] [90m[1msavepack[22m | 淇濆瓨鏂囦欢锛歳es://data/definitions/inventory/item/equipment/armor_data.gd.remap[39m[0m
[  98% ] [90m[1msavepack[22m | 淇濆瓨鏂囦欢锛歳es://data/definitions/inventory/item/equipment/combo_attack_data.gd.remap[39m[0m
[  98% ] [90m[1msavepack[22m | 淇濆瓨鏂囦欢锛歳es://data/definitions/inventory/item/equipment/heavy_attack_data.gd.remap[39m[0m
[  98% ] [90m[1msavepack[22m | 淇濆瓨鏂囦欢锛歳es://data/definitions/inventory/item/equipment/special_equipment_data.gd.remap[39m[0m
[  98% ] [90m[1msavepack[22m | 淇濆瓨鏂囦欢锛歳es://data/definitions/inventory/item/equipment/weapon_data.gd.remap[39m[0m
[  98% ] [90m[1msavepack[22m | 淇濆瓨鏂囦欢锛歳es://data/definitions/inventory/inventory_data.gd.remap[39m[0m
[  98% ] [90m[1msavepack[22m | 淇濆瓨鏂囦欢锛歳es://data/definitions/inventory/item_data.gd.remap[39m[0m
[  98% ] [90m[1msavepack[22m | 淇濆瓨鏂囦欢锛歳es://data/definitions/item/item_effect_data.gd.remap[39m[0m
[  98% ] [90m[1msavepack[22m | 淇濆瓨鏂囦欢锛歳es://data/definitions/quest/objective_data.gd.remap[39m[0m
[  98% ] [90m[1msavepack[22m | 淇濆瓨鏂囦欢锛歳es://data/definitions/quest/quest_data.gd.remap[39m[0m
[  98% ] [90m[1msavepack[22m | 淇濆瓨鏂囦欢锛歳es://data/definitions/system/engine_data.gd.remap[39m[0m
[  98% ] [90m[1msavepack[22m | 淇濆瓨鏂囦欢锛歳es://data/definitions/system/game_save_data.gd.remap[39m[0m
[  98% ] [90m[1msavepack[22m | 淇濆瓨鏂囦欢锛歳es://data/definitions/system/game_scene_data.gd.remap[39m[0m
[  98% ] [90m[1msavepack[22m | 淇濆瓨鏂囦欢锛歳es://data/definitions/system/map_data.gd.remap[39m[0m
[  98% ] [90m[1msavepack[22m | 淇濆瓨鏂囦欢锛歳es://data/definitions/system/player_data_global.gd.remap[39m[0m
[  98% ] [90m[1msavepack[22m | 淇濆瓨鏂囦欢锛歳es://data/definitions/system/player_spawn_data.gd.remap[39m[0m
[  98% ] [90m[1msavepack[22m | 淇濆瓨鏂囦欢锛歳es://data/definitions/system/scene_sequence_data.gd.remap[39m[0m
[  98% ] [90m[1msavepack[22m | 淇濆瓨鏂囦欢锛歳es://data/definitions/system/scene_transition_data.gd.remap[39m[0m
[  98% ] [90m[1msavepack[22m | 淇濆瓨鏂囦欢锛歳es://data/definitions/system/spawnable_entity_data.gd.remap[39m[0m
[  98% ] [90m[1msavepack[22m | 淇濆瓨鏂囦欢锛歳es://data/definitions/system/world_data.gd.remap[39m[0m
[  98% ] [90m[1msavepack[22m | 淇濆瓨鏂囦欢锛歳es://data/definitions/system/world_generating_settings.gd.remap[39m[0m
[  98% ] [90m[1msavepack[22m | 淇濆瓨鏂囦欢锛歳es://data/definitions/vehicle/vehicle_data.gd.remap[39m[0m
[  98% ] [90m[1msavepack[22m | 淇濆瓨鏂囦欢锛歳es://data/definitions/vehicle/vehicle_skill_data.gd.remap[39m[0m
[  98% ] [90m[1msavepack[22m | 淇濆瓨鏂囦欢锛歳es://data/dialogue/sample_intro.tres.remap[39m[0m
[  98% ] [90m[1msavepack[22m | 淇濆瓨鏂囦欢锛歳es://data/dialogue/sample_more.tres.remap[39m[0m
[  98% ] [90m[1msavepack[22m | 淇濆瓨鏂囦欢锛歳es://data/dialogue/tts_demo.tres.remap[39m[0m
[  98% ] [90m[1msavepack[22m | 淇濆瓨鏂囦欢锛歳es://data/game_scenes/default_game_scene.tres.remap[39m[0m
[  98% ] [90m[1msavepack[22m | 淇濆瓨鏂囦欢锛歳es://data/game_scenes/example_scene_with_entities.tres.remap[39m[0m
[  98% ] [90m[1msavepack[22m | 淇濆瓨鏂囦欢锛歳es://data/game_scenes/prologue_scene_01.tres.remap[39m[0m
[  98% ] [90m[1msavepack[22m | 淇濆瓨鏂囦欢锛歳es://data/game_scenes/prologue_scene_02.tres.remap[39m[0m
[  98% ] [90m[1msavepack[22m | 淇濆瓨鏂囦欢锛歳es://data/inventory/player_armor_inventory.tres.remap[39m[0m
[  98% ] [90m[1msavepack[22m | 淇濆瓨鏂囦欢锛歳es://data/inventory/player_comsumable_inventory.tres.remap[39m[0m
[  98% ] [90m[1msavepack[22m | 淇濆瓨鏂囦欢锛歳es://data/inventory/player_key_item_inventory.tres.remap[39m[0m
[  98% ] [90m[1msavepack[22m | 淇濆瓨鏂囦欢锛歳es://data/inventory/player_weapon_inventory.tres.remap[39m[0m
[  98% ] [90m[1msavepack[22m | 淇濆瓨鏂囦欢锛歳es://data/items/health_potion.tres.remap[39m[0m
[  98% ] [90m[1msavepack[22m | 淇濆瓨鏂囦欢锛歳es://data/items/light_machine_gun_item.tres.remap[39m[0m
[  98% ] [90m[1msavepack[22m | 淇濆瓨鏂囦欢锛歳es://data/maps/prologue_map_01.tres.remap[39m[0m
[  98% ] [90m[1msavepack[22m | 淇濆瓨鏂囦欢锛歳es://data/maps/prologue_map_02.tres.remap[39m[0m
[  98% ] [90m[1msavepack[22m | 淇濆瓨鏂囦欢锛歳es://data/questions/bio_blitz_demo/boss_data/head_cutter/animations/goblin_idle_down.tres.remap[39m[0m
[  98% ] [90m[1msavepack[22m | 淇濆瓨鏂囦欢锛歳es://data/questions/bio_blitz_demo/boss_data/head_cutter/animations/goblin_idle_left.tres.remap[39m[0m
[  98% ] [90m[1msavepack[22m | 淇濆瓨鏂囦欢锛歳es://data/questions/bio_blitz_demo/boss_data/head_cutter/animations/goblin_idle_right.tres.remap[39m[0m
[  98% ] [90m[1msavepack[22m | 淇濆瓨鏂囦欢锛歳es://data/questions/bio_blitz_demo/boss_data/head_cutter/animations/goblin_idle_up.tres.remap[39m[0m
[  98% ] [90m[1msavepack[22m | 淇濆瓨鏂囦欢锛歳es://data/questions/bio_blitz_demo/boss_data/head_cutter/animations/goblin_walk_down.tres.remap[39m[0m
[  98% ] [90m[1msavepack[22m | 淇濆瓨鏂囦欢锛歳es://data/questions/bio_blitz_demo/boss_data/head_cutter/animations/goblin_walk_left.tres.remap[39m[0m
[  98% ] [90m[1msavepack[22m | 淇濆瓨鏂囦欢锛歳es://data/questions/bio_blitz_demo/boss_data/head_cutter/animations/goblin_walk_right.tres.remap[39m[0m
[  98% ] [90m[1msavepack[22m | 淇濆瓨鏂囦欢锛歳es://data/questions/bio_blitz_demo/boss_data/head_cutter/animations/goblin_walk_up.tres.remap[39m[0m
[  98% ] [90m[1msavepack[22m | 淇濆瓨鏂囦欢锛歳es://data/questions/bio_blitz_demo/boss_data/head_cutter/goblin_data.tres.remap[39m[0m
[  98% ] [90m[1msavepack[22m | 淇濆瓨鏂囦欢锛歳es://data/questions/bio_blitz_demo/boss_data/boss_history.tres.remap[39m[0m
[  98% ] [90m[1msavepack[22m | 淇濆瓨鏂囦欢锛歳es://data/questions/bio_blitz_demo/boss_demo.tres.remap[39m[0m
[  98% ] [90m[1msavepack[22m | 淇濆瓨鏂囦欢锛歳es://data/questions/bio_blitz_demo/boss_respiration.tres.remap[39m[0m
[  98% ] [90m[1msavepack[22m | 淇濆瓨鏂囦欢锛歳es://data/questions/bio_blitz_demo/q1_mitochondria.tres.remap[39m[0m
[  98% ] [90m[1msavepack[22m | 淇濆瓨鏂囦欢锛歳es://data/questions/bio_blitz_demo/q2_osmosis.tres.remap[39m[0m
[  98% ] [90m[1msavepack[22m | 淇濆瓨鏂囦欢锛歳es://data/questions/bio_blitz_demo/q3_enzyme.tres.remap[39m[0m
[  98% ] [90m[1msavepack[22m | 淇濆瓨鏂囦欢锛歳es://data/sequences/prologue_sequence.tres.remap[39m[0m
[  98% ] [90m[1msavepack[22m | 淇濆瓨鏂囦欢锛歳es://data/vehicles/components/engines/default_tank_engine.tres.remap[39m[0m
[  98% ] [90m[1msavepack[22m | 淇濆瓨鏂囦欢锛歳es://data/vehicles/basic_tank_data.tres.remap[39m[0m
[  98% ] [90m[1msavepack[22m | 淇濆瓨鏂囦欢锛歳es://data/weapons/actor_weapons/enemy_weapons/enemy_gun.tres.remap[39m[0m
[  98% ] [90m[1msavepack[22m | 淇濆瓨鏂囦欢锛歳es://data/weapons/actor_weapons/enemy_weapons/enemy_gun_data.tres.remap[39m[0m
[  98% ] [90m[1msavepack[22m | 淇濆瓨鏂囦欢锛歳es://data/weapons/actor_weapons/enemy_weapons/enemy_gun_item.tres.remap[39m[0m
[  98% ] [90m[1msavepack[22m | 淇濆瓨鏂囦欢锛歳es://data/weapons/actor_weapons/enemy_weapons/enemy_weapon_test.tscn.remap[39m[0m
[  98% ] [90m[1msavepack[22m | 淇濆瓨鏂囦欢锛歳es://data/weapons/actor_weapons/player_weapons/combo_data/combo_stage_1.tres.remap[39m[0m
[  98% ] [90m[1msavepack[22m | 淇濆瓨鏂囦欢锛歳es://data/weapons/actor_weapons/player_weapons/combo_data/combo_stage_2.tres.remap[39m[0m
[  98% ] [90m[1msavepack[22m | 淇濆瓨鏂囦欢锛歳es://data/weapons/actor_weapons/player_weapons/combo_data/combo_stage_3.tres.remap[39m[0m
[  98% ] [90m[1msavepack[22m | 淇濆瓨鏂囦欢锛歳es://data/weapons/actor_weapons/player_weapons/combo_data/heavy_level_1.tres.remap[39m[0m
[  98% ] [90m[1msavepack[22m | 淇濆瓨鏂囦欢锛歳es://data/weapons/actor_weapons/player_weapons/combo_data/heavy_level_3.tres.remap[39m[0m
[  98% ] [90m[1msavepack[22m | 淇濆瓨鏂囦欢锛歳es://data/weapons/actor_weapons/player_weapons/combo_data/heavy_level_5.tres.remap[39m[0m
[  98% ] [90m[1msavepack[22m | 淇濆瓨鏂囦欢锛歳es://data/weapons/actor_weapons/player_weapons/light_machine_gun.tres.remap[39m[0m
[  98% ] [90m[1msavepack[22m | 淇濆瓨鏂囦欢锛歳es://data/weapons/actor_weapons/player_weapons/player_default_weapon.tres.remap[39m[0m
[  98% ] [90m[1msavepack[22m | 淇濆瓨鏂囦欢锛歳es://data/weapons/actor_weapons/player_weapons/player_weapon_test.tscn.remap[39m[0m
[  98% ] [90m[1msavepack[22m | 淇濆瓨鏂囦欢锛歳es://data/weapons/vehicle_weapons/main_weapons/heavy_cannon.tres.remap[39m[0m
[  98% ] [90m[1msavepack[22m | 淇濆瓨鏂囦欢锛歳es://data/weapons/vehicle_weapons/sub_weapons/light_machine_gun.tres.remap[39m[0m
[  98% ] [90m[1msavepack[22m | 淇濆瓨鏂囦欢锛歳es://features/actor/actor.gd.remap[39m[0m
[  98% ] [90m[1msavepack[22m | 淇濆瓨鏂囦欢锛歳es://features/actor/base_actor.tscn.remap[39m[0m
[  98% ] [90m[1msavepack[22m | 淇濆瓨鏂囦欢锛歳es://features/components/attribute_component/attribute_component.gd.remap[39m[0m
[  98% ] [90m[1msavepack[22m | 淇濆瓨鏂囦欢锛歳es://features/components/attribute_component/attribute_component.tscn.remap[39m[0m
[  98% ] [90m[1msavepack[22m | 淇濆瓨鏂囦欢锛歳es://features/components/attribute_component/health_component.gd.remap[39m[0m
[  98% ] [90m[1msavepack[22m | 淇濆瓨鏂囦欢锛歳es://features/components/attribute_component/health_component.tscn.remap[39m[0m
[  98% ] [90m[1msavepack[22m | 淇濆瓨鏂囦欢锛歳es://features/components/attribute_component/metabolism_component.gd.remap[39m[0m
[  98% ] [90m[1msavepack[22m | 淇濆瓨鏂囦欢锛歳es://features/components/attribute_component/metabolism_component.tscn.remap[39m[0m
[  98% ] [90m[1msavepack[22m | 淇濆瓨鏂囦欢锛歳es://features/components/attribute_component/speed_component.gd.gd.remap[39m[0m
[  98% ] [90m[1msavepack[22m | 淇濆瓨鏂囦欢锛歳es://features/components/attribute_component/speed_component.gd.tscn.remap[39m[0m
[  98% ] [90m[1msavepack[22m | 淇濆瓨鏂囦欢锛歳es://features/components/combat_component/actor_combat_component.gd.remap[39m[0m
[  98% ] [90m[1msavepack[22m | 淇濆瓨鏂囦欢锛歳es://features/components/combat_component/actor_combat_component.tscn.remap[39m[0m
[  98% ] [90m[1msavepack[22m | 淇濆瓨鏂囦欢锛歳es://features/components/combat_component/combo_system.gd.remap[39m[0m
[  98% ] [90m[1msavepack[22m | 淇濆瓨鏂囦欢锛歳es://features/components/combat_component/heavy_attack_system.gd.remap[39m[0m
[  98% ] [90m[1msavepack[22m | 淇濆瓨鏂囦欢锛歳es://features/components/combat_component/hit_damage_calculator.gd.remap[39m[0m
[  98% ] [90m[1msavepack[22m | 淇濆瓨鏂囦欢锛歳es://features/components/combat_component/vehicle_combat_component.gd.remap[39m[0m
[  98% ] [90m[1msavepack[22m | 淇濆瓨鏂囦欢锛歳es://features/components/combat_component/vehicle_combat_component.tscn.remap[39m[0m
[  98% ] [90m[1msavepack[22m | 淇濆瓨鏂囦欢锛歳es://features/components/dialogue/dialogue_component.gd.remap[39m[0m
[  98% ] [90m[1msavepack[22m | 淇濆瓨鏂囦欢锛歳es://features/components/interactable_component/interactable_component.gd.remap[39m[0m
[  98% ] [90m[1msavepack[22m | 淇濆瓨鏂囦欢锛歳es://features/components/inventory_component/inventory_component.gd.remap[39m[0m
[  98% ] [90m[1msavepack[22m | 淇濆瓨鏂囦欢锛歳es://features/components/inventory_component/inventory_component.tscn.remap[39m[0m
[  98% ] [90m[1msavepack[22m | 淇濆瓨鏂囦欢锛歳es://features/components/quest/quest_log_component.gd.remap[39m[0m
[  98% ] [90m[1msavepack[22m | 淇濆瓨鏂囦欢锛歳es://features/components/quest/quest_runtime_state.gd.remap[39m[0m
[  98% ] [90m[1msavepack[22m | 淇濆瓨鏂囦欢锛歳es://features/components/charge_component.gd.remap[39m[0m
[  98% ] [90m[1msavepack[22m | 淇濆瓨鏂囦欢锛歳es://features/components/charge_component.tscn.remap[39m[0m
[  98% ] [90m[1msavepack[22m | 淇濆瓨鏂囦欢锛歳es://features/components/damage_calculator.gd.remap[39m[0m
[  98% ] [90m[1msavepack[22m | 淇濆瓨鏂囦欢锛歳es://features/components/dodge_component.gd.remap[39m[0m
[  98% ] [90m[1msavepack[22m | 淇濆瓨鏂囦欢锛歳es://features/components/dodge_component.tscn.remap[39m[0m
[  98% ] [90m[1msavepack[22m | 淇濆瓨鏂囦欢锛歳es://features/components/toughness_component.gd.remap[39m[0m
[  98% ] [90m[1msavepack[22m | 淇濆瓨鏂囦欢锛歳es://features/components/toughness_component.tscn.remap[39m[0m
[  98% ] [90m[1msavepack[22m | 淇濆瓨鏂囦欢锛歳es://features/components/vehicle_stats_component.gd.remap[39m[0m
[  98% ] [90m[1msavepack[22m | 淇濆瓨鏂囦欢锛歳es://features/components/vehicle_stats_component.tscn.remap[39m[0m
[  98% ] [90m[1msavepack[22m | 淇濆瓨鏂囦欢锛歳es://features/components/weapon_component.gd.remap[39m[0m
[  98% ] [90m[1msavepack[22m | 淇濆瓨鏂囦欢锛歳es://features/components/weapon_component.tscn.remap[39m[0m
[  98% ] [90m[1msavepack[22m | 淇濆瓨鏂囦欢锛歳es://features/effects/background/cell_background.tscn.remap[39m[0m
[  98% ] [90m[1msavepack[22m | 淇濆瓨鏂囦欢锛歳es://features/effects/base_bullet.gd.remap[39m[0m
[  98% ] [90m[1msavepack[22m | 淇濆瓨鏂囦欢锛歳es://features/effects/base_bullet.tscn.remap[39m[0m
[  98% ] [90m[1msavepack[22m | 淇濆瓨鏂囦欢锛歳es://features/effects/base_weapon_effect.gd.remap[39m[0m
[  98% ] [90m[1msavepack[22m | 淇濆瓨鏂囦欢锛歳es://features/effects/base_weapon_effect.tscn.remap[39m[0m
[  98% ] [90m[1msavepack[22m | 淇濆瓨鏂囦欢锛歳es://features/effects/enemy_base_bullet.tscn.remap[39m[0m
[  98% ] [90m[1msavepack[22m | 淇濆瓨鏂囦欢锛歳es://features/enemy/boss.gd.remap[39m[0m
[  98% ] [90m[1msavepack[22m | 淇濆瓨鏂囦欢锛歳es://features/enemy/boss.tscn.remap[39m[0m
[  98% ] [90m[1msavepack[22m | 淇濆瓨鏂囦欢锛歳es://features/enemy/enemy.gd.remap[39m[0m
[  98% ] [90m[1msavepack[22m | 淇濆瓨鏂囦欢锛歳es://features/enemy/enemy.tscn.remap[39m[0m
[  98% ] [90m[1msavepack[22m | 淇濆瓨鏂囦欢锛歳es://features/interactive/molecule/molecule.gd.remap[39m[0m
[  98% ] [90m[1msavepack[22m | 淇濆瓨鏂囦欢锛歳es://features/interactive/molecule/molecule.tscn.remap[39m[0m
[  98% ] [90m[1msavepack[22m | 淇濆瓨鏂囦欢锛歳es://features/interactive/pickup/pickup.gd.remap[39m[0m
[  98% ] [90m[1msavepack[22m | 淇濆瓨鏂囦欢锛歳es://features/interactive/pickup/pickup.tscn.remap[39m[0m
[  98% ] [90m[1msavepack[22m | 淇濆瓨鏂囦欢锛歳es://features/interactive/gateway.gd.remap[39m[0m
[  98% ] [90m[1msavepack[22m | 淇濆瓨鏂囦欢锛歳es://features/interactive/gateway.tscn.remap[39m[0m
[  98% ] [90m[1msavepack[22m | 淇濆瓨鏂囦欢锛歳es://features/map/chunks/map_0_0.tscn.remap[39m[0m
[  98% ] [90m[1msavepack[22m | 淇濆瓨鏂囦欢锛歳es://features/map/tilesets/tileset.tres.remap[39m[0m
[  98% ] [90m[1msavepack[22m | 淇濆瓨鏂囦欢锛歳es://features/map/example_map_portal.gd.remap[39m[0m
[  98% ] [90m[1msavepack[22m | 淇濆瓨鏂囦欢锛歳es://features/player/player.gd.remap[39m[0m
[  98% ] [90m[1msavepack[22m | 淇濆瓨鏂囦欢锛歳es://features/player/player.tscn.remap[39m[0m
[  98% ] [90m[1msavepack[22m | 淇濆瓨鏂囦欢锛歳es://features/prologue/target_cell.gd.remap[39m[0m
[  98% ] [90m[1msavepack[22m | 淇濆瓨鏂囦欢锛歳es://features/prologue/target_cell.tscn.remap[39m[0m
[  98% ] [90m[1msavepack[22m | 淇濆瓨鏂囦欢锛歳es://features/vehicle/base_vehicle.gd.remap[39m[0m
[  98% ] [90m[1msavepack[22m | 淇濆瓨鏂囦欢锛歳es://features/vehicle/base_vehicle.tscn.remap[39m[0m
[  98% ] [90m[1msavepack[22m | 淇濆瓨鏂囦欢锛歳es://scenes/blitz_battle/bio_blitz_battle.tscn.remap[39m[0m
[  98% ] [90m[1msavepack[22m | 淇濆瓨鏂囦欢锛歳es://scenes/blitz_battle/bio_blitz_manager.gd.remap[39m[0m
[  98% ] [90m[1msavepack[22m | 淇濆瓨鏂囦欢锛歳es://scenes/blitz_battle/bio_blitz_selection.gd.remap[39m[0m
[  98% ] [90m[1msavepack[22m | 淇濆瓨鏂囦欢锛歳es://scenes/blitz_battle/bio_blitz_selection.tscn.remap[39m[0m
[  98% ] [90m[1msavepack[22m | 淇濆瓨鏂囦欢锛歳es://scenes/story/opening/opening_animation.gd.remap[39m[0m
[  98% ] [90m[1msavepack[22m | 淇濆瓨鏂囦欢锛歳es://scenes/story/opening/opening_animation.tscn.remap[39m[0m
[  98% ] [90m[1msavepack[22m | 淇濆瓨鏂囦欢锛歳es://scenes/story/prologue/prologue_game.tscn.remap[39m[0m
[  98% ] [90m[1msavepack[22m | 淇濆瓨鏂囦欢锛歳es://scenes/story/prologue/prologue_scene_01.gd.remap[39m[0m
[  98% ] [90m[1msavepack[22m | 淇濆瓨鏂囦欢锛歳es://scenes/story/prologue/prologue_scene_01.tscn.remap[39m[0m
[  98% ] [90m[1msavepack[22m | 淇濆瓨鏂囦欢锛歳es://scenes/story/prologue/prologue_scene_02.gd.remap[39m[0m
[  98% ] [90m[1msavepack[22m | 淇濆瓨鏂囦欢锛歳es://scenes/story/prologue/prologue_scene_02.tscn.remap[39m[0m
[  98% ] [90m[1msavepack[22m | 淇濆瓨鏂囦欢锛歳es://scenes/game_scene.gd.remap[39m[0m
[  98% ] [90m[1msavepack[22m | 淇濆瓨鏂囦欢锛歳es://scenes/game_scene.tscn.remap[39m[0m
[  98% ] [90m[1msavepack[22m | 淇濆瓨鏂囦欢锛歳es://scenes/main.tscn.remap[39m[0m
[  98% ] [90m[1msavepack[22m | 淇濆瓨鏂囦欢锛歳es://systems/eca/actions/action_show_dialog.gd.remap[39m[0m
[  98% ] [90m[1msavepack[22m | 淇濆瓨鏂囦欢锛歳es://systems/eca/actions/action_spawn_actor.gd.remap[39m[0m
[  98% ] [90m[1msavepack[22m | 淇濆瓨鏂囦欢锛歳es://systems/eca/conditions/condition_has_item.gd.remap[39m[0m
[  98% ] [90m[1msavepack[22m | 淇濆瓨鏂囦欢锛歳es://systems/eca/game_action.gd.remap[39m[0m
[  98% ] [90m[1msavepack[22m | 淇濆瓨鏂囦欢锛歳es://systems/eca/game_condition.gd.remap[39m[0m
[  98% ] [90m[1msavepack[22m | 淇濆瓨鏂囦欢锛歳es://systems/eca/game_event_data.gd.remap[39m[0m
[  98% ] [90m[1msavepack[22m | 淇濆瓨鏂囦欢锛歳es://systems/audio_manager.gd.remap[39m[0m
[  98% ] [90m[1msavepack[22m | 淇濆瓨鏂囦欢锛歳es://systems/dialogue_manager.gd.remap[39m[0m
[  98% ] [90m[1msavepack[22m | 淇濆瓨鏂囦欢锛歳es://systems/event_bus.gd.remap[39m[0m
[  98% ] [90m[1msavepack[22m | 淇濆瓨鏂囦欢锛歳es://systems/game_logger.gd.remap[39m[0m
[  98% ] [90m[1msavepack[22m | 淇濆瓨鏂囦欢锛歳es://systems/game_properties.gd.remap[39m[0m
[  98% ] [90m[1msavepack[22m | 淇濆瓨鏂囦欢锛歳es://systems/item_use_service.gd.remap[39m[0m
[  98% ] [90m[1msavepack[22m | 淇濆瓨鏂囦欢锛歳es://systems/main_game_manager.gd.remap[39m[0m
[  98% ] [90m[1msavepack[22m | 淇濆瓨鏂囦欢锛歳es://systems/map_manager.gd.remap[39m[0m
[  98% ] [90m[1msavepack[22m | 淇濆瓨鏂囦欢锛歳es://systems/quest_manager.gd.remap[39m[0m
[  98% ] [90m[1msavepack[22m | 淇濆瓨鏂囦欢锛歳es://systems/save_manager.gd.remap[39m[0m
[  98% ] [90m[1msavepack[22m | 淇濆瓨鏂囦欢锛歳es://systems/scene_manager.gd.remap[39m[0m
[  98% ] [90m[1msavepack[22m | 淇濆瓨鏂囦欢锛歳es://systems/scene_paths.gd.remap[39m[0m
[  98% ] [90m[1msavepack[22m | 淇濆瓨鏂囦欢锛歳es://systems/tts_manager.gd.remap[39m[0m
[  98% ] [90m[1msavepack[22m | 淇濆瓨鏂囦欢锛歳es://tests/dialogue_test.gd.remap[39m[0m
[  98% ] [90m[1msavepack[22m | 淇濆瓨鏂囦欢锛歳es://tests/dialogue_test.tscn.remap[39m[0m
[  98% ] [90m[1msavepack[22m | 淇濆瓨鏂囦欢锛歳es://tests/map_switching_test.gd.remap[39m[0m
[  98% ] [90m[1msavepack[22m | 淇濆瓨鏂囦欢锛歳es://tests/map_switching_test.tscn.remap[39m[0m
[  98% ] [90m[1msavepack[22m | 淇濆瓨鏂囦欢锛歳es://tests/quest_test.gd.remap[39m[0m
[  98% ] [90m[1msavepack[22m | 淇濆瓨鏂囦欢锛歳es://tests/test_eca_system.gd.remap[39m[0m
[  98% ] [90m[1msavepack[22m | 淇濆瓨鏂囦欢锛歳es://tests/test_eca_system.tscn.remap[39m[0m
[  98% ] [90m[1msavepack[22m | 淇濆瓨鏂囦欢锛歳es://tests/test_game_scene_loading.gd.remap[39m[0m
[  98% ] [90m[1msavepack[22m | 淇濆瓨鏂囦欢锛歳es://tests/test_tts.gd.remap[39m[0m
[  98% ] [90m[1msavepack[22m | 淇濆瓨鏂囦欢锛歳es://ui/backpack/backpack_ui.gd.remap[39m[0m
[  98% ] [90m[1msavepack[22m | 淇濆瓨鏂囦欢锛歳es://ui/backpack/backpack_ui.tscn.remap[39m[0m
[  98% ] [90m[1msavepack[22m | 淇濆瓨鏂囦欢锛歳es://ui/backpack/item_slot.gd.remap[39m[0m
[  98% ] [90m[1msavepack[22m | 淇濆瓨鏂囦欢锛歳es://ui/backpack/item_slot.tscn.remap[39m[0m
[  98% ] [90m[1msavepack[22m | 淇濆瓨鏂囦欢锛歳es://ui/character_creation/character_creation.gd.remap[39m[0m
[  98% ] [90m[1msavepack[22m | 淇濆瓨鏂囦欢锛歳es://ui/character_creation/character_creation.tscn.remap[39m[0m
[  98% ] [90m[1msavepack[22m | 淇濆瓨鏂囦欢锛歳es://ui/dialogue/dialogue_panel.gd.remap[39m[0m
[  98% ] [90m[1msavepack[22m | 淇濆瓨鏂囦欢锛歳es://ui/dialogue/dialogue_panel.tscn.remap[39m[0m
[  98% ] [90m[1msavepack[22m | 淇濆瓨鏂囦欢锛歳es://ui/hud/charge_display.gd.remap[39m[0m
[  98% ] [90m[1msavepack[22m | 淇濆瓨鏂囦欢锛歳es://ui/hud/charge_display.tscn.remap[39m[0m
[  98% ] [90m[1msavepack[22m | 淇濆瓨鏂囦欢锛歳es://ui/hud/hud.gd.remap[39m[0m
[  98% ] [90m[1msavepack[22m | 淇濆瓨鏂囦欢锛歳es://ui/hud/hud.tscn.remap[39m[0m
[  98% ] [90m[1msavepack[22m | 淇濆瓨鏂囦欢锛歳es://ui/loading_screen/loading_screen.gd.remap[39m[0m
[  98% ] [90m[1msavepack[22m | 淇濆瓨鏂囦欢锛歳es://ui/loading_screen/loading_screen.tscn.remap[39m[0m
[  98% ] [90m[1msavepack[22m | 淇濆瓨鏂囦欢锛歳es://ui/load_game/load_game_menu.gd.remap[39m[0m
[  98% ] [90m[1msavepack[22m | 淇濆瓨鏂囦欢锛歳es://ui/load_game/load_game_menu.tscn.remap[39m[0m
[  98% ] [90m[1msavepack[22m | 淇濆瓨鏂囦欢锛歳es://ui/main_menu/main_menu.gd.remap[39m[0m
[  98% ] [90m[1msavepack[22m | 淇濆瓨鏂囦欢锛歳es://ui/main_menu/main_menu.tscn.remap[39m[0m
[  98% ] [90m[1msavepack[22m | 淇濆瓨鏂囦欢锛歳es://ui/main_menu/new_game_settings.gd.remap[39m[0m
[  98% ] [90m[1msavepack[22m | 淇濆瓨鏂囦欢锛歳es://ui/main_menu/new_game_settings.tscn.remap[39m[0m
[  98% ] [90m[1msavepack[22m | 淇濆瓨鏂囦欢锛歳es://ui/prologue/prologue_ui.gd.remap[39m[0m
[  98% ] [90m[1msavepack[22m | 淇濆瓨鏂囦欢锛歳es://ui/prologue/prologue_ui.tscn.remap[39m[0m
[  98% ] [90m[1msavepack[22m | 淇濆瓨鏂囦欢锛歳es://ui/system_menu/charactor_menu.gd.remap[39m[0m
[  98% ] [90m[1msavepack[22m | 淇濆瓨鏂囦欢锛歳es://ui/system_menu/charactor_menu.tscn.remap[39m[0m
[  98% ] [90m[1msavepack[22m | 淇濆瓨鏂囦欢锛歳es://ui/system_menu/equipment_ui.gd.remap[39m[0m
[  98% ] [90m[1msavepack[22m | 淇濆瓨鏂囦欢锛歳es://ui/system_menu/equipment_ui.tscn.remap[39m[0m
[  98% ] [90m[1msavepack[22m | 淇濆瓨鏂囦欢锛歳es://ui/system_menu/inventory_ui.gd.remap[39m[0m
[  98% ] [90m[1msavepack[22m | 淇濆瓨鏂囦欢锛歳es://ui/system_menu/inventory_ui.tscn.remap[39m[0m
[  98% ] [90m[1msavepack[22m | 淇濆瓨鏂囦欢锛歳es://ui/system_menu/item_slot.gd.remap[39m[0m
[  98% ] [90m[1msavepack[22m | 淇濆瓨鏂囦欢锛歳es://ui/system_menu/item_slot.tscn.remap[39m[0m
[  98% ] [90m[1msavepack[22m | 淇濆瓨鏂囦欢锛歳es://ui/system_menu/system_menu.gd.remap[39m[0m
[  98% ] [90m[1msavepack[22m | 淇濆瓨鏂囦欢锛歳es://ui/system_menu/system_menu.tscn.remap[39m[0m
[  98% ] [90m[1msavepack[22m | 淇濆瓨鏂囦欢锛歳es://world/game_world.gd.remap[39m[0m
[  98% ] [90m[1msavepack[22m | 淇濆瓨鏂囦欢锛歳es://world/game_world.tscn.remap[39m[0m
[  98% ] [90m[1msavepack[22m | 淇濆瓨鏂囦欢锛歳es://default_bus_layout.tres.remap[39m[0m
[  98% ] [90m[1msavepack[22m | 淇濆瓨鏂囦欢锛歳es://.godot/global_script_class_cache.cfg[39m[0m
[  98% ] [90m[1msavepack[22m | 淇濆瓨鏂囦欢锛歳es://.godot/uid_cache.bin[39m[0m
[  98% ] [90m[1msavepack[22m | 淇濆瓨鏂囦欢锛歳es://project.binary[39m[0m
[92m[ DONE ][39m [1msavepack[22m
[0m
Script docs haven't been properly loaded or regenerated, so don't save them to disk.
EditorSettings: Save OK!
XR: Clearing primary interface
XR: Removed interface "Native mobile"
XR: Removed interface "OpenXR"
WARNING: ObjectDB instances leaked at exit (run with --verbose for details).
   at: cleanup (core/object/object.cpp:2514)
Leaked instance: GDScriptNativeClass:9223372052138820463
Leaked instance: GDScript:9223374316039653411 - Resource path: res://data/definitions/quest/objective_data.gd
Hint: Leaked instances typically happen when nodes are removed from the scene tree (with `remove_child()`) but not freed (with `free()` or `queue_free()`).
ERROR: 1 resources still in use at exit.
   at: clear (core/io/resource.cpp:790)
Resource still in use: res://data/definitions/quest/objective_data.gd (GDScript)
Orphan StringName: ObjectiveData.ObjectiveType (static: 0, total: 2)
Orphan StringName: Vector2 (static: 0, total: 1)
Orphan StringName: Vector3 (static: 0, total: 1)
Orphan StringName: Vector4 (static: 0, total: 1)
Orphan StringName: PackedVector4Array (static: 0, total: 1)
Orphan StringName: RID (static: 0, total: 1)
Orphan StringName: Color (static: 3, total: 4)
Orphan StringName: PackedByteArray (static: 0, total: 1)
Orphan StringName: params (static: 0, total: 4)
Orphan StringName: Vector2i (static: 0, total: 1)
Orphan StringName: Callable (static: 0, total: 1)
Orphan StringName: Vector3i (static: 0, total: 1)
Orphan StringName: Vector4i (static: 0, total: 1)
Orphan StringName: optional (static: 0, total: 5)
Orphan StringName: PackedStringArray (static: 0, total: 1)
Orphan StringName: Resource (static: 3, total: 6)
Orphan StringName: policy (static: 0, total: 5)
Orphan StringName: ObjectiveData.CompletionPolicy (static: 0, total: 2)
Orphan StringName: CompletionPolicy (static: 0, total: 1)
Orphan StringName: Basis (static: 0, total: 1)
Orphan StringName: int (static: 1, total: 2)
Orphan StringName: PackedFloat32Array (static: 0, total: 1)
Orphan StringName: track_via_event (static: 0, total: 5)
Orphan StringName: Plane (static: 0, total: 1)
Orphan StringName: PackedFloat64Array (static: 0, total: 1)
Orphan StringName: NodePath (static: 1, total: 2)
Orphan StringName: Signal (static: 0, total: 1)
Orphan StringName: StringName (static: 0, total: 1)
Orphan StringName: String (static: 0, total: 1)
Orphan StringName: Transform2D (static: 0, total: 1)
Orphan StringName: Transform3D (static: 0, total: 1)
Orphan StringName: Array (static: 0, total: 1)
Orphan StringName: Quaternion (static: 0, total: 1)
Orphan StringName: bool (static: 1, total: 2)
Orphan StringName: PackedColorArray (static: 0, total: 1)
Orphan StringName: Node (static: 11, total: 12)
Orphan StringName: type (static: 0, total: 5)
Orphan StringName: ObjectiveData (static: 0, total: 3)
Orphan StringName: PackedVector2Array (static: 0, total: 1)
Orphan StringName: target_count (static: 0, total: 5)
Orphan StringName: Object (static: 5, total: 6)
Orphan StringName: AABB (static: 0, total: 1)
Orphan StringName: is_leaf (static: 0, total: 1)
Orphan StringName: float (static: 1, total: 2)
Orphan StringName: Dictionary (static: 0, total: 1)
Orphan StringName: sub_objectives (static: 0, total: 4)
Orphan StringName: Projection (static: 0, total: 1)
Orphan StringName: ObjectiveType (static: 0, total: 1)
Orphan StringName: Rect2 (static: 0, total: 1)
Orphan StringName: PackedVector3Array (static: 0, total: 1)
Orphan StringName: PackedInt32Array (static: 0, total: 1)
Orphan StringName: Rect2i (static: 0, total: 1)
Orphan StringName: PackedInt64Array (static: 0, total: 1)
StringName: 53 unclaimed string names at exit.
